C¢d. Cir.;C¢d. Con.;Concello;Mesa;Censo;Certif. Alta;Certif. Correc.;Censo Total;Votos electores;Votos interventores;Votos Totais;Votos nulos;Votos brancos;PODEMOS-ESQUERDA UNIDA-ANOVA;PUM+J;VOX;C 21;PCTG;B.N.G.;PSdeG-PSOE;EQUO;mg;RECORTES CERO-ESCO-OV-M;PP;Cs;PACMA
27;18;A Fonsagrada;1-001 -A;230;0;0;230;127;0;127;3;2;0;1;0;0;0;17;36;0;0;0;68;0;0
27;18;A Fonsagrada;1-001 -B;278;0;0;278;158;0;158;1;2;2;0;1;0;0;19;47;0;0;0;86;0;0
27;18;A Fonsagrada;1-001 -C;652;0;0;652;453;0;453;3;4;7;0;3;0;0;96;153;0;0;0;185;2;0
27;18;A Fonsagrada;1-001 -D;585;0;0;585;398;0;398;7;3;5;0;1;0;0;75;147;1;0;0;155;2;2
27;18;A Fonsagrada;2-001 -A;200;0;0;200;134;0;134;0;3;4;0;3;0;0;18;41;0;0;0;65;0;0
27;18;A Fonsagrada;2-001 -B;305;0;0;305;158;0;158;2;3;3;0;3;0;0;35;56;0;0;0;55;1;0
27;18;A Fonsagrada;2-001 -C;246;0;0;246;160;0;160;1;0;2;0;6;0;0;14;47;0;0;0;89;1;0
27;18;A Fonsagrada;3-001 -A;236;0;0;236;130;0;130;0;0;0;0;3;0;0;9;46;1;0;0;71;0;0
27;18;A Fonsagrada;3-001 -B;414;0;0;414;230;0;230;1;2;2;1;1;0;0;29;100;0;0;0;94;0;0
27;44;A Pastoriza;1-001 -A;429;0;0;429;274;0;274;5;1;6;0;6;0;0;72;35;0;2;0;146;0;1
27;44;A Pastoriza;1-001 -B;654;0;0;654;345;0;345;2;1;1;0;7;0;0;85;33;0;1;0;215;0;0
27;44;A Pastoriza;1-002 -A;449;0;0;449;258;0;258;7;4;4;0;2;0;0;45;57;0;0;1;136;0;2
27;44;A Pastoriza;1-002 -B;380;0;0;380;166;0;166;1;0;1;0;3;0;0;39;26;0;0;0;95;0;1
27;44;A Pastoriza;1-003 -A;375;0;0;375;218;0;218;2;1;0;0;3;0;0;48;29;0;0;0;135;0;0
27;44;A Pastoriza;1-003 -B;380;0;0;380;208;0;208;3;4;3;3;7;0;0;56;23;0;0;0;109;0;0
27;47;A Pobra do Broll¢n;1-001 -A;443;0;0;443;278;0;278;3;3;6;0;2;0;0;83;47;0;2;0;130;1;1
27;47;A Pobra do Broll¢n;1-001 -B;229;0;0;229;135;0;135;2;0;5;0;2;0;0;46;13;0;0;0;66;1;0
27;47;A Pobra do Broll¢n;1-002 -A;351;0;0;351;215;0;215;1;1;3;0;4;0;0;63;37;0;1;0;104;0;1
27;47;A Pobra do Broll¢n;1-002 -B;200;0;0;200;106;0;106;0;0;0;0;1;0;0;28;22;1;0;0;52;1;1
27;47;A Pobra do Broll¢n;1-002 -C;259;1;0;260;150;0;150;2;1;4;0;3;0;0;41;26;0;0;0;72;1;0
27;48;A Pontenova;1-001 -A;506;0;0;506;325;1;326;9;6;4;0;7;0;0;47;104;0;0;0;149;0;0
27;48;A Pontenova;1-001 -B;629;0;0;629;395;1;396;7;8;12;0;8;0;0;63;116;0;1;0;177;1;3
27;48;A Pontenova;1-001 -C;236;0;0;236;158;1;159;1;1;0;0;0;0;0;18;60;0;0;0;79;0;0
27;48;A Pontenova;1-002 -A;377;0;0;377;230;0;230;6;2;1;1;5;0;0;20;89;0;0;0;104;1;1
27;48;A Pontenova;1-002 -B;217;0;0;217;141;1;142;2;2;6;0;3;0;0;5;39;0;0;0;85;0;0
27;1;Abad¡n;1-001 -U;671;0;0;671;377;0;377;4;8;5;0;15;0;0;48;38;0;1;0;256;2;0
27;1;Abad¡n;1-002 -U;562;0;0;562;269;0;269;4;1;4;0;5;0;0;48;35;0;0;0;172;0;0
27;1;Abad¡n;1-003 -A;390;0;0;390;182;0;182;1;2;1;0;5;0;0;17;18;0;0;0;138;0;0
27;1;Abad¡n;1-003 -B;525;0;0;525;296;0;296;11;4;6;0;8;0;0;27;40;0;0;0;199;1;0
27;2;Alfoz;1-001 -U;662;0;0;662;400;0;400;10;5;3;0;5;0;0;91;83;0;2;1;200;0;0
27;2;Alfoz;1-002 -A;429;0;0;429;240;0;240;3;2;1;0;5;0;0;45;41;0;2;0;141;0;0
27;2;Alfoz;1-002 -B;424;0;0;424;245;0;245;6;2;5;2;2;0;0;39;80;0;0;1;107;1;0
27;3;Antas de Ulla;1-001 -U;560;0;0;560;392;0;392;11;2;9;0;6;0;0;74;60;2;0;0;226;0;2
27;3;Antas de Ulla;1-002 -U;543;0;0;543;321;0;321;2;1;9;0;9;0;0;37;35;0;0;0;226;0;2
27;3;Antas de Ulla;1-003 -A;208;0;0;208;139;0;139;5;3;1;0;3;0;0;18;18;0;1;0;90;0;0
27;3;Antas de Ulla;1-003 -B;416;0;0;416;251;0;251;1;3;0;0;2;1;0;36;35;0;0;0;172;1;0
27;37;As Nogais;1-001 -A;458;0;0;458;317;0;317;2;0;3;0;6;0;1;27;56;0;1;0;220;1;0
27;37;As Nogais;1-001 -B;514;0;0;514;363;0;363;5;3;5;0;3;0;0;26;72;0;1;0;247;0;1
27;4;Baleira;1-001 -A;497;0;0;497;287;0;287;3;0;2;0;3;0;0;47;55;0;0;0;177;0;0
27;4;Baleira;1-001 -B;233;0;0;233;121;1;122;0;1;2;0;7;0;0;11;31;0;0;0;70;0;0
27;4;Baleira;1-001 -C;398;0;0;398;216;0;216;6;1;2;0;7;0;0;14;24;0;0;0;162;0;0
27;901;Baralla;1-001 -A;443;0;0;443;278;0;278;4;2;6;0;5;0;0;20;37;0;0;1;202;0;1
27;901;Baralla;1-001 -B;487;0;0;487;330;0;330;2;6;11;0;4;0;0;34;49;0;1;0;223;0;0
27;901;Baralla;1-001 -C;247;0;0;247;170;0;170;2;2;1;0;1;0;0;7;19;0;0;0;138;0;0
27;901;Baralla;1-001 -D;252;0;0;252;156;0;156;6;1;2;0;2;0;0;18;21;0;0;0;106;0;0
27;901;Baralla;1-002 -A;429;0;0;429;271;0;271;0;3;5;0;3;0;0;29;29;0;0;0;202;0;0
27;901;Baralla;1-002 -B;361;0;0;361;243;0;243;0;2;3;0;2;0;0;26;24;0;0;0;185;1;0
27;5;Barreiros;1-001 -A;586;0;0;586;355;1;356;6;3;4;0;9;0;1;118;20;0;1;0;190;2;2
27;5;Barreiros;1-001 -B;624;0;0;624;388;0;388;6;1;10;1;8;0;0;140;29;0;0;0;193;0;0
27;5;Barreiros;1-002 -U;701;0;0;701;421;0;421;9;8;8;0;6;0;0;136;36;0;2;0;214;0;2
27;5;Barreiros;1-003 -A;330;0;0;330;178;0;178;2;0;2;0;1;0;1;56;26;0;0;0;89;0;1
27;5;Barreiros;1-003 -B;303;0;0;303;159;1;160;0;1;1;0;3;0;0;44;20;0;0;0;91;0;0
27;6;Becerre ;1-001 -A;580;0;0;580;345;0;345;10;1;4;0;7;0;0;41;45;0;0;1;233;1;2
27;6;Becerre ;1-001 -B;530;0;0;530;305;0;305;3;3;2;0;10;0;0;57;38;0;2;1;185;1;3
27;6;Becerre ;1-002 -A;318;0;0;318;180;1;181;1;5;1;0;6;0;0;22;37;0;0;0;109;0;0
27;6;Becerre ;1-002 -B;377;0;0;377;164;1;165;3;2;7;0;9;0;0;39;21;0;0;0;82;1;1
27;6;Becerre ;1-003 -A;378;0;0;378;222;1;223;2;0;3;0;6;0;0;37;24;0;2;3;144;1;1
27;6;Becerre ;1-003 -B;238;0;0;238;124;0;124;3;0;0;0;1;0;0;19;22;0;0;0;79;0;0
27;7;Begonte;1-001 -A;644;0;0;644;430;0;430;7;6;7;0;7;0;0;56;47;1;0;0;297;1;1
27;7;Begonte;1-001 -B;445;0;0;445;318;0;318;5;2;4;0;9;0;0;40;33;1;0;0;224;0;0
27;7;Begonte;1-002 -A;484;0;0;484;360;0;360;4;3;8;0;8;0;0;51;42;0;1;0;242;0;1
27;7;Begonte;1-002 -B;437;0;0;437;328;0;328;7;3;0;0;7;0;0;38;49;0;0;0;224;0;0
27;7;Begonte;1-003 -A;347;0;0;347;226;0;226;2;3;4;0;3;0;0;30;27;0;0;0;157;0;0
27;7;Begonte;1-003 -B;341;0;0;341;233;0;233;6;4;1;0;4;0;0;25;20;0;0;0;173;0;0
27;8;B¢veda;1-001 -U;711;0;0;711;418;0;418;5;3;7;0;8;0;1;66;91;0;0;0;235;1;1
27;8;B¢veda;1-002 -U;597;0;0;597;443;0;443;8;6;8;1;9;0;0;61;62;0;0;0;287;1;0
27;902;Burela;1-001 -A;706;0;0;706;321;1;322;2;3;14;0;5;0;0;123;49;0;4;1;120;0;1
27;902;Burela;1-001 -B;646;0;0;646;305;0;305;4;4;6;0;6;0;0;106;44;0;0;0;132;3;0
27;902;Burela;1-002 -U;878;0;0;878;455;1;456;9;3;9;0;3;0;0;146;72;0;0;0;205;4;5
27;902;Burela;1-003 -A;662;0;0;662;350;1;351;6;2;9;0;6;0;0;99;36;0;2;0;188;1;2
27;902;Burela;1-003 -B;658;0;0;658;360;0;360;4;1;8;0;9;0;0;92;38;0;2;0;204;0;2
27;902;Burela;1-004 -A;763;0;0;763;388;1;389;4;2;11;0;5;0;0;148;51;0;0;0;165;0;3
27;902;Burela;1-004 -B;654;0;0;654;359;1;360;6;3;13;0;3;0;0;123;49;0;1;0;160;0;2
27;902;Burela;1-005 -U;614;0;0;614;331;1;332;6;2;12;0;4;0;1;113;53;1;6;0;129;4;1
27;902;Burela;1-006 -A;772;0;0;772;410;2;412;9;6;10;0;8;0;0;161;57;0;0;0;158;1;2
27;902;Burela;1-006 -B;758;0;0;758;389;0;389;12;4;12;0;11;0;0;139;61;1;0;0;147;0;2
27;9;Carballedo;1-001 -A;477;0;0;477;360;0;360;1;1;1;0;8;0;0;42;45;0;0;0;259;1;2
27;9;Carballedo;1-001 -B;265;0;0;265;178;0;178;1;2;1;0;0;0;0;16;14;0;0;0;144;0;0
27;9;Carballedo;1-002 -A;214;0;0;214;171;0;171;1;2;0;0;1;1;0;9;9;0;1;0;147;0;0
27;9;Carballedo;1-002 -B;232;0;0;232;190;0;190;0;1;0;0;1;0;0;22;11;0;0;0;155;0;0
27;9;Carballedo;1-002 -C;206;0;0;206;145;0;145;1;0;4;0;0;0;0;15;10;0;0;0;115;0;0
27;9;Carballedo;1-003 -A;321;0;0;321;209;0;209;5;4;1;0;5;0;0;53;35;0;0;0;106;0;0
27;9;Carballedo;1-003 -B;259;1;0;260;194;0;194;2;2;3;0;1;0;0;27;29;0;0;0;130;0;0
27;10;Castro de Rei;1-001 -A;400;0;0;400;234;0;234;6;0;5;0;8;0;0;23;23;0;0;0;167;1;1
27;10;Castro de Rei;1-001 -B;313;0;0;313;216;0;216;0;2;2;0;6;0;0;54;19;0;0;0;132;0;1
27;10;Castro de Rei;1-002 -U;643;0;0;643;370;0;370;16;3;4;0;4;0;0;70;56;0;3;0;213;0;1
27;10;Castro de Rei;1-003 -A;835;0;0;835;482;0;482;7;5;8;0;17;0;0;110;55;1;0;1;276;2;0
27;10;Castro de Rei;1-003 -B;880;0;0;880;518;0;518;6;7;8;0;15;0;3;113;66;0;2;0;297;0;1
27;10;Castro de Rei;1-004 -U;643;0;0;643;389;1;390;4;7;7;0;6;0;0;58;74;0;0;0;234;0;0
27;10;Castro de Rei;1-005 -U;653;0;0;653;356;0;356;10;2;6;0;7;0;0;68;49;0;0;0;212;1;1
27;11;Castroverde;1-001 -A;569;0;0;569;356;0;356;7;2;3;0;8;0;0;69;94;0;0;0;173;0;0
27;11;Castroverde;1-001 -B;229;0;0;229;138;0;138;1;2;1;0;6;1;0;20;33;0;4;0;70;0;0
27;11;Castroverde;1-002 -A;470;0;0;470;289;0;289;2;1;4;0;6;0;0;54;84;0;1;0;135;0;2
27;11;Castroverde;1-002 -B;405;0;0;405;221;0;221;1;0;8;0;4;0;0;37;74;0;0;0;96;1;0
27;11;Castroverde;1-003 -A;212;0;0;212;128;1;129;2;2;0;0;3;0;0;19;45;0;0;0;58;0;0
27;11;Castroverde;1-003 -B;443;0;0;443;270;1;271;3;2;4;0;3;0;0;49;67;0;0;0;141;1;1
27;12;Cervantes;1-001 -A;283;0;0;283;149;0;149;3;1;2;0;5;0;0;27;34;0;0;0;77;0;0
27;12;Cervantes;1-001 -B;214;0;0;214;127;0;127;0;0;2;0;2;0;0;4;38;0;0;0;80;1;0
27;12;Cervantes;1-001 -C;209;0;0;209;101;0;101;1;0;2;0;1;0;0;11;26;0;0;0;59;1;0
27;12;Cervantes;1-002 -U;526;0;0;526;222;0;222;0;0;2;0;4;0;1;37;98;0;0;0;80;0;0
27;13;Cervo;1-001 -A;653;0;0;653;474;2;476;9;4;30;0;6;0;0;165;74;0;1;0;187;0;0
27;13;Cervo;1-001 -B;770;0;0;770;568;2;570;3;11;27;0;8;0;0;227;100;1;0;0;190;1;2
27;13;Cervo;1-002 -A;326;0;0;326;247;3;250;7;3;8;0;2;0;0;80;33;0;0;0;116;0;1
27;13;Cervo;1-002 -B;208;0;0;208;152;2;154;6;2;5;0;1;0;0;46;26;0;0;0;66;2;0
27;13;Cervo;2-001 -A;738;0;0;738;507;1;508;16;3;20;0;3;0;0;181;78;1;1;0;204;0;1
27;13;Cervo;2-001 -B;311;0;0;311;208;2;210;3;2;12;0;2;0;0;77;38;0;0;0;74;2;0
27;13;Cervo;2-001 -C;205;0;0;205;136;2;138;4;1;1;0;2;0;0;36;15;0;0;0;78;1;0
27;13;Cervo;2-001 -D;212;0;0;212;146;1;147;3;2;1;0;2;0;0;35;20;0;0;0;84;0;0
27;13;Cervo;2-001 -E;252;0;0;252;184;1;185;4;2;0;0;0;0;0;67;22;0;0;0;88;1;1
27;16;Chantada;1-001 -A;535;0;0;535;304;0;304;3;5;5;0;5;0;0;80;53;0;1;1;142;2;7
27;16;Chantada;1-001 -B;429;0;0;429;268;0;268;1;1;7;0;5;0;1;70;57;0;0;1;121;2;2
27;16;Chantada;1-002 -U;823;0;0;823;520;0;520;2;1;6;1;16;1;0;111;94;0;1;1;274;6;6
27;16;Chantada;1-003 -A;595;0;0;595;341;0;341;5;3;7;0;6;1;0;91;56;0;0;0;169;3;0
27;16;Chantada;1-003 -B;649;0;0;649;395;0;395;6;4;10;0;6;0;0;99;67;0;2;0;196;2;3
27;16;Chantada;1-003 -C;658;0;0;658;404;0;404;7;5;9;1;7;1;0;101;86;1;2;0;180;2;2
27;16;Chantada;1-004 -A;779;0;0;779;471;0;471;4;3;11;0;12;0;0;88;72;0;3;1;276;0;1
27;16;Chantada;1-004 -B;302;0;0;302;180;0;180;0;0;3;0;1;0;0;31;20;0;2;0;123;0;0
27;16;Chantada;2-001 -A;445;0;0;445;279;0;279;1;3;2;0;4;0;0;49;74;1;0;0;141;3;1
27;16;Chantada;2-001 -B;339;0;0;339;234;0;234;1;1;2;0;4;0;0;40;33;0;0;0;151;1;1
27;16;Chantada;3-001 -A;301;0;0;301;192;0;192;0;0;1;0;7;0;0;51;45;0;1;0;85;0;2
27;16;Chantada;3-001 -B;288;0;0;288;175;0;175;1;1;3;0;3;0;0;33;45;0;0;0;88;0;1
27;16;Chantada;4-001 -A;234;0;0;234;152;0;152;1;3;6;0;3;0;0;39;28;0;1;0;71;0;0
27;16;Chantada;4-001 -B;548;0;0;548;305;0;305;1;2;4;0;16;0;0;62;40;0;1;0;179;0;0
27;15;Cospeito;1-001 -A;506;0;0;506;289;1;290;2;3;4;0;6;0;0;43;45;1;1;0;183;1;1
27;15;Cospeito;1-001 -B;637;0;0;637;383;0;383;11;3;12;0;6;0;1;60;58;0;0;0;228;2;2
27;15;Cospeito;1-002 -A;469;0;0;469;332;0;332;7;0;5;0;11;0;0;38;39;1;0;0;231;0;0
27;15;Cospeito;1-002 -B;401;0;0;401;228;0;228;3;4;3;0;2;0;0;17;19;0;0;0;179;0;1
27;15;Cospeito;1-003 -A;378;0;0;378;266;0;266;5;2;4;0;2;0;0;34;43;0;1;1;174;0;0
27;15;Cospeito;1-003 -B;445;0;0;445;245;0;245;5;2;2;0;6;1;0;48;28;0;1;0;152;0;0
27;15;Cospeito;1-003 -C;426;0;0;426;249;0;249;2;7;4;0;2;0;0;36;24;0;0;0;172;1;1
27;15;Cospeito;1-004 -U;679;0;0;679;455;1;456;8;8;13;0;14;0;0;87;66;1;0;0;258;1;0
27;17;Folgoso do Courel;1-001 -A;437;0;0;437;315;0;315;3;2;8;0;10;2;0;36;51;0;0;0;203;0;0
27;17;Folgoso do Courel;1-001 -B;492;0;0;492;323;0;323;3;0;7;0;1;0;0;51;60;0;0;0;195;3;3
27;19;Foz;1-001 -A;714;0;0;714;399;1;400;13;1;10;0;13;0;0;122;76;0;0;0;162;1;2
27;19;Foz;1-001 -B;841;0;0;841;443;0;443;13;2;16;0;15;0;1;137;75;0;4;0;175;3;2
27;19;Foz;1-001 -C;286;0;0;286;153;2;155;2;1;7;0;2;0;0;51;24;0;0;0;68;0;0
27;19;Foz;1-002 -A;506;0;0;506;297;1;298;3;2;10;0;3;1;0;95;52;0;0;0;129;1;2
27;19;Foz;1-002 -B;595;0;0;595;348;1;349;5;2;13;1;14;0;0;95;58;0;5;1;152;3;0
27;19;Foz;1-002 -C;433;0;0;433;252;0;252;6;3;6;0;10;0;0;75;30;1;0;0;120;1;0
27;19;Foz;1-003 -U;556;0;0;556;345;1;346;6;0;8;0;17;0;0;86;70;0;1;0;158;0;0
27;19;Foz;1-004 -A;523;0;0;523;285;1;286;5;2;7;0;4;0;0;87;35;0;0;0;143;1;2
27;19;Foz;1-004 -B;333;0;0;333;179;0;179;1;1;6;0;2;0;0;27;43;0;0;0;99;0;0
27;19;Foz;1-005 -A;469;0;0;469;276;0;276;1;2;12;0;4;0;0;65;59;0;0;0;130;2;1
27;19;Foz;1-005 -B;442;0;0;442;274;0;274;1;5;12;0;6;0;1;92;35;0;0;0;119;3;0
27;19;Foz;1-006 -U;844;0;0;844;499;1;500;9;5;9;0;9;0;0;121;73;1;2;0;269;2;0
27;19;Foz;1-007 -A;556;0;0;556;323;2;325;7;4;12;0;4;0;0;109;72;0;1;0;114;2;0
27;19;Foz;1-007 -B;533;0;0;533;321;1;322;10;2;14;0;7;0;0;112;63;0;1;0;111;0;2
27;19;Foz;1-007 -C;536;0;0;536;307;2;309;4;2;8;0;4;0;1;104;48;0;4;1;130;1;2
27;20;Friol;1-001 -A;808;0;0;808;654;0;654;12;7;4;0;5;0;0;70;78;1;0;2;473;1;1
27;20;Friol;1-001 -B;430;0;0;430;342;0;342;11;4;4;0;4;0;0;45;24;0;0;0;250;0;0
27;20;Friol;1-001 -C;495;0;0;495;378;0;378;7;3;1;0;7;0;0;26;43;0;0;0;289;2;0
27;20;Friol;1-003 -A;287;0;0;287;253;1;254;0;2;3;0;0;0;0;29;21;0;0;0;199;0;0
27;20;Friol;1-003 -B;262;0;0;262;199;1;200;7;1;0;0;3;0;0;19;28;0;0;0;142;0;0
27;20;Friol;1-004 -A;219;0;0;219;177;0;177;3;1;1;0;0;0;0;14;11;0;1;0;145;1;0
27;20;Friol;1-004 -B;281;0;0;281;240;1;241;7;4;5;0;2;0;0;15;21;0;4;0;183;0;0
27;20;Friol;1-004 -C;287;0;0;287;220;1;221;3;1;5;0;3;0;0;15;17;0;3;0;174;0;0
27;20;Friol;1-004 -D;228;0;0;228;197;1;198;1;3;1;0;6;0;0;7;25;0;0;0;154;0;1
27;22;Guitiriz;1-001 -A;349;0;0;349;180;0;180;2;1;0;0;7;0;0;26;25;0;0;1;118;0;0
27;22;Guitiriz;1-001 -B;357;0;0;357;211;1;212;5;0;1;0;2;0;0;20;14;0;0;0;169;1;0
27;22;Guitiriz;1-002 -U;571;0;0;571;292;0;292;3;1;14;0;13;0;0;70;61;0;0;1;127;0;2
27;22;Guitiriz;2-001 -U;782;0;0;782;410;0;410;10;4;12;0;11;0;0;102;78;0;0;2;187;3;1
27;22;Guitiriz;3-001 -A;306;0;0;306;175;1;176;1;2;4;0;1;0;0;40;49;0;1;0;78;0;0
27;22;Guitiriz;3-001 -B;216;0;0;216;112;1;113;3;1;2;0;1;0;0;21;25;0;0;0;60;0;0
27;22;Guitiriz;4-001 -A;707;0;0;707;429;1;430;2;7;16;0;6;0;0;140;74;0;0;1;183;1;0
27;22;Guitiriz;4-001 -B;690;0;0;690;423;0;423;1;6;9;0;5;0;0;150;71;0;0;1;179;0;1
27;22;Guitiriz;4-002 -A;380;0;0;380;200;0;200;3;1;4;0;1;0;0;28;37;0;0;0;126;0;0
27;22;Guitiriz;4-002 -B;267;0;0;267;124;0;124;0;1;4;0;2;0;0;27;16;0;3;0;69;0;2
27;23;Gunt¡n;1-001 -A;491;0;0;491;315;0;315;4;4;2;0;3;0;0;35;49;0;0;0;217;0;1
27;23;Gunt¡n;1-001 -B;249;0;0;249;176;0;176;8;0;1;0;3;0;0;21;20;0;1;0;122;0;0
27;23;Gunt¡n;1-002 -U;540;0;0;540;383;0;383;9;1;6;0;8;0;0;21;43;0;0;0;295;0;0
27;23;Gunt¡n;1-003 -A;365;0;0;365;260;0;260;1;0;5;0;2;0;0;25;22;0;0;0;203;2;0
27;23;Gunt¡n;1-003 -B;212;0;0;212;149;0;149;1;2;0;0;1;0;0;22;17;0;0;0;106;0;0
27;23;Gunt¡n;1-003 -C;277;0;0;277;178;0;178;1;3;1;0;2;0;0;10;39;0;1;0;121;0;0
27;23;Gunt¡n;1-003 -D;277;0;0;277;175;0;175;4;1;1;0;1;0;0;21;9;0;0;0;136;0;2
27;26;L ncara;1-001 -A;366;0;0;366;221;0;221;0;0;3;0;4;0;0;57;52;0;0;0;105;0;0
27;26;L ncara;1-001 -B;473;0;0;473;297;0;297;1;2;3;0;3;0;0;49;57;0;0;0;182;0;0
27;26;L ncara;1-002 -U;852;0;0;852;487;0;487;2;1;16;0;10;0;1;104;88;0;0;0;262;0;3
27;26;L ncara;1-003 -A;348;0;0;348;203;0;203;0;1;1;0;2;0;0;22;36;0;0;0;141;0;0
27;26;L ncara;1-003 -B;234;0;0;234;118;0;118;3;1;2;0;1;0;0;18;20;0;1;0;72;0;0
27;27;Lourenz ;1-001 -A;488;0;0;488;298;0;298;2;6;4;0;7;0;0;83;51;0;1;0;143;0;1
27;27;Lourenz ;1-001 -B;457;0;0;457;275;0;275;8;2;3;0;1;0;0;87;53;0;0;0;120;1;0
27;27;Lourenz ;1-002 -A;203;0;0;203;113;0;113;3;3;2;0;1;0;0;23;17;0;0;0;64;0;0
27;27;Lourenz ;1-002 -B;296;0;0;296;167;0;167;1;1;2;0;0;0;0;26;22;0;2;0;113;0;0
27;27;Lourenz ;1-002 -C;334;0;0;334;218;0;218;3;3;7;0;3;0;0;33;55;0;2;0;111;1;0
27;28;Lugo;1-001 -A;589;0;0;589;375;0;375;2;5;10;0;12;1;0;56;28;1;1;1;255;2;1
27;28;Lugo;1-001 -B;456;0;0;456;286;0;286;4;4;7;1;4;0;0;59;16;0;1;0;186;3;1
27;28;Lugo;1-002 -U;741;0;0;741;443;0;443;4;6;10;0;16;0;1;86;43;0;0;0;274;1;2
27;28;Lugo;1-003 -U;551;0;0;551;312;0;312;2;3;12;0;7;0;0;83;50;1;0;0;149;2;3
27;28;Lugo;2-001 -U;658;0;0;658;400;0;400;2;2;4;0;6;0;0;72;53;0;1;1;254;4;1
27;28;Lugo;2-002 -U;838;0;0;838;543;0;543;4;9;20;0;17;2;0;98;97;0;1;0;288;3;4
27;28;Lugo;2-003 -U;728;0;0;728;469;0;469;5;1;20;0;13;0;0;123;81;0;2;0;218;2;4
27;28;Lugo;2-004 -U;549;0;0;549;340;0;340;4;2;13;0;7;0;0;78;39;0;0;0;193;3;1
27;28;Lugo;2-005 -A;614;0;0;614;354;0;354;4;7;4;1;5;0;0;108;64;0;1;0;156;3;1
27;28;Lugo;2-005 -B;730;0;0;730;430;0;430;4;7;12;1;9;0;1;116;84;0;4;0;188;2;2
27;28;Lugo;2-006 -A;656;0;0;656;390;0;390;3;3;14;0;7;0;0;119;65;1;0;0;178;0;0
27;28;Lugo;2-006 -B;742;0;0;742;438;0;438;2;6;17;0;7;0;1;110;81;0;3;0;204;4;3
27;28;Lugo;2-007 -A;792;0;0;792;463;0;463;4;7;17;0;11;0;0;127;62;0;3;0;226;6;0
27;28;Lugo;2-007 -B;1.000;0;0;1.000;590;0;590;8;5;23;0;13;0;0;161;75;1;4;1;288;5;6
27;28;Lugo;2-008 -U;644;0;0;644;392;1;393;4;3;4;0;10;0;0;80;54;0;1;0;227;8;2
27;28;Lugo;2-009 -U;842;0;0;842;516;1;517;2;8;21;1;10;0;0;135;77;0;1;0;258;3;1
27;28;Lugo;2-010 -A;597;0;0;597;359;0;359;5;4;5;1;12;0;0;57;54;1;2;1;210;4;3
27;28;Lugo;2-010 -B;528;0;0;528;337;0;337;5;5;6;1;12;0;1;67;46;0;0;0;187;6;1
27;28;Lugo;2-011 -U;809;0;0;809;464;0;464;2;4;16;0;10;0;0;97;69;0;1;1;262;1;1
27;28;Lugo;2-012 -A;579;0;0;579;364;0;364;4;3;6;0;7;0;0;78;79;0;0;0;183;3;1
27;28;Lugo;2-012 -B;726;0;0;726;417;0;417;8;8;13;0;9;0;0;106;85;0;0;0;185;2;1
27;28;Lugo;2-013 -A;490;0;0;490;302;0;302;5;1;13;1;8;0;0;82;53;0;1;0;135;1;2
27;28;Lugo;2-013 -B;568;0;0;568;347;0;347;4;8;18;0;5;0;0;109;62;0;1;0;136;3;1
27;28;Lugo;2-014 -A;543;0;0;543;319;0;319;8;1;10;1;11;0;0;76;39;0;0;0;168;4;1
27;28;Lugo;2-014 -B;659;1;0;660;377;0;377;5;3;13;0;4;0;0;88;70;0;1;0;186;5;2
27;28;Lugo;2-015 -A;987;0;0;987;544;0;544;11;6;22;0;16;0;0;136;81;0;3;0;261;4;4
27;28;Lugo;2-015 -B;825;0;0;825;510;1;511;6;7;15;0;15;0;0;114;66;0;3;1;276;3;5
27;28;Lugo;2-016 -U;504;0;0;504;288;0;288;3;5;10;0;7;1;0;64;43;1;1;2;148;1;2
27;28;Lugo;2-017 -A;799;0;0;799;452;0;452;5;4;11;0;6;0;2;134;104;0;1;1;179;3;2
27;28;Lugo;2-017 -B;983;0;0;983;591;0;591;13;6;14;0;14;0;0;170;109;1;1;0;249;9;5
27;28;Lugo;2-018 -A;577;0;0;577;346;0;346;5;5;16;0;10;0;0;94;73;0;1;0;138;1;3
27;28;Lugo;2-018 -B;657;0;0;657;407;0;407;8;4;12;0;14;0;1;114;69;0;0;0;181;1;3
27;28;Lugo;2-019 -A;670;0;0;670;446;0;446;2;10;11;0;14;0;0;141;69;0;2;1;191;4;1
27;28;Lugo;2-019 -B;583;0;0;583;366;2;368;9;6;8;0;14;0;0;108;53;0;2;0;164;3;1
27;28;Lugo;2-020 -A;547;0;0;547;304;1;305;2;5;15;0;9;0;0;80;56;0;1;1;132;3;1
27;28;Lugo;2-020 -B;592;0;0;592;340;0;340;7;6;14;0;3;0;0;92;59;0;2;0;153;3;1
27;28;Lugo;2-021 -U;955;0;0;955;629;0;629;6;8;21;0;16;0;0;178;96;0;1;2;291;6;4
27;28;Lugo;3-001 -U;802;0;0;802;392;1;393;4;2;8;0;6;0;0;79;88;0;0;0;202;2;2
27;28;Lugo;3-002 -A;757;0;0;757;458;0;458;6;5;14;0;10;0;0;116;53;2;3;0;240;5;4
27;28;Lugo;3-002 -B;935;0;0;935;583;0;583;5;6;9;0;9;0;0;139;88;1;4;1;314;4;3
27;28;Lugo;3-003 -A;552;0;0;552;338;0;338;7;1;14;1;5;0;0;87;67;0;2;0;144;5;5
27;28;Lugo;3-003 -B;617;0;0;617;388;0;388;4;1;18;1;11;0;0;106;62;0;2;0;177;4;2
27;28;Lugo;3-004 -U;932;0;0;932;493;0;493;5;7;12;0;5;0;0;142;94;0;0;0;222;4;2
27;28;Lugo;3-005 -A;455;0;0;455;240;1;241;2;0;10;0;11;1;0;44;47;1;0;1;122;1;1
27;28;Lugo;3-005 -B;585;0;0;585;310;1;311;5;1;13;1;8;0;0;60;58;0;1;0;163;0;1
27;28;Lugo;3-006 -U;607;0;0;607;327;2;329;1;0;12;0;10;0;0;74;71;0;1;1;158;1;0
27;28;Lugo;3-007 -A;639;0;0;639;376;0;376;3;2;13;0;5;0;0;74;82;0;0;0;194;1;2
27;28;Lugo;3-007 -B;587;0;0;587;333;0;333;7;2;7;1;9;0;0;75;47;0;0;0;181;3;1
27;28;Lugo;3-008 -U;897;0;0;897;487;0;487;7;4;17;0;5;0;0;93;103;0;0;0;254;3;1
27;28;Lugo;3-009 -A;525;0;0;525;324;0;324;7;1;10;1;12;1;0;72;53;0;2;1;162;2;0
27;28;Lugo;3-009 -B;445;0;0;445;252;0;252;0;1;9;0;8;0;0;51;48;0;0;0;134;0;1
27;28;Lugo;3-010 -U;545;0;0;545;281;0;281;6;0;8;0;6;0;0;66;73;1;0;0;119;2;0
27;28;Lugo;3-011 -U;774;0;0;774;360;1;361;5;2;13;0;7;0;0;85;79;0;1;0;167;0;2
27;28;Lugo;4-001 -U;577;0;0;577;351;1;352;7;9;10;0;5;0;0;69;51;0;0;0;195;5;1
27;28;Lugo;4-002 -U;799;0;0;799;434;0;434;1;5;12;1;8;0;2;73;94;2;2;1;225;3;5
27;28;Lugo;4-003 -A;672;0;0;672;381;0;381;4;5;4;1;7;0;0;83;78;1;0;1;196;1;0
27;28;Lugo;4-003 -B;821;0;0;821;481;0;481;0;5;12;0;6;1;0;110;110;1;1;0;232;2;1
27;28;Lugo;4-004 -A;587;0;0;587;312;0;312;6;5;8;1;6;0;0;61;78;0;2;0;144;1;0
27;28;Lugo;4-004 -B;510;0;0;510;273;0;273;7;1;9;1;3;0;0;67;36;0;2;0;143;4;0
27;28;Lugo;4-005 -A;739;0;0;739;386;0;386;2;4;14;0;9;1;0;87;69;0;2;1;194;2;1
27;28;Lugo;4-005 -B;970;0;0;970;471;0;471;6;7;33;1;19;2;1;110;77;1;0;0;208;3;3
27;28;Lugo;4-006 -A;736;0;0;736;412;1;413;6;3;10;0;7;0;0;122;65;0;0;0;195;2;3
27;28;Lugo;4-006 -B;885;0;0;885;489;0;489;2;8;21;0;9;0;0;138;77;0;0;2;230;2;0
27;28;Lugo;4-007 -U;712;0;0;712;398;0;398;3;6;12;0;9;1;2;104;70;0;1;1;187;2;0
27;28;Lugo;4-008 -A;590;0;0;590;318;0;318;3;3;12;0;11;0;0;72;68;0;0;0;146;2;1
27;28;Lugo;4-008 -B;521;0;0;521;310;0;310;1;2;6;0;9;2;1;81;52;1;0;0;151;0;4
27;28;Lugo;4-009 -A;670;0;0;670;347;0;347;4;5;10;0;9;0;1;78;69;0;0;0;169;1;1
27;28;Lugo;4-009 -B;490;0;0;490;253;0;253;2;1;4;0;10;0;1;54;51;0;2;0;126;1;1
27;28;Lugo;4-010 -A;582;0;0;582;341;0;341;3;2;10;0;2;0;0;88;50;0;3;0;180;1;2
27;28;Lugo;4-010 -B;466;0;0;466;283;0;283;1;1;3;1;13;0;0;63;47;0;1;0;150;2;1
27;28;Lugo;4-011 -A;724;0;0;724;372;0;372;4;2;16;0;10;0;0;95;69;0;0;0;170;1;5
27;28;Lugo;4-011 -B;890;0;0;890;442;0;442;7;6;12;0;12;0;0;116;78;2;1;0;205;3;0
27;28;Lugo;4-012 -U;821;0;0;821;437;0;437;9;9;21;1;15;0;0;101;74;0;0;0;203;2;2
27;28;Lugo;4-013 -A;583;0;0;583;287;0;287;4;4;14;0;9;0;0;82;47;0;1;0;125;0;1
27;28;Lugo;4-013 -B;506;0;0;506;249;0;249;2;3;6;0;6;0;0;63;49;2;0;0;115;2;1
27;28;Lugo;4-014 -A;504;0;0;504;269;0;269;4;1;7;1;5;0;0;91;48;1;1;1;106;2;1
27;28;Lugo;4-014 -B;602;0;0;602;319;1;320;1;5;12;0;9;0;0;84;72;1;1;0;134;0;1
27;28;Lugo;5-001 -A;538;0;0;538;331;0;331;3;2;6;0;9;0;0;64;63;0;2;0;176;2;4
27;28;Lugo;5-001 -B;449;0;0;449;290;0;290;2;5;14;0;3;0;0;61;60;0;1;0;142;0;2
27;28;Lugo;5-002 -A;480;0;0;480;282;0;282;10;2;6;0;6;1;0;58;44;0;2;0;150;1;2
27;28;Lugo;5-002 -B;560;0;0;560;335;0;335;3;4;7;0;6;1;1;63;65;0;0;0;182;1;2
27;28;Lugo;5-003 -A;682;0;0;682;342;1;343;3;2;18;0;6;0;0;91;64;0;0;0;154;3;2
27;28;Lugo;5-003 -B;872;0;0;872;464;0;464;1;5;15;0;14;0;1;109;95;0;0;1;218;2;3
27;28;Lugo;5-004 -A;559;0;0;559;316;0;316;1;6;18;0;12;0;0;69;68;0;1;0;139;2;0
27;28;Lugo;5-004 -B;618;0;0;618;335;0;335;4;1;14;0;8;0;1;59;65;0;1;0;177;3;2
27;28;Lugo;5-005 -A;700;0;0;700;384;0;384;2;6;13;0;15;0;0;74;71;1;0;0;200;1;1
27;28;Lugo;5-005 -B;912;0;0;912;499;0;499;4;7;9;1;10;0;0;135;111;1;2;0;212;5;2
27;28;Lugo;5-006 -U;675;0;0;675;377;0;377;16;3;15;0;9;0;0;116;71;0;0;0;144;1;2
27;28;Lugo;5-007 -A;562;0;0;562;354;0;354;7;1;6;0;6;1;0;47;38;2;0;1;241;0;4
27;28;Lugo;5-007 -B;459;0;0;459;267;0;267;2;2;9;0;7;0;0;59;37;0;1;0;148;0;2
27;28;Lugo;5-008 -U;651;0;0;651;393;0;393;2;3;8;0;9;0;1;88;64;0;0;0;216;2;0
27;28;Lugo;5-009 -U;536;0;0;536;294;0;294;2;2;11;0;7;0;0;66;69;0;1;0;135;0;1
27;28;Lugo;5-010 -U;562;0;0;562;313;1;314;0;7;7;0;7;0;0;75;57;0;0;1;159;0;1
27;28;Lugo;5-011 -A;563;0;0;563;318;0;318;1;1;2;1;7;0;0;58;60;1;0;0;184;2;1
27;28;Lugo;5-011 -B;479;0;0;479;255;0;255;1;4;5;0;8;0;0;39;53;0;1;1;141;0;2
27;28;Lugo;5-013 -A;645;0;0;645;373;0;373;2;5;10;0;4;1;0;92;67;0;1;0;187;0;4
27;28;Lugo;5-013 -B;726;0;0;726;387;0;387;4;4;10;0;10;0;1;82;57;0;2;0;212;2;3
27;28;Lugo;5-014 -A;458;0;0;458;220;1;221;4;0;6;0;1;0;0;53;42;0;0;0;113;0;2
27;28;Lugo;5-014 -B;518;0;0;518;259;0;259;0;5;10;0;11;0;1;57;45;0;1;0;127;0;2
27;28;Lugo;5-015 -A;564;0;0;564;329;0;329;3;3;8;0;5;0;0;83;57;0;0;0;165;4;1
27;28;Lugo;5-015 -B;734;0;0;734;399;0;399;5;7;9;0;12;1;1;87;65;0;0;1;206;4;1
27;28;Lugo;5-016 -U;865;0;0;865;482;0;482;7;7;9;1;15;0;2;118;88;0;3;0;228;3;1
27;28;Lugo;5-017 -A;525;0;0;525;281;0;281;2;1;16;0;10;0;0;56;63;0;0;0;132;0;1
27;28;Lugo;5-017 -B;624;0;0;624;330;0;330;6;5;11;0;9;0;1;81;62;0;2;0;149;1;3
27;28;Lugo;5-018 -A;704;0;0;704;408;0;408;4;5;11;0;6;0;0;111;82;0;1;0;185;3;0
27;28;Lugo;5-018 -B;847;0;0;847;508;0;508;7;8;18;0;15;1;1;143;105;0;2;1;204;2;1
27;28;Lugo;5-019 -A;744;0;0;744;383;0;383;2;7;10;1;9;0;1;108;63;0;1;0;176;2;3
27;28;Lugo;5-019 -B;668;0;0;668;387;2;389;5;4;5;0;17;0;0;101;62;0;2;1;191;1;0
27;28;Lugo;6-001 -A;300;0;0;300;177;0;177;6;0;4;0;5;0;0;30;30;0;0;0;100;2;0
27;28;Lugo;6-001 -B;617;0;0;617;382;0;382;5;3;10;0;11;0;0;75;54;0;0;0;220;2;2
27;28;Lugo;6-001 -C;272;0;0;272;163;0;163;1;1;6;0;2;0;0;9;38;0;0;0;105;1;0
27;28;Lugo;7-001 -A;525;0;0;525;304;0;304;1;4;5;0;7;0;0;59;61;0;0;0;165;2;0
27;28;Lugo;7-001 -B;226;0;0;226;151;0;151;1;0;1;0;1;0;0;16;27;0;0;0;104;0;1
27;28;Lugo;7-001 -C;414;0;0;414;266;0;266;0;0;2;0;6;0;0;17;47;0;0;1;193;0;0
27;28;Lugo;7-002 -A;387;0;0;387;216;0;216;1;1;2;0;5;0;0;35;35;0;0;0;133;4;0
27;28;Lugo;7-002 -B;476;0;0;476;299;0;299;4;1;8;0;5;0;0;47;53;0;0;0;176;5;0
27;28;Lugo;8-001 -A;480;0;0;480;263;0;263;0;4;1;0;9;0;1;30;42;0;0;0;175;0;1
27;28;Lugo;8-001 -B;204;0;0;204;118;0;118;1;0;5;0;1;0;0;18;17;1;0;0;74;1;0
27;28;Lugo;8-002 -A;622;0;0;622;376;0;376;3;3;9;0;7;0;0;72;55;1;2;0;221;1;2
27;28;Lugo;8-002 -B;513;0;0;513;326;0;326;8;4;7;0;3;0;0;50;52;0;0;0;200;2;0
27;28;Lugo;9-001 -A;638;6;0;644;349;0;349;2;2;3;0;8;0;0;66;48;1;0;0;215;2;2
27;28;Lugo;9-001 -B;371;0;0;371;229;0;229;3;2;2;0;4;0;0;29;31;0;0;0;158;0;0
27;28;Lugo;9-002 -A;382;0;0;382;204;0;204;4;1;4;0;2;1;0;29;36;0;0;0;126;1;0
27;28;Lugo;9-002 -B;683;0;0;683;401;0;401;4;2;7;0;8;0;1;67;50;0;1;0;260;0;1
27;29;Meira;1-001 -A;735;0;0;735;481;1;482;3;3;8;0;12;1;0;82;129;0;2;0;240;2;0
27;29;Meira;1-001 -B;685;0;0;685;465;1;466;6;10;7;1;8;0;0;72;111;1;1;0;249;0;0
27;30;Mondo¤edo;1-001 -U;890;0;0;890;534;0;534;5;3;11;0;13;0;0;92;80;0;0;0;329;0;1
27;30;Mondo¤edo;1-002 -A;735;0;0;735;430;0;430;9;0;8;0;6;0;1;79;50;0;0;0;272;2;3
27;30;Mondo¤edo;1-002 -B;750;0;0;750;447;1;448;9;4;12;0;5;0;0;106;66;0;0;0;246;0;0
27;30;Mondo¤edo;1-003 -U;711;0;0;711;350;1;351;9;2;3;0;6;0;1;97;46;1;0;1;184;0;1
27;31;Monforte de Lemos;1-001 -U;732;0;0;732;400;2;402;1;4;20;0;17;0;0;89;85;0;1;0;179;0;6
27;31;Monforte de Lemos;1-002 -A;621;0;0;621;392;1;393;8;6;9;0;6;0;0;78;109;0;1;3;166;3;4
27;31;Monforte de Lemos;1-002 -B;527;0;0;527;321;1;322;5;6;6;0;17;0;1;74;70;0;0;1;140;1;1
27;31;Monforte de Lemos;1-003 -A;438;0;0;438;296;2;298;4;3;14;0;14;0;0;63;38;0;0;1;159;0;2
27;31;Monforte de Lemos;1-003 -B;430;0;0;430;252;3;255;2;2;9;0;6;0;0;43;63;0;3;0;126;1;0
27;31;Monforte de Lemos;1-004 -A;982;0;0;982;560;1;561;5;9;17;1;15;0;0;127;107;0;2;0;274;2;2
27;31;Monforte de Lemos;1-004 -B;802;0;0;802;474;1;475;7;7;4;0;13;0;0;109;111;0;0;0;220;3;1
27;31;Monforte de Lemos;1-005 -A;745;0;0;745;417;1;418;12;3;11;0;20;0;0;84;102;0;0;0;185;1;0
27;31;Monforte de Lemos;1-005 -B;645;0;0;645;382;1;383;8;5;4;1;15;0;0;74;83;0;1;0;190;2;0
27;31;Monforte de Lemos;1-006 -A;680;0;0;680;410;2;412;3;1;9;0;24;0;1;81;82;0;1;0;204;2;4
27;31;Monforte de Lemos;1-006 -B;689;0;0;689;412;1;413;6;5;9;0;14;0;0;80;86;1;0;0;210;2;0
27;31;Monforte de Lemos;1-007 -A;553;0;0;553;321;1;322;4;3;9;0;16;0;0;59;66;1;1;0;161;1;1
27;31;Monforte de Lemos;1-007 -B;502;0;0;502;310;1;311;4;4;8;0;15;0;1;59;63;0;2;0;151;2;2
27;31;Monforte de Lemos;2-001 -U;851;0;0;851;430;2;432;5;3;11;2;13;0;0;54;106;0;0;2;234;0;2
27;31;Monforte de Lemos;2-002 -A;620;0;0;620;385;1;386;12;0;9;2;10;0;0;84;90;0;1;0;171;3;4
27;31;Monforte de Lemos;2-002 -B;522;0;0;522;314;1;315;6;3;5;0;11;0;1;56;75;0;0;0;155;1;2
27;31;Monforte de Lemos;2-003 -A;552;0;0;552;326;2;328;3;1;8;0;4;0;0;74;74;0;0;0;161;1;2
27;31;Monforte de Lemos;2-003 -B;523;0;0;523;324;1;325;4;9;8;0;9;0;0;84;62;0;0;0;146;3;0
27;31;Monforte de Lemos;2-004 -A;409;0;0;409;201;2;203;4;1;5;0;3;0;0;28;75;0;0;0;86;0;1
27;31;Monforte de Lemos;2-004 -B;604;0;0;604;317;0;317;5;3;12;0;12;0;0;48;75;0;0;1;156;4;1
27;31;Monforte de Lemos;2-004 -C;489;1;0;490;273;1;274;4;3;12;0;2;0;1;54;70;0;1;0;121;2;4
27;31;Monforte de Lemos;3-001 -U;655;0;0;655;422;1;423;7;3;5;0;9;0;0;64;88;0;1;0;242;3;1
27;31;Monforte de Lemos;3-002 -A;339;0;0;339;198;0;198;4;4;1;0;7;0;0;42;58;0;0;0;82;0;0
27;31;Monforte de Lemos;3-002 -B;391;0;0;391;206;0;206;2;1;2;0;7;0;0;24;37;0;0;0;131;2;0
27;31;Monforte de Lemos;3-003 -A;318;0;0;318;184;0;184;4;0;2;0;9;0;0;31;50;1;0;0;86;0;1
27;31;Monforte de Lemos;3-003 -B;414;0;0;414;248;0;248;5;3;3;0;9;0;0;37;63;0;0;0;125;1;2
27;32;Monterroso;1-001 -A;845;0;0;845;506;0;506;3;3;9;0;11;1;0;127;67;0;0;0;280;4;1
27;32;Monterroso;1-001 -B;853;0;0;853;501;0;501;7;2;12;0;15;0;0;129;69;1;0;0;261;2;3
27;32;Monterroso;1-002 -U;654;0;0;654;320;0;320;4;0;0;0;10;0;0;63;45;1;0;0;197;0;0
27;32;Monterroso;2-001 -A;557;0;0;557;283;0;283;4;1;9;0;6;0;0;49;48;0;0;0;166;0;0
27;32;Monterroso;2-001 -B;246;0;0;246;141;0;141;2;0;1;0;5;0;0;25;15;0;0;0;92;1;0
27;33;Muras;1-001 -A;361;0;0;361;232;0;232;4;1;6;0;2;0;0;54;48;1;0;0;116;0;0
27;33;Muras;1-001 -B;211;0;0;211;121;0;121;4;0;1;0;0;0;0;40;19;0;0;0;56;1;0
27;34;Navia de Suarna;1-001 -A;641;0;0;641;350;1;351;3;4;7;0;3;0;0;55;83;0;0;0;194;0;2
27;34;Navia de Suarna;1-001 -B;351;0;0;351;199;2;201;5;1;1;0;2;0;0;20;68;0;0;0;104;0;0
27;35;Negueira de Mu¤iz;1-001 -U;186;0;0;186;101;0;101;0;0;5;0;1;0;0;20;38;0;0;1;36;0;0
27;14;O Corgo;1-001 -A;488;0;0;488;295;0;295;3;1;6;0;7;1;0;37;53;1;0;0;185;1;0
27;14;O Corgo;1-001 -B;268;0;0;268;174;0;174;0;3;1;0;1;0;0;44;21;0;0;0;104;0;0
27;14;O Corgo;1-002 -A;327;1;0;328;202;0;202;0;3;6;0;5;0;0;38;16;0;0;0;130;4;0
27;14;O Corgo;1-002 -B;559;0;0;559;289;1;290;0;0;0;0;1;0;0;49;50;0;0;0;190;0;0
27;14;O Corgo;1-003 -U;704;0;0;704;385;0;385;3;3;1;0;9;0;0;77;77;0;0;0;214;1;0
27;14;O Corgo;1-004 -U;767;0;0;767;481;0;481;2;6;14;0;8;0;0;63;71;0;1;0;312;2;2
27;24;O Incio;1-001 -A;498;0;0;498;357;1;358;1;2;5;0;0;0;0;59;73;0;0;0;218;0;0
27;24;O Incio;1-001 -B;370;0;0;370;293;1;294;0;2;4;0;0;0;0;42;46;1;0;0;199;0;0
27;24;O Incio;1-002 -U;554;0;0;554;399;0;399;2;1;9;0;3;0;1;63;74;0;1;0;245;0;0
27;43;O P ramo;1-001 -A;402;0;0;402;192;0;192;1;0;3;0;0;0;0;38;32;0;1;0;116;1;0
27;43;O P ramo;1-001 -B;274;0;0;274;172;0;172;1;2;9;0;4;0;0;21;29;0;0;0;106;0;0
27;43;O P ramo;2-001 -A;295;0;0;295;167;0;167;2;1;3;0;4;0;0;29;20;0;0;0;107;1;0
27;43;O P ramo;2-001 -B;245;0;0;245;143;0;143;0;2;0;0;3;0;0;21;26;0;0;0;91;0;0
27;58;O Savi¤ao;1-001 -A;623;0;0;623;444;0;444;5;3;4;0;8;0;0;44;101;0;0;2;276;0;1
27;58;O Savi¤ao;1-001 -B;524;0;0;524;379;0;379;3;2;9;0;4;0;0;52;91;0;0;0;215;1;2
27;58;O Savi¤ao;1-001 -C;222;0;0;222;161;0;161;2;0;0;0;5;0;0;17;32;0;1;0;103;1;0
27;58;O Savi¤ao;1-002 -A;212;0;0;212;156;0;156;1;1;3;0;2;0;0;17;37;0;0;0;95;0;0
27;58;O Savi¤ao;1-002 -B;235;0;0;235;178;0;178;5;2;4;0;5;0;0;33;34;0;1;0;93;0;1
27;58;O Savi¤ao;1-002 -C;339;0;0;339;236;0;236;1;2;1;0;2;0;0;25;47;0;0;0;157;0;1
27;58;O Savi¤ao;1-003 -A;527;0;0;527;370;0;370;1;4;7;0;5;0;0;42;90;0;0;0;220;0;1
27;58;O Savi¤ao;1-003 -B;271;0;0;271;198;0;198;4;5;1;0;6;0;1;16;42;0;0;0;121;1;1
27;58;O Savi¤ao;1-003 -C;267;0;0;267;197;0;197;1;1;0;0;2;0;0;19;16;0;0;0;158;0;0
27;63;O Valadouro;1-001 -A;536;0;0;536;294;0;294;11;0;5;0;2;0;0;85;56;0;1;0;134;0;0
27;63;O Valadouro;1-001 -B;584;0;0;584;336;0;336;4;0;6;0;5;0;0;101;66;0;0;0;154;0;0
27;63;O Valadouro;1-002 -U;568;0;0;568;333;0;333;3;2;5;0;1;0;1;84;78;0;0;0;159;0;0
27;64;O Vicedo;1-001 -U;874;0;0;874;565;0;565;10;5;11;0;4;0;1;109;95;0;1;0;324;3;2
27;64;O Vicedo;1-002 -U;610;0;0;610;332;1;333;9;7;3;0;3;0;0;49;42;0;0;0;220;0;0
27;38;Ourol;1-001 -A;376;0;0;376;252;2;254;4;3;1;0;2;0;0;42;65;0;0;0;134;0;3
27;38;Ourol;1-001 -B;227;0;0;227;149;0;149;3;1;3;0;3;0;0;25;51;0;0;0;63;0;0
27;38;Ourol;1-001 -C;298;0;0;298;167;0;167;3;3;4;0;3;0;0;23;65;0;0;0;65;0;1
27;39;Outeiro de Rei;1-001 -A;900;0;0;900;563;1;564;9;4;8;0;10;1;1;156;57;0;2;1;311;1;3
27;39;Outeiro de Rei;1-001 -B;688;0;0;688;505;1;506;4;5;5;0;7;0;0;66;52;0;1;0;362;2;2
27;39;Outeiro de Rei;1-002 -U;601;0;0;601;411;1;412;0;5;5;0;11;0;0;81;45;1;2;0;260;0;2
27;39;Outeiro de Rei;1-003 -U;688;0;0;688;483;2;485;5;2;7;0;16;0;0;95;57;0;1;0;300;1;1
27;39;Outeiro de Rei;1-004 -A;383;0;0;383;255;2;257;6;1;3;0;4;0;1;46;26;1;2;0;164;1;2
27;39;Outeiro de Rei;1-004 -B;300;0;0;300;210;1;211;1;3;3;0;4;0;0;26;24;0;1;0;149;0;0
27;39;Outeiro de Rei;1-005 -U;885;0;0;885;565;1;566;7;8;16;1;16;0;0;130;54;0;0;0;329;2;3
27;40;Palas de Rei;1-001 -A;549;0;0;549;333;0;333;3;0;8;0;6;0;0;58;77;1;0;0;180;0;0
27;40;Palas de Rei;1-001 -B;544;0;0;544;363;0;363;6;2;6;0;0;0;0;67;67;0;1;0;213;1;0
27;40;Palas de Rei;1-002 -A;250;0;0;250;176;0;176;1;1;2;0;1;0;0;18;23;0;0;0;130;0;0
27;40;Palas de Rei;1-002 -B;336;0;0;336;231;0;231;2;1;8;0;3;0;0;41;33;0;1;0;141;1;0
27;40;Palas de Rei;1-003 -A;408;0;0;408;265;0;265;4;3;9;0;0;0;0;28;30;0;0;0;190;0;1
27;40;Palas de Rei;1-003 -B;357;0;0;357;235;0;235;3;2;1;0;2;0;0;25;26;1;0;1;173;0;1
27;40;Palas de Rei;1-004 -A;212;0;0;212;145;0;145;1;0;0;0;0;0;0;11;52;0;0;0;81;0;0
27;40;Palas de Rei;1-004 -B;320;0;0;320;236;1;237;1;1;1;0;2;0;0;15;30;0;0;0;186;1;0
27;41;Pant¢n;1-001 -A;645;0;0;645;464;0;464;6;2;7;0;10;0;0;72;84;0;0;0;281;0;2
27;41;Pant¢n;1-001 -B;381;0;0;381;256;0;256;0;0;5;0;4;0;0;44;28;0;0;0;171;0;4
27;41;Pant¢n;1-001 -C;348;0;0;348;205;0;205;0;0;8;0;3;0;0;68;28;0;2;0;95;1;0
27;41;Pant¢n;1-002 -A;224;0;0;224;146;0;146;1;1;2;0;3;0;0;28;7;0;0;0;104;0;0
27;41;Pant¢n;1-002 -B;214;0;0;214;153;0;153;3;1;6;0;7;0;0;21;11;2;0;0;101;0;1
27;41;Pant¢n;1-002 -C;355;0;0;355;250;0;250;1;2;5;0;9;0;0;28;44;0;1;1;159;0;0
27;42;Paradela;1-001 -U;802;0;0;802;568;0;568;3;4;9;0;4;0;0;54;64;0;0;0;430;0;0
27;42;Paradela;1-002 -A;404;0;0;404;282;0;282;4;2;9;0;2;0;0;42;47;0;0;0;175;0;1
27;42;Paradela;1-002 -B;397;0;0;397;280;1;281;0;2;2;0;3;0;0;31;42;0;0;0;201;0;0
27;45;Pedrafita do Cebreiro;1-001 -A;340;0;0;340;220;0;220;2;2;1;0;1;0;0;17;82;0;0;0;114;1;0
27;45;Pedrafita do Cebreiro;1-001 -B;263;0;0;263;177;0;177;0;2;2;0;1;0;0;14;115;0;1;0;41;1;0
27;45;Pedrafita do Cebreiro;1-001 -C;304;0;0;304;184;0;184;2;3;1;0;4;0;0;12;112;0;0;0;49;1;0
27;46;Pol;1-001 -A;362;0;0;362;224;0;224;5;3;3;0;4;0;0;45;64;0;0;0;99;1;0
27;46;Pol;1-001 -B;279;0;0;279;172;0;172;2;1;1;0;3;0;0;31;44;0;1;0;88;0;1
27;46;Pol;1-002 -A;366;0;0;366;221;0;221;1;0;7;0;5;0;0;58;58;0;1;0;90;0;1
27;46;Pol;1-002 -B;225;0;0;225;131;0;131;2;3;4;0;2;0;0;21;24;0;0;0;75;0;0
27;46;Pol;1-002 -C;217;0;0;217;147;0;147;0;1;1;0;1;0;0;26;29;0;0;0;89;0;0
27;49;Portomar¡n;1-001 -A;649;0;0;649;453;0;453;5;7;2;0;4;0;0;60;51;0;0;0;324;0;0
27;49;Portomar¡n;1-001 -B;341;3;0;344;212;1;213;1;4;0;0;15;0;1;17;27;0;1;0;147;0;0
27;49;Portomar¡n;1-001 -C;294;0;0;294;203;0;203;2;2;0;0;4;0;0;20;36;0;1;0;138;0;0
27;50;Quiroga;1-001 -A;631;0;0;631;392;0;392;9;4;8;1;8;0;0;66;58;0;1;0;235;1;1
27;50;Quiroga;1-001 -B;872;0;0;872;538;1;539;5;3;15;0;11;0;0;66;97;0;0;0;341;1;0
27;50;Quiroga;1-002 -A;559;0;0;559;368;1;369;3;3;9;0;5;0;0;43;60;0;0;0;245;1;0
27;50;Quiroga;1-002 -B;337;0;0;337;216;1;217;0;1;3;0;3;0;0;13;12;0;0;0;185;0;0
27;50;Quiroga;1-002 -C;395;0;0;395;257;1;258;6;0;7;0;2;0;0;36;36;0;0;0;169;0;2
27;56;R bade;1-001 -A;555;0;0;555;340;0;340;3;2;7;0;8;0;0;74;61;0;0;0;183;0;2
27;56;R bade;1-001 -B;645;0;0;645;405;0;405;6;4;6;0;8;0;0;92;71;0;1;0;213;1;3
27;51;Ribadeo;1-001 -A;815;0;0;815;475;2;477;3;4;12;0;9;0;1;144;80;0;4;0;218;1;1
27;51;Ribadeo;1-001 -B;900;0;0;900;473;2;475;3;4;20;1;12;0;1;132;81;0;7;0;208;3;3
27;51;Ribadeo;1-002 -A;606;0;0;606;306;3;309;6;4;10;0;7;0;0;76;44;0;1;0;159;1;1
27;51;Ribadeo;1-002 -B;689;0;0;689;377;2;379;3;1;9;0;5;0;1;111;67;2;3;0;172;5;0
27;51;Ribadeo;1-002 -C;678;0;0;678;369;1;370;0;4;10;0;4;0;0;93;66;0;0;1;190;2;0
27;51;Ribadeo;1-003 -A;564;0;0;564;302;3;305;1;8;14;0;8;0;0;94;37;0;4;0;136;0;3
27;51;Ribadeo;1-003 -B;595;0;0;595;311;3;314;2;4;13;0;15;0;0;80;51;0;0;0;147;1;1
27;51;Ribadeo;1-003 -C;579;0;0;579;318;2;320;2;4;11;1;12;0;0;86;41;0;1;0;158;1;3
27;51;Ribadeo;1-004 -A;312;0;0;312;187;0;187;4;4;4;0;4;0;0;46;21;0;1;0;99;2;2
27;51;Ribadeo;1-004 -B;627;0;0;627;366;1;367;5;6;7;0;6;0;0;108;52;0;1;1;180;0;1
27;51;Ribadeo;1-005 -A;469;0;0;469;277;0;277;3;0;5;0;5;0;0;101;29;0;2;0;132;0;0
27;51;Ribadeo;1-005 -B;400;0;0;400;266;1;267;3;2;5;0;0;0;0;49;31;0;0;1;176;0;0
27;51;Ribadeo;1-006 -A;565;0;0;565;365;0;365;4;2;9;0;5;0;0;129;12;0;1;0;200;2;1
27;51;Ribadeo;1-006 -B;225;0;0;225;162;1;163;0;0;5;0;0;0;1;42;8;0;0;0;107;0;0
27;52;Ribas de Sil;1-001 -U;856;0;0;856;531;0;531;6;3;7;0;6;0;0;67;193;0;1;1;246;0;1
27;53;Ribeira de Piqu¡n;1-001 -U;486;0;0;486;332;1;333;8;1;0;0;4;0;0;32;153;0;0;0;134;1;0
27;54;Riotorto;1-001 -A;466;0;0;466;337;0;337;8;3;11;0;8;0;0;77;65;0;0;0;163;0;2
27;54;Riotorto;1-001 -B;266;0;0;266;201;0;201;2;3;3;0;1;0;0;28;20;0;0;0;143;0;1
27;54;Riotorto;1-001 -C;376;0;0;376;244;0;244;1;0;0;0;3;0;0;30;28;0;0;0;182;0;0
27;55;Samos;1-001 -A;466;0;0;466;300;0;300;2;2;6;0;8;0;0;44;39;0;4;0;195;0;0
27;55;Samos;1-001 -B;255;0;0;255;176;0;176;2;0;5;0;0;0;0;24;43;0;0;0;102;0;0
27;55;Samos;1-001 -C;229;0;0;229;138;0;138;0;1;0;0;0;0;0;23;26;0;0;1;87;0;0
27;55;Samos;1-001 -D;219;0;0;219;142;0;142;2;0;0;0;4;0;0;11;31;0;6;0;88;0;0
27;57;Sarria;1-001 -A;610;0;0;610;372;0;372;3;4;6;0;8;0;0;93;55;0;0;0;197;4;2
27;57;Sarria;1-001 -B;524;0;0;524;328;1;329;2;3;0;1;3;0;0;83;37;1;7;0;189;1;2
27;57;Sarria;1-001 -C;556;0;0;556;369;1;370;6;4;4;0;4;0;0;93;61;0;0;0;196;0;2
27;57;Sarria;1-002 -A;622;0;0;622;355;0;355;3;2;8;0;8;0;0;101;46;0;1;0;182;4;0
27;57;Sarria;1-002 -B;928;0;0;928;558;0;558;6;5;16;1;16;0;1;119;81;1;0;0;308;4;0
27;57;Sarria;1-003 -U;989;0;0;989;568;0;568;5;5;12;0;10;0;0;174;82;0;1;0;278;0;1
27;57;Sarria;1-004 -A;442;0;0;442;259;1;260;6;1;3;0;8;0;0;65;45;0;2;0;126;2;2
27;57;Sarria;1-004 -B;660;0;0;660;414;1;415;7;0;10;0;11;0;0;93;62;0;0;0;230;0;2
27;57;Sarria;1-005 -U;718;0;0;718;371;1;372;4;2;10;0;8;0;0;83;56;0;2;1;205;0;1
27;57;Sarria;1-006 -A;383;0;0;383;218;0;218;3;3;0;0;0;0;0;51;23;1;6;0;129;2;0
27;57;Sarria;1-006 -B;795;0;0;795;539;1;540;5;7;11;0;5;0;0;150;56;0;2;0;301;2;1
27;57;Sarria;1-007 -A;415;0;0;415;237;0;237;5;1;8;0;6;0;0;56;39;0;0;0;122;0;0
27;57;Sarria;1-007 -B;623;0;0;623;387;0;387;9;6;7;0;5;1;1;108;56;0;2;0;190;1;1
27;57;Sarria;2-001 -A;239;0;0;239;160;0;160;1;1;0;0;2;0;0;27;24;0;0;0;104;1;0
27;57;Sarria;2-001 -B;233;0;0;233;149;0;149;5;0;1;0;2;0;0;24;17;0;0;0;100;0;0
27;57;Sarria;2-001 -C;454;0;0;454;314;0;314;2;4;1;0;1;0;0;83;44;0;0;0;179;0;0
27;57;Sarria;3-001 -A;240;0;0;240;130;0;130;3;3;1;0;2;0;0;33;6;0;0;0;82;0;0
27;57;Sarria;3-001 -B;413;0;0;413;215;1;216;1;0;1;0;2;0;1;63;28;0;2;0;117;1;0
27;57;Sarria;3-001 -C;303;0;0;303;175;1;176;2;0;2;0;6;0;0;37;32;0;0;0;96;1;0
27;57;Sarria;4-001 -A;387;0;0;387;235;0;235;3;2;4;0;10;0;0;67;19;0;1;0;129;0;0
27;57;Sarria;4-001 -B;290;0;0;290;177;1;178;1;2;7;0;4;0;0;30;44;0;0;0;90;0;0
27;57;Sarria;4-001 -C;229;0;0;229;147;0;147;0;0;0;0;2;0;0;29;31;0;0;0;83;1;1
27;59;Sober;1-001 -A;315;0;0;315;203;0;203;4;2;3;0;4;0;1;22;17;0;0;0;147;2;1
27;59;Sober;1-001 -B;230;0;0;230;166;0;166;1;4;1;0;4;1;0;21;23;1;0;0;109;0;1
27;59;Sober;1-001 -C;260;0;0;260;168;0;168;1;1;8;0;9;0;0;33;23;0;0;0;93;0;0
27;59;Sober;1-002 -A;402;0;0;402;289;0;289;4;3;2;0;5;0;2;25;41;0;0;0;206;1;0
27;59;Sober;1-002 -B;221;0;0;221;162;0;162;1;2;3;0;0;0;0;23;12;0;0;0;118;3;0
27;59;Sober;1-003 -A;302;0;0;302;229;0;229;10;1;7;0;4;0;0;22;26;0;2;0;157;0;0
27;59;Sober;1-003 -B;279;0;0;279;190;0;190;3;0;6;0;5;0;0;25;32;0;1;0;115;2;1
27;60;Taboada;1-001 -U;808;0;0;808;513;0;513;8;2;11;1;7;0;2;120;89;0;0;0;270;2;1
27;60;Taboada;1-002 -U;677;0;0;677;372;0;372;1;2;3;0;8;0;0;44;59;0;0;1;251;2;1
27;60;Taboada;1-003 -A;247;0;0;247;154;1;155;2;1;1;0;0;0;0;37;24;0;1;0;89;0;0
27;60;Taboada;1-003 -B;250;0;0;250;161;0;161;0;1;4;0;1;0;0;25;29;0;0;0;101;0;0
27;60;Taboada;1-003 -C;427;0;0;427;228;0;228;4;3;0;0;3;0;0;34;43;0;0;1;140;0;0
27;61;Trabada;1-001 -A;576;0;0;576;388;0;388;7;3;6;0;5;0;0;66;69;0;5;0;226;1;0
27;61;Trabada;1-001 -B;441;0;0;441;257;0;257;11;1;7;0;10;0;0;32;48;0;1;0;145;1;1
27;62;Triacastela;1-001 -U;582;0;0;582;418;0;418;4;3;4;0;2;0;0;53;85;0;0;0;266;0;1
27;65;Vilalba;1-001 -A;586;0;0;586;351;1;352;3;4;8;0;12;0;0;77;58;1;0;0;189;0;0
27;65;Vilalba;1-001 -B;710;0;0;710;409;0;409;1;6;6;1;10;0;2;93;70;0;1;0;218;0;1
27;65;Vilalba;1-002 -A;521;0;0;521;320;1;321;7;4;4;0;4;0;0;81;38;0;0;0;182;1;0
27;65;Vilalba;1-002 -B;450;0;0;450;284;1;285;7;2;9;0;3;0;0;72;39;0;0;0;150;1;2
27;65;Vilalba;1-003 -A;612;0;0;612;337;0;337;6;3;7;0;6;0;0;86;43;0;2;0;184;0;0
27;65;Vilalba;1-003 -B;787;0;0;787;440;0;440;8;4;9;0;10;0;0;106;49;0;0;0;252;2;0
27;65;Vilalba;1-004 -A;569;0;0;569;344;1;345;1;6;3;0;4;0;0;38;57;0;0;0;234;0;2
27;65;Vilalba;1-004 -B;470;0;0;470;233;0;233;1;2;4;0;4;0;1;30;41;0;2;0;146;2;0
27;65;Vilalba;1-006 -A;706;0;0;706;414;1;415;3;5;15;0;7;0;0;105;66;1;2;1;208;1;1
27;65;Vilalba;1-006 -B;805;0;0;805;461;1;462;7;6;12;0;7;0;1;105;60;0;1;0;260;0;3
27;65;Vilalba;1-007 -A;502;0;0;502;248;1;249;0;1;7;0;2;0;0;54;50;0;0;0;135;0;0
27;65;Vilalba;1-007 -B;539;0;0;539;267;0;267;3;1;5;0;3;0;0;71;50;0;0;1;133;0;0
27;65;Vilalba;2-001 -A;449;0;0;449;275;0;275;2;2;6;0;3;0;1;30;61;0;0;0;169;0;1
27;65;Vilalba;2-001 -B;271;0;0;271;186;0;186;3;2;4;1;4;0;0;30;28;0;0;1;113;0;0
27;65;Vilalba;2-001 -C;330;0;0;330;175;1;176;1;3;0;0;4;0;0;21;24;0;0;0;122;0;1
27;65;Vilalba;2-002 -A;423;0;0;423;266;1;267;3;5;1;0;4;1;0;37;42;0;0;0;172;2;0
27;65;Vilalba;2-002 -B;304;0;0;304;158;1;159;4;2;0;0;4;0;0;21;32;0;1;0;93;1;1
27;65;Vilalba;3-001 -A;480;0;0;480;247;0;247;6;2;0;0;8;0;0;38;43;0;1;0;146;3;0
27;65;Vilalba;3-001 -B;345;0;0;345;176;0;176;2;3;3;1;6;0;0;10;35;0;0;0;116;0;0
27;65;Vilalba;3-002 -A;451;0;0;451;291;0;291;2;2;9;0;9;0;0;59;42;0;0;0;167;1;0
27;65;Vilalba;3-002 -B;241;0;0;241;152;0;152;2;5;1;0;3;0;0;10;26;0;0;0;105;0;0
27;65;Vilalba;3-002 -C;223;0;0;223;133;1;134;1;1;1;0;3;0;0;23;26;0;1;0;78;0;0
27;65;Vilalba;4-001 -A;386;0;0;386;233;0;233;7;2;1;0;2;0;0;35;44;0;1;0;141;0;0
27;65;Vilalba;4-001 -B;207;0;0;207;133;0;133;0;2;4;0;2;0;0;13;30;0;0;0;81;1;0
27;65;Vilalba;4-002 -A;290;0;0;290;183;1;184;6;0;1;0;4;0;0;12;25;0;0;0;136;0;0
27;65;Vilalba;4-002 -B;338;0;0;338;194;0;194;2;4;3;0;1;0;0;29;46;0;1;0;107;1;0
27;66;Viveiro;1-001 -A;650;0;0;650;392;2;394;9;3;13;0;10;1;1;104;82;0;1;0;165;0;5
27;66;Viveiro;1-001 -B;660;0;0;660;377;2;379;9;5;12;0;8;0;1;107;63;0;0;0;171;2;1
27;66;Viveiro;1-002 -U;530;0;0;530;307;1;308;7;1;10;0;3;0;0;71;66;1;0;1;146;1;1
27;66;Viveiro;1-003 -A;877;0;0;877;508;2;510;17;2;20;0;18;0;1;173;102;0;0;0;176;0;1
27;66;Viveiro;1-003 -B;1.001;0;0;1.001;605;1;606;12;6;12;1;7;0;0;198;122;0;1;1;242;1;3
27;66;Viveiro;1-004 -A;738;0;0;738;396;2;398;11;2;3;0;7;0;0;130;67;0;3;0;174;1;0
27;66;Viveiro;1-004 -B;766;0;0;766;461;2;463;9;4;26;0;5;0;0;168;95;0;1;0;152;2;1
27;66;Viveiro;1-005 -A;860;0;0;860;519;2;521;8;2;18;1;16;0;1;203;77;0;0;0;192;2;1
27;66;Viveiro;1-005 -B;877;0;0;877;487;0;487;9;1;10;0;12;0;1;182;85;0;0;0;183;2;2
27;66;Viveiro;1-006 -A;555;0;0;555;310;2;312;11;4;8;0;4;0;0;105;50;0;0;0;130;0;0
27;66;Viveiro;1-006 -B;639;0;0;639;358;0;358;4;2;10;1;6;0;0;122;63;0;0;1;145;3;1
27;66;Viveiro;1-007 -U;814;0;0;814;376;0;376;1;3;16;0;9;0;0;114;71;1;0;0;159;1;1
27;66;Viveiro;2-001 -A;802;0;0;802;485;1;486;9;7;7;0;14;0;0;145;79;0;0;0;222;2;1
27;66;Viveiro;2-001 -B;664;0;0;664;408;3;411;5;4;8;0;5;0;0;121;77;0;3;2;183;2;1
27;66;Viveiro;3-001 -A;243;0;0;243;142;0;142;4;0;2;0;3;0;0;42;17;0;0;0;74;0;0
27;66;Viveiro;3-001 -B;525;0;0;525;317;0;317;5;1;11;0;5;0;0;80;52;0;0;0;161;2;0
27;66;Viveiro;4-001 -A;382;0;0;382;231;0;231;4;0;12;1;3;0;0;64;52;0;0;0;93;2;0
27;66;Viveiro;4-001 -B;459;0;0;459;263;0;263;1;1;7;0;10;0;0;88;52;0;0;0;103;0;1
27;66;Viveiro;4-001 -C;490;0;0;490;306;0;306;10;3;5;0;3;0;0;80;48;0;1;0;155;1;0
27;21;Xermade;1-001 -A;520;0;0;520;336;0;336;9;3;4;0;11;0;0;60;45;0;0;0;204;0;0
27;21;Xermade;1-001 -B;271;0;0;271;155;1;156;1;1;0;0;8;0;1;12;36;0;0;0;97;0;0
27;21;Xermade;1-001 -C;211;0;0;211;117;0;117;2;1;1;0;3;0;0;17;17;0;0;0;76;0;0
27;21;Xermade;1-001 -D;607;0;0;607;344;0;344;7;6;4;0;6;0;0;66;70;0;0;0;183;1;1
27;25;Xove;1-001 -A;687;0;0;687;484;0;484;13;4;6;1;5;0;0;179;41;0;0;0;230;2;3
27;25;Xove;1-001 -B;721;0;0;721;490;0;490;17;5;10;0;10;0;0;146;58;0;1;0;233;4;6
27;25;Xove;1-002 -U;690;0;0;690;421;0;421;9;2;13;0;9;0;0;141;40;0;2;0;204;0;1
27;25;Xove;2-001 -A;340;0;0;340;239;0;239;8;2;5;1;2;0;0;73;21;0;0;0;126;1;0
27;25;Xove;2-001 -B;283;0;0;283;200;0;200;7;1;1;0;2;0;0;57;16;0;2;0;114;0;0
27;990;Residentes Ausentes Lugo;99-001 -U;67.605;0;0;67.605;421;0;421;1;7;37;3;25;2;2;83;92;5;1;5;141;9;8
Total;;;;342.969;14;0;342.983;165.362;204;165.566;2.189;1.520;3.715;64;3.381;40;83;35.178;28.465;83;367;94;89.266;592;529
