Cód Cir;Cód Con;Concello;Mesa;Censo;Certif Alta;Censo Total;Votos Totais;Votos nulos;Votos brancos;Abstención;Votos Válidos;Votos Candidaturas;BNG;ECG;ESCANOS EN BRANCO;PACMA;PODEMOS-ALIANZA VERDE;PP;PSdeG-PSOE;PUM+J;SUMAR GALICIA;VOX
27;018;A Fonsagrada;01-001-A;715;0;715;538;7;5;177;531;526;120;0;0;0;1;216;184;0;2;3
27;018;A Fonsagrada;01-001-B;700;0;700;502;3;4;198;499;495;114;0;0;0;1;193;183;0;2;2
27;018;A Fonsagrada;01-001-C;244;0;244;164;1;1;80;163;162;28;0;1;0;0;63;63;0;1;6
27;018;A Fonsagrada;02-001-A;200;0;200;140;1;1;60;139;138;25;0;0;0;2;64;47;0;0;0
27;018;A Fonsagrada;02-001-B;236;0;236;169;0;2;67;169;167;28;0;0;0;0;51;85;0;1;2
27;018;A Fonsagrada;02-001-C;220;0;220;162;0;0;58;162;162;24;0;0;0;0;80;54;0;0;4
27;018;A Fonsagrada;03-001-A;209;0;209;132;0;1;77;132;131;16;0;0;0;0;63;51;0;0;1
27;018;A Fonsagrada;03-001-B;346;0;346;227;2;0;119;225;225;30;1;0;0;1;96;94;0;1;2
27;044;A Pastoriza;01-001-A;403;0;403;305;5;3;98;300;297;74;0;0;0;1;183;39;0;0;0
27;044;A Pastoriza;01-001-B;594;0;594;382;2;3;212;380;377;68;0;1;1;0;258;43;0;2;4
27;044;A Pastoriza;01-002-A;417;0;417;297;6;2;120;291;289;43;1;0;0;0;188;53;1;1;2
27;044;A Pastoriza;01-002-B;352;0;352;231;5;0;121;226;226;44;0;1;0;1;153;23;0;1;3
27;044;A Pastoriza;01-003-A;350;0;350;266;5;4;84;261;257;49;1;0;0;0;179;27;0;0;1
27;044;A Pastoriza;01-003-B;364;0;364;246;2;5;118;244;239;47;3;0;0;0;155;30;1;0;3
27;047;A Pobra do Brollón;01-001-A;422;0;422;314;3;3;108;311;308;115;0;0;0;0;141;44;0;1;7
27;047;A Pobra do Brollón;01-001-B;224;0;224;160;1;3;64;159;156;65;0;0;0;1;71;15;0;0;4
27;047;A Pobra do Brollón;01-002-A;337;0;337;243;0;0;94;243;243;72;0;1;1;1;124;39;0;0;5
27;047;A Pobra do Brollón;01-002-B;204;0;204;148;0;0;56;148;148;46;0;0;0;0;75;26;0;0;1
27;047;A Pobra do Brollón;01-002-C;230;0;230;161;1;2;69;160;158;64;0;0;1;0;70;23;0;0;0
27;048;A Pontenova;01-001-A;500;0;500;369;3;5;131;366;361;79;0;0;1;1;157;118;0;1;4
27;048;A Pontenova;01-001-B;597;0;597;438;4;2;159;434;432;100;0;0;0;0;192;134;0;1;5
27;048;A Pontenova;01-001-C;212;0;212;161;2;2;51;159;157;23;0;0;0;0;87;46;0;0;1
27;048;A Pontenova;01-002-U;548;0;548;379;2;2;169;377;375;25;1;1;1;2;204;125;1;5;10
27;001;Abadín;01-001-U;632;0;632;354;4;7;278;350;343;65;0;0;1;0;228;38;0;2;9
27;001;Abadín;01-002-U;524;0;524;313;1;6;211;312;306;73;0;0;1;0;193;32;0;1;6
27;001;Abadín;01-003-A;359;0;359;207;1;3;152;206;203;26;0;1;0;0;138;25;0;2;11
27;001;Abadín;01-003-B;496;0;496;308;2;1;188;306;305;54;1;0;0;0;189;52;1;1;7
27;002;Alfoz;01-001-U;646;0;646;492;15;2;154;477;475;123;1;0;1;0;222;117;1;1;9
27;002;Alfoz;01-002-A;399;0;399;282;4;1;117;278;277;59;1;1;0;0;165;44;1;2;4
27;002;Alfoz;01-002-B;364;0;364;271;6;4;93;265;261;42;0;0;0;0;126;89;0;1;3
27;003;Antas de Ulla;01-001-A;481;0;481;358;9;2;123;349;347;54;0;1;1;2;214;71;0;1;3
27;003;Antas de Ulla;01-001-B;552;0;552;408;6;5;144;402;397;0;6;0;2;0;231;74;0;83;1
27;003;Antas de Ulla;01-003-A;203;0;203;146;3;2;57;143;141;20;0;0;0;0;84;34;0;2;1
27;003;Antas de Ulla;01-003-B;385;0;385;296;0;0;89;296;296;52;0;0;0;0;155;88;0;0;1
27;037;As Nogais;01-001-A;422;0;422;337;3;2;85;334;332;55;0;0;0;1;202;68;0;2;4
27;037;As Nogais;01-001-B;465;0;465;371;4;4;94;367;363;53;0;1;1;1;232;69;0;2;4
27;004;Baleira;01-001-A;468;0;468;326;3;1;142;323;322;75;1;0;0;0;169;76;0;0;1
27;004;Baleira;01-001-B;212;0;212;147;3;1;65;144;143;20;0;0;0;0;87;33;0;0;3
27;004;Baleira;01-001-C;355;0;355;225;0;0;130;225;225;22;1;0;0;0;168;28;2;0;4
27;901;Baralla;01-001-A;452;0;452;321;0;3;131;321;318;66;1;0;0;0;212;26;0;0;13
27;901;Baralla;01-001-B;485;0;485;356;4;6;129;352;346;65;2;3;2;0;217;50;0;2;5
27;901;Baralla;01-001-C;234;0;234;178;0;3;56;178;175;16;0;0;0;0;145;12;0;1;1
27;901;Baralla;01-001-D;231;0;231;175;3;1;56;172;171;32;0;0;0;0;115;21;0;0;3
27;901;Baralla;01-002-A;410;0;410;300;3;5;110;297;292;45;0;0;0;0;214;29;0;0;4
27;901;Baralla;01-002-B;357;0;357;260;1;3;97;259;256;48;4;0;0;0;179;24;0;0;1
27;005;Barreiros;01-001-A;617;0;617;446;5;7;171;441;434;150;1;1;1;0;232;39;1;3;6
27;005;Barreiros;01-001-B;669;0;669;461;5;7;208;456;449;149;1;0;3;0;246;41;0;2;7
27;005;Barreiros;01-002-U;714;0;714;499;4;4;215;495;491;170;0;0;4;1;254;48;0;4;10
27;005;Barreiros;01-003-A;299;0;299;224;1;4;75;223;219;66;0;1;0;1;106;42;0;0;3
27;005;Barreiros;01-003-B;276;0;276;203;1;1;73;202;201;64;0;1;0;1;95;34;0;1;5
27;006;Becerreá;01-001-A;552;0;552;406;7;6;146;399;393;75;13;0;2;0;239;50;0;0;14
27;006;Becerreá;01-001-B;555;0;555;412;3;2;143;409;407;109;10;1;2;0;222;52;0;0;11
27;006;Becerreá;01-002-A;277;0;277;182;0;3;95;182;179;29;3;1;0;0;109;34;0;1;2
27;006;Becerreá;01-002-B;336;0;336;213;2;1;123;211;210;63;3;0;1;0;105;26;0;0;12
27;006;Becerreá;01-003-A;347;0;347;276;1;0;71;275;275;54;18;2;0;0;173;21;0;2;5
27;006;Becerreá;01-003-B;201;0;201;136;0;1;65;136;135;29;8;0;0;0;78;17;0;0;3
27;007;Begonte;01-001-A;636;0;636;477;13;3;159;464;461;84;0;0;3;1;314;50;0;2;7
27;007;Begonte;01-001-B;432;0;432;338;6;6;94;332;326;71;1;0;0;0;202;40;0;2;10
27;007;Begonte;01-002-A;478;0;478;393;3;1;85;390;389;79;0;0;2;0;259;41;0;0;8
27;007;Begonte;01-002-B;419;0;419;340;4;2;79;336;334;46;0;0;0;1;228;51;0;0;8
27;007;Begonte;01-003-A;333;0;333;246;1;4;87;245;241;49;0;2;0;0;154;32;0;0;4
27;007;Begonte;01-003-B;316;0;316;236;4;2;80;232;230;40;0;0;0;1;163;22;0;0;4
27;902;Burela;01-001-A;722;0;722;416;3;0;306;413;413;142;0;0;2;0;190;64;1;3;11
27;902;Burela;01-001-B;649;0;649;408;8;2;241;400;398;126;0;0;2;0;200;59;1;1;9
27;902;Burela;01-002-U;871;0;871;565;9;5;306;556;551;169;0;3;2;2;267;92;0;7;9
27;902;Burela;01-003-A;643;0;643;439;3;1;204;436;435;115;1;0;2;2;247;57;0;4;7
27;902;Burela;01-003-B;611;0;611;398;5;1;213;393;392;97;0;0;2;0;235;51;0;1;6
27;902;Burela;01-004-A;732;0;732;467;11;3;265;456;453;148;0;0;0;2;228;69;0;2;4
27;902;Burela;01-004-B;661;0;661;445;6;5;216;439;434;164;0;1;0;0;207;52;0;3;7
27;902;Burela;01-005-U;592;0;592;379;5;3;213;374;371;121;1;3;0;1;177;56;0;2;10
27;902;Burela;01-006-A;751;0;751;472;8;0;279;464;464;176;0;2;2;1;198;68;2;2;13
27;902;Burela;01-006-B;757;0;757;472;3;6;285;469;463;174;0;1;0;1;204;72;0;1;10
27;008;Bóveda;01-001-U;682;0;682;452;2;2;230;450;448;108;0;2;0;0;225;101;0;1;11
27;008;Bóveda;01-002-U;589;0;589;463;12;4;126;451;447;104;0;0;0;2;283;47;0;1;10
27;009;Carballedo;01-001-A;495;0;495;382;5;1;113;377;376;60;3;1;0;0;255;46;1;2;8
27;009;Carballedo;01-001-B;263;0;263;209;2;3;54;207;204;28;0;0;0;1;161;12;0;0;2
27;009;Carballedo;01-002-A;252;0;252;210;4;0;42;206;206;36;1;0;0;0;156;10;0;0;3
27;009;Carballedo;01-002-B;341;0;341;273;1;1;68;272;271;35;0;0;1;0;215;18;0;2;0
27;009;Carballedo;01-003-A;303;0;303;232;2;3;71;230;227;67;0;1;1;0;112;42;0;1;3
27;009;Carballedo;01-003-B;241;0;241;179;2;1;62;177;176;45;0;1;0;0;105;22;0;0;3
27;010;Castro de Rei;01-001-A;377;0;377;283;7;3;94;276;273;46;1;0;0;0;190;29;0;1;6
27;010;Castro de Rei;01-001-B;291;0;291;227;1;2;64;226;224;67;0;0;1;0;117;29;0;1;9
27;010;Castro de Rei;01-002-U;607;0;607;402;9;3;205;393;390;82;0;1;0;0;221;74;0;1;11
27;010;Castro de Rei;01-003-A;851;0;851;529;10;5;322;519;514;152;0;2;3;1;259;65;1;4;27
27;010;Castro de Rei;01-003-B;859;0;859;552;17;13;307;535;522;136;0;1;0;0;283;86;0;1;15
27;010;Castro de Rei;01-004-U;603;0;603;426;7;6;177;419;413;96;0;0;1;0;245;61;0;2;8
27;010;Castro de Rei;01-005-U;612;0;612;393;6;2;219;387;385;80;0;0;3;0;227;61;2;2;10
27;011;Castroverde;01-001-A;561;0;561;419;6;1;142;413;412;80;0;1;3;0;222;101;0;0;5
27;011;Castroverde;01-001-B;231;0;231;185;3;2;46;182;180;33;0;0;1;0;94;42;0;0;10
27;011;Castroverde;01-002-A;448;0;448;338;2;2;110;336;334;63;0;1;0;0;167;97;0;0;6
27;011;Castroverde;01-002-B;369;0;369;275;3;1;94;272;271;61;0;0;0;0;128;79;0;0;3
27;011;Castroverde;01-003-A;257;0;257;197;2;1;60;195;194;32;1;1;0;0;99;57;0;0;4
27;011;Castroverde;01-003-B;369;0;369;280;1;2;89;279;277;45;0;0;1;0;139;91;0;0;1
27;012;Cervantes;01-001-A;257;0;257;176;1;1;81;175;174;49;2;0;0;1;94;26;0;0;2
27;012;Cervantes;01-001-B;207;0;207;154;0;1;53;154;153;11;0;0;0;0;101;38;0;0;3
27;012;Cervantes;01-001-C;207;0;207;144;4;1;63;140;139;24;1;0;0;0;86;25;0;1;2
27;012;Cervantes;01-001-D;481;0;481;319;1;6;162;318;312;52;0;0;0;0;122;130;0;1;7
27;013;Cervo;01-001-A;643;0;643;508;9;5;135;499;494;178;0;0;2;0;205;103;0;2;4
27;013;Cervo;01-001-B;756;0;756;609;10;3;147;599;596;247;0;1;4;2;219;114;0;5;4
27;013;Cervo;01-002-A;309;0;309;256;4;2;53;252;250;77;0;0;1;2;125;38;0;2;5
27;013;Cervo;01-002-B;272;0;272;223;3;0;49;220;220;55;0;0;1;0;127;35;0;2;0
27;013;Cervo;02-001-A;875;0;875;701;8;6;174;693;687;246;0;0;1;1;318;100;1;4;16
27;013;Cervo;02-001-B;307;0;307;224;1;3;83;223;220;64;1;0;2;2;90;54;1;2;4
27;013;Cervo;02-001-C;204;0;204;163;0;0;41;163;163;36;0;0;0;0;99;28;0;0;0
27;013;Cervo;02-001-D;232;0;232;184;2;3;48;182;179;54;0;0;0;1;92;32;0;0;0
27;016;Chantada;01-001-A;565;0;565;403;3;4;162;400;396;144;2;1;0;1;193;47;1;1;6
27;016;Chantada;01-001-B;436;0;436;307;4;5;129;303;298;100;0;0;2;0;140;45;1;2;8
27;016;Chantada;01-002-U;766;0;766;534;6;7;232;528;521;155;0;0;2;0;265;81;0;4;14
27;016;Chantada;01-003-A;589;0;589;394;9;8;195;385;377;123;0;0;2;0;180;59;0;7;6
27;016;Chantada;01-003-B;665;0;665;465;5;6;200;460;454;141;0;0;2;0;223;72;0;4;12
27;016;Chantada;01-003-C;642;0;642;464;6;5;178;458;453;169;0;0;3;0;200;66;1;7;7
27;016;Chantada;01-004-A;722;0;722;504;6;9;218;498;489;122;1;2;0;2;289;63;0;2;8
27;016;Chantada;01-004-B;273;0;273;193;1;2;80;192;190;40;1;0;2;0;119;25;0;1;2
27;016;Chantada;02-001-A;414;0;414;295;0;4;119;295;291;93;0;0;1;0;141;51;1;1;3
27;016;Chantada;02-001-B;328;0;328;256;3;2;72;253;251;64;0;1;0;0;154;29;0;0;3
27;016;Chantada;03-001-A;272;0;272;186;0;1;86;186;185;52;0;0;1;1;91;37;0;1;2
27;016;Chantada;03-001-B;268;0;268;189;1;0;79;188;188;60;0;0;0;0;85;34;0;3;6
27;016;Chantada;04-001-A;217;0;217;170;0;0;47;170;170;58;0;0;0;0;74;31;0;0;7
27;016;Chantada;04-001-B;509;0;509;329;3;4;180;326;322;71;0;0;0;0;196;42;0;3;10
27;015;Cospeito;01-001-A;490;0;490;343;4;3;147;339;336;74;0;3;1;0;179;69;0;1;9
27;015;Cospeito;01-001-B;593;0;593;412;6;2;181;406;404;90;0;1;1;1;225;76;0;6;4
27;015;Cospeito;01-002-A;459;0;459;334;12;0;125;322;322;63;0;0;0;0;209;45;0;2;3
27;015;Cospeito;01-002-B;373;0;373;258;0;2;115;258;256;31;0;1;0;0;194;26;0;0;4
27;015;Cospeito;01-003-A;348;0;348;268;3;0;80;265;265;45;0;0;2;0;156;57;0;1;4
27;015;Cospeito;01-003-B;410;0;410;277;6;7;133;271;264;63;0;0;0;0;148;47;0;0;6
27;015;Cospeito;01-003-C;386;0;386;275;4;4;111;271;267;52;0;1;0;0;167;42;0;0;5
27;015;Cospeito;01-004-U;648;0;648;465;10;7;183;455;448;90;0;0;0;0;281;66;0;2;9
27;017;Folgoso do Courel;01-001-A;438;0;438;349;2;2;89;347;345;75;0;0;0;0;229;38;0;0;3
27;017;Folgoso do Courel;01-001-B;479;0;479;350;2;0;129;348;348;66;0;0;1;0;200;78;0;1;2
27;019;Foz;01-001-A;759;0;759;498;9;8;261;489;481;144;0;0;3;0;221;96;3;1;13
27;019;Foz;01-001-B;880;0;880;534;8;8;346;526;518;168;0;0;1;2;225;102;2;1;17
27;019;Foz;01-001-C;314;0;314;195;3;2;119;192;190;66;0;1;0;2;85;32;0;0;4
27;019;Foz;01-002-A;532;0;532;339;1;3;193;338;335;127;2;1;3;1;135;57;0;2;7
27;019;Foz;01-002-B;591;0;591;383;6;2;208;377;375;119;0;2;0;2;168;73;1;2;8
27;019;Foz;01-002-C;467;0;467;306;6;0;161;300;300;92;0;0;2;0;145;49;0;3;9
27;019;Foz;01-003-U;545;0;545;415;5;4;130;410;406;128;0;1;2;2;173;85;0;2;13
27;019;Foz;01-004-A;519;0;519;338;5;7;181;333;326;93;0;2;1;1;169;52;1;1;6
27;019;Foz;01-004-B;320;0;320;211;1;2;109;210;208;45;0;0;0;0;108;43;0;1;11
27;019;Foz;01-005-A;474;0;474;310;3;8;164;307;299;71;2;0;1;1;144;73;0;3;4
27;019;Foz;01-005-B;430;0;430;298;2;0;132;296;296;98;1;1;0;0;137;40;0;4;15
27;019;Foz;01-006-U;846;0;846;600;6;3;246;594;591;138;0;1;3;1;335;94;1;3;15
27;019;Foz;01-007-A;543;0;543;373;3;5;170;370;365;136;0;1;1;1;140;81;0;2;3
27;019;Foz;01-007-B;511;0;511;339;8;4;172;331;327;126;0;0;0;1;129;58;0;1;12
27;019;Foz;01-007-C;531;0;531;343;4;3;188;339;336;103;0;0;0;0;166;58;0;4;5
27;020;Friol;01-001-A;815;0;815;670;12;6;145;658;652;91;1;1;1;0;465;80;2;1;10
27;020;Friol;01-001-B;325;0;325;280;1;3;45;279;276;51;0;0;0;0;204;20;0;0;1
27;020;Friol;01-001-C;465;0;465;387;2;6;78;385;379;53;0;0;0;0;277;44;0;0;5
27;020;Friol;01-003-A;268;0;268;245;3;1;23;242;241;29;0;0;0;1;182;24;0;0;5
27;020;Friol;01-003-B;243;0;243;194;2;1;49;192;191;21;0;0;0;0;145;24;0;0;1
27;020;Friol;01-004-A;309;0;309;254;4;0;55;250;250;35;0;0;0;0;186;26;0;0;3
27;020;Friol;01-004-B;270;0;270;231;3;1;39;228;227;24;0;1;1;0;174;25;0;0;2
27;020;Friol;01-004-C;295;0;295;245;5;5;50;240;235;24;0;0;1;0;183;21;0;0;6
27;020;Friol;01-004-D;212;0;212;181;2;2;31;179;177;11;0;0;0;0;142;17;0;1;6
27;022;Guitiriz;01-001-A;333;0;333;227;1;2;106;226;224;40;0;0;1;0;142;37;0;0;4
27;022;Guitiriz;01-001-B;338;0;338;230;5;2;108;225;223;27;1;2;0;0;174;16;0;1;2
27;022;Guitiriz;01-002-A;547;0;547;344;4;4;203;340;336;92;0;0;1;0;150;82;0;3;8
27;022;Guitiriz;01-002-B;487;0;487;288;4;1;199;284;283;83;2;0;0;0;135;56;0;2;5
27;022;Guitiriz;02-001-U;741;0;741;483;10;2;258;473;471;114;0;0;0;0;269;77;0;2;9
27;022;Guitiriz;03-001-A;535;0;535;369;5;2;166;364;362;120;0;1;1;1;152;80;0;1;6
27;022;Guitiriz;03-001-B;853;0;853;618;7;6;235;611;605;222;1;0;0;0;258;113;0;5;6
27;022;Guitiriz;03-002-A;362;5;367;240;3;2;127;237;235;31;0;0;0;1;138;65;0;0;0
27;022;Guitiriz;03-002-B;245;0;245;141;4;3;104;137;134;29;0;0;1;0;86;16;0;2;0
27;023;Guntín;01-001-A;476;0;476;352;4;4;124;348;344;68;1;0;1;0;234;36;0;2;2
27;023;Guntín;01-001-B;220;0;220;175;2;2;45;173;171;28;0;0;0;0;123;14;0;0;6
27;023;Guntín;01-002-U;535;0;535;437;3;4;98;434;430;58;0;0;0;0;328;38;0;1;5
27;023;Guntín;01-003-A;334;0;334;269;0;2;65;269;267;35;0;0;0;0;207;22;0;0;3
27;023;Guntín;01-003-B;221;0;221;170;4;0;51;166;166;29;0;0;2;0;115;18;0;0;2
27;023;Guntín;01-003-C;267;0;267;210;4;2;57;206;204;20;0;0;0;0;143;40;0;0;1
27;023;Guntín;01-003-D;254;0;254;198;1;1;56;197;196;31;0;0;0;0;139;23;0;0;3
27;027;Lourenzá;01-001-A;478;0;478;383;8;6;95;375;369;101;2;0;0;0;185;74;1;2;4
27;027;Lourenzá;01-001-B;444;0;444;347;1;0;97;346;346;110;0;0;1;0;152;81;0;0;2
27;027;Lourenzá;01-002-A;481;0;481;352;4;2;129;348;346;62;0;2;1;0;195;76;0;3;7
27;027;Lourenzá;01-002-B;307;0;307;224;5;3;83;219;216;40;0;0;0;0;99;71;2;0;4
27;028;Lugo;01-001-A;570;0;570;420;2;3;150;418;415;70;1;4;1;1;288;44;0;2;4
27;028;Lugo;01-001-B;417;0;417;305;1;1;112;304;303;64;0;1;0;0;199;31;0;1;7
27;028;Lugo;01-002-U;736;0;736;523;3;6;213;520;514;114;0;2;2;1;323;61;1;1;9
27;028;Lugo;01-003-U;552;0;552;361;0;1;191;361;360;105;0;2;4;1;185;56;1;4;2
27;028;Lugo;02-001-U;637;0;637;460;4;7;177;456;449;101;0;3;1;1;260;72;0;6;5
27;028;Lugo;02-002-U;829;0;829;632;5;6;197;627;621;147;0;2;5;6;340;108;0;2;11
27;028;Lugo;02-003-U;703;0;703;512;4;4;191;508;504;150;1;2;2;4;251;83;0;4;7
27;028;Lugo;02-004-U;531;0;531;385;2;5;146;383;378;108;0;0;0;2;191;68;0;2;7
27;028;Lugo;02-005-A;609;0;609;418;3;9;191;415;406;143;0;2;2;0;175;71;0;2;11
27;028;Lugo;02-005-B;706;0;706;503;2;2;203;501;499;146;0;3;3;1;232;105;0;1;8
27;028;Lugo;02-006-A;673;0;673;478;3;3;195;475;472;146;1;2;3;3;201;104;1;4;7
27;028;Lugo;02-006-B;748;0;748;535;3;6;213;532;526;151;1;0;2;1;249;107;0;2;13
27;028;Lugo;02-007-A;617;0;617;435;2;9;182;433;424;127;2;0;2;3;188;90;0;2;10
27;028;Lugo;02-007-B;617;0;617;419;4;4;198;415;411;128;1;2;3;1;192;69;0;2;13
27;028;Lugo;02-007-C;665;0;665;472;6;5;193;466;461;154;0;5;1;4;202;82;0;6;7
27;028;Lugo;02-008-U;598;0;598;423;3;6;175;420;414;105;1;0;2;0;220;78;1;2;5
27;028;Lugo;02-009-U;825;0;825;586;4;3;239;582;579;184;0;1;0;2;287;89;0;7;9
27;028;Lugo;02-010-A;603;0;603;416;5;1;187;411;410;79;1;3;1;0;254;60;2;4;6
27;028;Lugo;02-010-B;511;0;511;366;2;1;145;364;363;84;0;2;0;0;211;49;2;2;13
27;028;Lugo;02-011-U;837;0;837;609;4;7;228;605;598;164;1;1;3;0;317;100;1;2;9
27;028;Lugo;02-012-A;575;0;575;414;4;2;161;410;408;108;0;0;4;0;195;90;0;4;7
27;028;Lugo;02-012-B;684;0;684;469;14;8;215;455;447;150;0;0;2;0;205;79;0;2;9
27;028;Lugo;02-013-A;496;0;496;359;1;7;137;358;351;115;0;1;1;1;176;50;1;2;4
27;028;Lugo;02-013-B;590;1;591;415;4;8;176;411;403;144;0;0;1;0;176;76;1;3;2
27;028;Lugo;02-014-A;539;0;539;375;3;3;164;372;369;118;0;3;1;0;185;52;1;1;8
27;028;Lugo;02-014-B;650;0;650;478;6;3;172;472;469;132;0;1;3;0;241;78;1;4;9
27;028;Lugo;02-015-A;751;2;753;499;11;5;254;488;483;158;0;2;4;3;231;78;0;3;4
27;028;Lugo;02-015-B;948;0;948;673;1;10;275;672;662;187;2;0;4;1;349;95;1;5;18
27;028;Lugo;02-016-U;679;0;679;493;3;7;186;490;483;135;0;1;3;0;238;87;0;4;15
27;028;Lugo;02-017-A;807;0;807;561;9;11;246;552;541;189;0;0;3;3;232;108;1;1;4
27;028;Lugo;02-017-B;997;0;997;722;9;19;275;713;694;215;0;2;1;3;312;151;0;5;5
27;028;Lugo;02-018-A;585;0;585;419;2;6;166;417;411;147;0;0;0;1;164;90;0;2;7
27;028;Lugo;02-018-B;651;0;651;457;3;2;194;454;452;135;0;1;0;2;214;93;0;2;5
27;028;Lugo;02-019-A;688;0;688;506;2;6;182;504;498;189;1;1;0;0;222;78;0;1;6
27;028;Lugo;02-019-B;572;0;572;416;5;5;156;411;406;135;2;0;0;0;188;69;1;2;9
27;028;Lugo;02-020-A;566;0;566;408;5;4;158;403;399;120;0;0;2;0;182;80;0;5;10
27;028;Lugo;02-020-B;634;0;634;437;6;2;197;431;429;160;0;0;1;0;175;83;0;2;8
27;028;Lugo;02-021-U;967;0;967;724;3;11;243;721;710;191;2;2;0;2;373;119;2;11;8
27;028;Lugo;03-001-U;766;1;767;464;11;1;303;453;452;112;0;1;1;0;227;93;1;4;13
27;028;Lugo;03-002-A;759;0;759;557;7;4;202;550;546;143;1;0;2;2;300;89;0;1;8
27;028;Lugo;03-002-B;898;0;898;665;6;7;233;659;652;178;0;1;1;0;346;115;0;1;10
27;028;Lugo;03-003-A;554;0;554;404;7;2;150;397;395;124;2;0;3;2;168;90;2;1;3
27;028;Lugo;03-003-B;623;0;623;443;4;6;180;439;433;125;0;1;1;3;216;77;1;2;7
27;028;Lugo;03-004-U;935;0;935;626;2;9;309;624;615;191;2;1;1;0;286;126;0;1;7
27;028;Lugo;03-005-A;423;0;423;293;1;4;130;292;288;76;1;1;0;0;145;53;1;4;7
27;028;Lugo;03-005-B;536;0;536;359;2;3;177;357;354;70;0;0;1;0;202;73;0;2;6
27;028;Lugo;03-006-U;581;0;581;375;3;2;206;372;370;111;0;0;0;3;170;77;1;3;5
27;028;Lugo;03-007-A;598;0;598;417;4;2;181;413;411;94;0;0;2;0;218;83;0;4;10
27;028;Lugo;03-007-B;580;0;580;412;3;2;168;409;407;97;1;1;0;0;227;69;0;3;9
27;028;Lugo;03-008-U;900;0;900;614;6;6;286;608;602;117;0;0;5;1;347;112;2;3;15
27;028;Lugo;03-009-A;525;0;525;357;3;1;168;354;353;96;0;0;0;0;181;66;0;2;8
27;028;Lugo;03-009-B;432;0;432;287;0;1;145;287;286;75;0;0;0;1;147;58;0;0;5
27;028;Lugo;03-010-U;545;0;545;361;2;1;184;359;358;94;0;2;4;0;157;92;0;2;7
27;028;Lugo;03-011-U;749;0;749;480;4;5;269;476;471;127;0;1;0;3;225;94;0;10;11
27;028;Lugo;04-001-U;559;0;559;388;5;5;171;383;378;88;0;0;1;1;213;66;0;2;7
27;028;Lugo;04-002-U;813;0;813;487;4;7;326;483;476;137;3;0;5;2;236;85;0;1;7
27;028;Lugo;04-003-A;673;0;673;461;1;1;212;460;459;108;1;0;2;0;238;93;0;3;14
27;028;Lugo;04-003-B;836;1;837;586;7;4;251;579;575;152;1;1;1;1;292;115;0;6;6
27;028;Lugo;04-004-A;567;0;567;375;8;5;192;367;362;98;0;0;2;0;176;72;1;3;10
27;028;Lugo;04-004-B;488;0;488;323;2;1;165;321;320;98;1;0;2;0;162;53;0;3;1
27;028;Lugo;04-005-A;739;0;739;473;4;3;266;469;466;104;0;2;0;1;255;86;1;6;11
27;028;Lugo;04-005-B;926;0;926;557;5;4;369;552;548;155;1;3;4;4;260;94;1;5;21
27;028;Lugo;04-006-A;733;0;733;477;6;3;256;471;468;142;0;0;4;2;233;76;0;3;8
27;028;Lugo;04-006-B;877;0;877;577;13;8;300;564;556;186;0;2;1;0;269;88;0;1;9
27;028;Lugo;04-007-U;671;0;671;459;10;3;212;449;446;140;0;2;1;1;198;83;1;7;13
27;028;Lugo;04-008-A;574;0;574;368;6;3;206;362;359;109;0;2;0;0;163;74;1;1;9
27;028;Lugo;04-008-B;509;0;509;345;6;2;164;339;337;105;0;0;1;1;163;63;0;1;3
27;028;Lugo;04-009-A;646;0;646;419;2;4;227;417;413;114;0;0;1;0;195;82;0;6;15
27;028;Lugo;04-009-B;505;0;505;295;2;2;210;293;291;82;0;0;3;0;143;57;0;1;5
27;028;Lugo;04-010-A;569;0;569;386;2;6;183;384;378;89;0;1;2;0;199;80;0;1;6
27;028;Lugo;04-010-B;449;0;449;317;2;4;132;315;311;92;0;2;1;0;163;47;1;1;4
27;028;Lugo;04-011-A;695;0;695;428;4;3;267;424;421;128;1;0;0;1;205;73;1;6;6
27;028;Lugo;04-011-B;832;0;832;537;3;5;295;534;529;154;0;0;1;1;273;90;0;1;9
27;028;Lugo;04-012-U;801;0;801;531;7;2;270;524;522;144;1;0;3;2;256;93;1;4;18
27;028;Lugo;04-013-A;592;0;592;359;4;3;233;355;352;107;0;0;0;1;173;60;0;1;10
27;028;Lugo;04-013-B;483;0;483;292;6;3;191;286;283;85;0;1;2;0;133;49;0;3;10
27;028;Lugo;04-014-A;483;0;483;319;2;3;164;317;314;108;0;1;0;0;135;58;1;3;8
27;028;Lugo;04-014-B;593;0;593;390;1;4;203;389;385;117;1;1;3;1;178;67;1;4;12
27;028;Lugo;05-001-A;534;0;534;381;3;2;153;378;376;102;0;1;2;2;185;74;0;2;8
27;028;Lugo;05-001-B;441;0;441;320;1;4;121;319;315;64;0;3;0;1;165;75;1;2;4
27;028;Lugo;05-002-A;462;0;462;314;2;3;148;312;309;77;2;1;2;1;164;55;0;1;6
27;028;Lugo;05-002-B;572;0;572;420;3;6;152;417;411;103;0;0;3;2;212;84;1;0;6
27;028;Lugo;05-003-A;663;0;663;415;7;3;248;408;405;117;0;0;0;3;191;79;0;4;11
27;028;Lugo;05-003-B;856;0;856;548;5;5;308;543;538;130;0;0;2;0;291;97;1;4;13
27;028;Lugo;05-004-A;561;0;561;383;1;2;178;382;380;96;1;0;2;0;180;91;0;0;10
27;028;Lugo;05-004-B;604;0;604;391;5;2;213;386;384;88;0;1;0;0;213;74;0;3;5
27;028;Lugo;05-005-A;730;0;730;491;4;5;239;487;482;117;1;2;1;2;260;88;0;2;9
27;028;Lugo;05-005-B;893;0;893;620;7;3;273;613;610;170;1;2;3;0;291;129;0;6;8
27;028;Lugo;05-006-U;662;0;662;467;4;4;195;463;459;151;0;1;3;0;222;75;0;5;2
27;028;Lugo;05-007-A;569;0;569;407;5;5;162;402;397;0;5;263;1;3;0;56;0;68;1
27;028;Lugo;05-007-B;467;0;467;308;2;2;159;306;304;70;1;0;3;1;168;57;1;0;3
27;028;Lugo;05-008-U;627;0;627;422;4;5;205;418;413;92;1;2;0;3;220;76;2;6;11
27;028;Lugo;05-009-U;503;0;503;338;2;1;165;336;335;92;0;0;1;2;145;77;0;8;10
27;028;Lugo;05-010-U;556;0;556;360;0;5;196;360;355;93;0;1;5;0;181;67;0;2;6
27;028;Lugo;05-011-A;543;0;543;359;2;1;184;357;356;68;1;1;3;0;201;74;0;2;6
27;028;Lugo;05-011-B;450;0;450;281;2;2;169;279;277;57;1;2;1;0;156;54;0;0;6
27;028;Lugo;05-013-A;627;0;627;427;3;4;200;424;420;117;0;1;1;2;220;72;0;4;3
27;028;Lugo;05-013-B;730;0;730;505;4;7;225;501;494;145;1;0;3;0;252;79;0;5;9
27;028;Lugo;05-014-A;426;0;426;253;4;1;173;249;248;49;2;0;0;2;118;63;0;4;10
27;028;Lugo;05-014-B;498;1;499;319;4;1;180;315;314;85;1;1;1;1;148;72;0;1;4
27;028;Lugo;05-015-A;581;0;581;394;5;4;187;389;385;130;0;1;1;0;182;62;0;2;7
27;028;Lugo;05-015-B;788;0;788;523;7;5;265;516;511;127;1;1;1;1;271;87;0;5;17
27;028;Lugo;05-016-U;902;0;902;627;9;7;275;618;611;182;0;3;2;1;288;120;0;7;8
27;028;Lugo;05-017-A;512;10;522;337;4;4;185;333;329;84;0;1;1;1;155;71;0;4;12
27;028;Lugo;05-017-B;573;0;573;375;3;2;198;372;370;91;0;0;0;3;184;82;0;2;8
27;028;Lugo;05-018-A;725;0;725;505;7;8;220;498;490;158;0;0;0;1;222;95;0;5;9
27;028;Lugo;05-018-B;859;0;859;617;7;10;242;610;600;192;0;1;2;2;264;122;1;2;14
27;028;Lugo;05-019-A;727;0;727;467;3;5;260;464;459;144;0;1;2;1;213;79;0;6;13
27;028;Lugo;05-019-B;665;0;665;462;4;7;203;458;451;123;0;0;0;1;233;75;1;5;13
27;028;Lugo;06-001-A;306;0;306;211;4;1;95;207;206;39;1;2;0;1;120;38;0;0;5
27;028;Lugo;06-001-B;627;0;627;453;5;5;174;448;443;97;0;0;3;1;253;81;0;2;6
27;028;Lugo;06-001-C;263;0;263;184;0;3;79;184;181;13;0;0;0;0;127;40;0;0;1
27;028;Lugo;07-001-A;503;0;503;346;2;4;157;344;340;56;0;0;1;1;212;64;0;2;4
27;028;Lugo;07-001-B;213;0;213;173;0;1;40;173;172;19;0;0;0;0;122;31;0;0;0
27;028;Lugo;07-001-C;390;0;390;315;2;1;75;313;312;30;0;0;0;1;218;59;0;0;4
27;028;Lugo;07-002-A;403;0;403;289;5;1;114;284;283;63;0;0;0;0;167;46;0;4;3
27;028;Lugo;07-002-B;437;0;437;317;5;4;120;312;308;55;0;0;2;1;191;53;1;0;5
27;028;Lugo;08-001-A;445;0;445;309;3;0;136;306;306;55;0;1;1;0;188;57;0;0;4
27;028;Lugo;08-001-B;202;0;202;146;0;2;56;146;144;27;0;0;0;2;96;15;0;2;2
27;028;Lugo;08-002-A;601;0;601;421;8;0;180;413;413;80;1;0;1;0;258;69;0;2;2
27;028;Lugo;08-002-B;491;0;491;369;5;2;122;364;362;72;1;0;2;1;220;60;0;2;4
27;028;Lugo;09-001-A;638;0;638;447;5;1;191;442;441;82;0;0;0;1;264;81;0;3;10
27;028;Lugo;09-001-B;351;1;352;246;1;0;106;245;245;36;0;1;1;0;166;28;0;2;11
27;028;Lugo;09-002-A;361;0;361;260;6;1;101;254;253;44;1;0;0;0;153;50;0;0;5
27;028;Lugo;09-002-B;682;0;682;463;11;3;219;452;449;72;1;1;1;0;285;76;0;3;10
27;026;Láncara;01-001-A;336;0;336;246;0;3;90;246;243;56;0;0;0;0;116;70;0;0;1
27;026;Láncara;01-001-B;447;0;447;302;7;0;145;295;295;64;0;1;0;0;172;55;0;0;3
27;026;Láncara;01-002-U;828;0;828;566;3;3;262;563;560;138;0;0;1;3;292;107;0;2;17
27;026;Láncara;01-003-A;323;0;323;229;4;0;94;225;225;36;0;0;0;0;160;25;0;1;3
27;026;Láncara;01-003-B;206;0;206;139;2;2;67;137;135;19;1;0;0;0;94;18;0;0;3
27;029;Meira;01-001-A;710;0;710;532;7;7;178;525;518;83;6;0;1;2;298;119;1;0;8
27;029;Meira;01-001-B;671;0;671;516;4;10;155;512;502;84;4;1;1;0;283;118;0;2;9
27;030;Mondoñedo;01-001-U;880;0;880;582;6;5;298;576;571;139;1;2;0;0;307;100;1;5;16
27;030;Mondoñedo;01-002-A;707;0;707;480;5;3;227;475;472;118;0;1;2;0;281;66;0;0;4
27;030;Mondoñedo;01-002-B;705;0;705;486;7;3;219;479;476;151;1;1;2;0;233;76;0;1;11
27;030;Mondoñedo;01-003-U;650;0;650;430;7;2;220;423;421;141;0;1;0;0;194;75;0;2;8
27;031;Monforte de Lemos;01-001-U;722;0;722;408;5;7;314;403;396;130;0;0;3;1;184;65;1;3;9
27;031;Monforte de Lemos;01-002-A;611;0;611;404;12;2;207;392;390;112;0;0;1;0;167;100;0;1;9
27;031;Monforte de Lemos;01-002-B;503;0;503;341;3;5;162;338;333;100;1;0;1;1;166;55;1;4;4
27;031;Monforte de Lemos;01-003-A;432;0;432;276;5;2;156;271;269;78;0;2;3;0;145;31;0;1;9
27;031;Monforte de Lemos;01-003-B;406;0;406;259;3;6;147;256;250;68;2;0;0;3;114;55;0;0;8
27;031;Monforte de Lemos;01-004-A;945;0;945;618;9;8;327;609;601;184;0;1;2;2;291;106;1;3;11
27;031;Monforte de Lemos;01-004-B;788;0;788;538;10;7;250;528;521;163;0;0;1;2;243;98;0;0;14
27;031;Monforte de Lemos;01-005-A;744;0;744;470;8;6;274;462;456;145;0;1;1;0;204;87;3;2;13
27;031;Monforte de Lemos;01-005-B;646;0;646;435;9;8;211;426;418;120;2;2;3;3;194;73;1;3;17
27;031;Monforte de Lemos;01-006-A;654;0;654;438;2;3;216;436;433;119;0;0;0;2;237;60;1;7;7
27;031;Monforte de Lemos;01-006-B;686;0;686;470;4;3;216;466;463;133;0;1;1;1;223;88;1;3;12
27;031;Monforte de Lemos;01-007-A;547;0;547;369;11;4;178;358;354;100;0;0;0;0;192;53;0;1;8
27;031;Monforte de Lemos;01-007-B;499;0;499;350;3;2;149;347;345;109;0;1;0;1;165;62;2;0;5
27;031;Monforte de Lemos;02-001-U;768;0;768;452;1;2;316;451;449;121;0;2;5;1;235;82;0;1;2
27;031;Monforte de Lemos;02-002-A;612;0;612;405;5;2;207;400;398;107;2;0;1;3;179;91;1;3;11
27;031;Monforte de Lemos;02-002-B;536;0;536;361;3;1;175;358;357;95;0;0;0;1;184;67;0;2;8
27;031;Monforte de Lemos;02-003-A;569;0;569;380;6;1;189;374;373;101;0;0;0;0;177;79;1;4;11
27;031;Monforte de Lemos;02-003-B;516;0;516;334;4;1;182;330;329;102;0;6;0;0;159;52;0;1;9
27;031;Monforte de Lemos;02-004-A;382;0;382;209;5;0;173;204;204;50;1;1;2;0;87;55;0;2;6
27;031;Monforte de Lemos;02-004-B;623;0;623;382;6;2;241;376;374;104;1;2;1;2;185;68;2;1;8
27;031;Monforte de Lemos;02-004-C;496;0;496;297;10;2;199;287;285;93;0;2;0;0;127;56;0;3;4
27;031;Monforte de Lemos;03-001-U;619;0;619;417;6;6;202;411;405;92;1;2;1;0;238;60;0;1;10
27;031;Monforte de Lemos;03-002-A;342;0;342;231;8;0;111;223;223;51;0;0;0;1;113;53;0;3;2
27;031;Monforte de Lemos;03-002-B;367;0;367;241;4;1;126;237;236;59;0;0;0;0;137;36;0;1;3
27;031;Monforte de Lemos;03-003-A;304;0;304;208;3;1;96;205;204;40;1;0;0;1;104;49;0;2;7
27;031;Monforte de Lemos;03-003-B;398;0;398;264;0;11;134;264;253;58;0;0;0;0;140;45;1;4;5
27;032;Monterroso;01-001-A;859;0;859;630;4;6;229;626;620;154;1;2;1;1;348;106;0;0;7
27;032;Monterroso;01-001-B;859;0;859;651;5;4;208;646;642;191;2;4;2;0;327;97;0;1;18
27;032;Monterroso;01-002-U;604;0;604;404;5;5;200;399;394;70;0;0;0;0;267;50;0;1;6
27;032;Monterroso;02-001-A;510;0;510;325;3;1;185;322;321;66;0;0;0;0;191;59;0;1;4
27;032;Monterroso;02-001-B;247;0;247;174;2;1;73;172;171;39;0;0;0;0;108;17;0;2;5
27;033;Muras;01-001-A;332;0;332;232;3;2;100;229;227;57;0;0;1;1;125;40;0;0;3
27;033;Muras;01-001-B;203;0;203;143;2;2;60;141;139;40;0;1;0;0;78;20;0;0;0
27;034;Navia de Suarna;01-001-A;587;0;587;403;12;1;184;391;390;72;1;0;1;0;190;120;0;1;5
27;034;Navia de Suarna;01-001-B;337;0;337;232;3;1;105;229;228;43;0;0;0;0;109;73;0;0;3
27;035;Negueira de Muñiz;01-001-U;197;0;197;101;0;0;96;101;101;25;0;0;0;0;33;42;1;0;0
27;014;O Corgo;01-001-A;473;0;473;349;5;6;124;344;338;53;3;0;0;1;222;49;0;1;9
27;014;O Corgo;01-001-B;244;0;244;186;0;1;58;186;185;55;0;1;0;0;100;26;0;0;3
27;014;O Corgo;01-002-A;316;0;316;226;1;1;90;225;224;42;0;0;0;0;140;33;0;1;8
27;014;O Corgo;01-002-B;524;0;524;358;4;1;166;354;353;67;0;0;0;1;217;61;0;1;6
27;014;O Corgo;01-003-U;680;0;680;481;7;7;199;474;467;105;1;1;1;1;249;97;0;1;11
27;014;O Corgo;01-004-U;812;0;812;561;7;6;251;554;548;108;1;0;2;0;339;88;0;2;8
27;024;O Incio;01-001-A;501;0;501;374;2;4;127;372;368;96;0;0;0;0;193;77;0;0;2
27;024;O Incio;01-001-B;337;0;337;257;5;0;80;252;252;64;0;0;0;1;151;33;0;0;3
27;024;O Incio;01-002-U;549;0;549;412;3;1;137;409;408;89;0;0;0;0;242;66;1;4;6
27;043;O Páramo;01-001-A;379;0;379;251;2;4;128;249;245;65;1;0;0;0;131;43;0;2;3
27;043;O Páramo;01-001-B;288;0;288;202;0;1;86;202;201;49;5;0;0;0;115;28;0;1;3
27;043;O Páramo;02-001-A;276;0;276;182;4;1;94;178;177;45;0;0;0;0;110;16;0;0;6
27;043;O Páramo;02-001-B;229;0;229;159;0;1;70;159;158;34;0;0;0;0;93;28;0;1;2
27;058;O Saviñao;01-001-A;601;0;601;429;6;4;172;423;419;69;0;1;2;0;258;79;0;1;9
27;058;O Saviñao;01-001-B;519;0;519;392;7;4;127;385;381;85;0;0;1;1;226;63;0;0;5
27;058;O Saviñao;01-001-C;209;0;209;151;4;0;58;147;147;24;0;0;0;0;99;24;0;0;0
27;058;O Saviñao;01-002-A;205;0;205;146;3;0;59;143;143;31;0;0;0;0;83;26;0;0;3
27;058;O Saviñao;01-002-B;221;0;221;151;1;2;70;150;148;49;0;0;1;0;75;21;1;0;1
27;058;O Saviñao;01-002-C;324;0;324;237;2;0;87;235;235;48;0;0;0;0;156;26;0;0;5
27;058;O Saviñao;01-003-A;486;0;486;362;0;4;124;362;358;64;0;1;1;0;228;59;0;1;4
27;058;O Saviñao;01-003-B;251;0;251;185;3;0;66;182;182;25;0;0;0;0;126;28;0;0;3
27;058;O Saviñao;01-003-C;249;0;249;200;1;0;49;199;199;22;0;0;0;0;163;9;0;0;5
27;063;O Valadouro;01-001-A;534;0;534;378;6;2;156;372;370;107;0;0;2;0;188;63;0;2;8
27;063;O Valadouro;01-001-B;565;0;565;403;3;2;162;400;398;133;0;0;0;1;180;76;0;2;6
27;063;O Valadouro;01-002-U;506;0;506;347;6;7;159;341;334;80;0;0;0;0;165;79;1;0;9
27;064;O Vicedo;01-001-U;836;0;836;566;14;4;270;552;548;110;1;0;2;0;342;83;0;5;5
27;064;O Vicedo;01-002-U;593;0;593;403;4;8;190;399;391;95;0;1;0;2;226;59;1;2;5
27;038;Ourol;01-001-A;364;0;364;269;3;1;95;266;265;51;0;0;0;0;137;68;1;3;5
27;038;Ourol;01-001-B;211;0;211;149;2;0;62;147;147;35;0;0;0;0;63;42;0;1;6
27;038;Ourol;01-001-C;287;0;287;203;3;4;84;200;196;37;0;0;0;0;84;68;0;1;6
27;039;Outeiro de Rei;01-001-A;897;0;897;645;5;4;252;640;636;191;0;2;3;2;345;77;0;2;14
27;039;Outeiro de Rei;01-001-B;687;0;687;554;2;5;133;552;547;102;0;0;0;0;385;47;0;2;11
27;039;Outeiro de Rei;01-002-U;617;0;617;479;6;2;138;473;471;109;0;0;1;1;311;41;0;1;7
27;039;Outeiro de Rei;01-003-U;685;0;685;544;9;4;141;535;531;107;0;0;2;0;318;84;0;1;19
27;039;Outeiro de Rei;01-004-A;370;0;370;279;7;0;91;272;272;72;0;1;2;0;154;34;1;0;8
27;039;Outeiro de Rei;01-004-B;325;0;325;257;1;4;68;256;252;52;1;0;1;0;162;28;0;2;6
27;039;Outeiro de Rei;01-005-U;956;0;956;722;14;13;234;708;695;188;0;2;5;2;396;79;0;4;19
27;040;Palas de Rei;01-001-A;567;0;567;393;4;2;174;389;387;96;1;0;0;1;224;54;1;2;8
27;040;Palas de Rei;01-001-B;528;0;528;399;4;7;129;395;388;88;0;0;0;2;229;65;1;1;2
27;040;Palas de Rei;01-002-A;232;0;232;182;1;1;50;181;180;24;0;0;0;0;135;19;0;0;2
27;040;Palas de Rei;01-002-B;302;5;307;231;1;0;76;230;230;65;0;0;0;0;129;31;0;1;4
27;040;Palas de Rei;01-003-A;380;0;380;283;2;1;97;281;280;47;0;0;1;0;198;31;0;0;3
27;040;Palas de Rei;01-003-B;364;0;364;267;1;3;97;266;263;36;0;1;0;1;183;40;0;1;1
27;040;Palas de Rei;01-004-U;501;0;501;383;2;0;118;381;381;44;0;0;0;0;269;64;0;1;3
27;041;Pantón;01-001-A;617;0;617;466;2;5;151;464;459;112;0;1;1;2;268;68;0;3;4
27;041;Pantón;01-001-B;359;0;359;273;1;0;86;272;272;66;0;1;0;1;172;27;2;0;3
27;041;Pantón;01-001-C;330;0;330;241;4;2;89;237;235;95;0;0;0;0;106;30;0;0;4
27;041;Pantón;01-002-A;204;0;204;144;0;3;60;144;141;34;0;2;0;0;96;8;0;0;1
27;041;Pantón;01-002-B;213;0;213;173;0;1;40;173;172;31;0;1;0;1;117;16;0;0;6
27;041;Pantón;01-002-C;341;0;341;246;1;2;95;245;243;61;0;1;0;0;150;28;0;1;2
27;042;Paradela;01-001-U;754;0;754;590;8;4;164;582;578;74;1;0;0;1;418;77;0;0;7
27;042;Paradela;01-002-A;371;0;371;291;3;2;80;288;286;58;0;0;0;0;179;45;0;0;4
27;042;Paradela;01-002-B;355;0;355;285;0;2;70;285;283;41;0;0;0;1;189;50;0;1;1
27;045;Pedrafita do Cebreiro;01-001-A;341;0;341;249;4;0;92;245;245;25;0;0;0;0;123;95;0;0;2
27;045;Pedrafita do Cebreiro;01-001-B;249;0;249;179;2;1;70;177;176;24;0;2;0;0;51;96;0;1;2
27;045;Pedrafita do Cebreiro;01-001-C;267;0;267;182;0;2;85;182;180;23;0;0;0;0;65;88;0;1;3
27;046;Pol;01-001-A;350;0;350;265;5;2;85;260;258;53;0;0;0;0;116;87;0;0;2
27;046;Pol;01-001-B;254;0;254;197;5;2;57;192;190;32;0;0;0;1;100;54;0;2;1
27;046;Pol;01-002-A;345;0;345;260;1;1;85;259;258;70;0;0;0;0;99;82;0;1;6
27;046;Pol;01-002-B;204;0;204;168;4;1;36;164;163;42;0;0;0;0;78;42;0;0;1
27;046;Pol;01-002-C;209;0;209;168;1;0;41;167;167;28;0;0;0;2;96;37;0;0;4
27;049;Portomarín;01-001-A;606;0;606;459;5;1;147;454;453;68;0;0;0;0;314;66;0;1;4
27;049;Portomarín;01-001-B;321;0;321;233;2;1;88;231;230;41;0;0;0;0;148;35;0;0;6
27;049;Portomarín;01-001-C;283;0;283;210;4;1;73;206;205;25;0;0;1;0;140;34;2;0;3
27;050;Quiroga;01-001-A;610;0;610;406;3;6;204;403;397;87;0;1;1;0;250;54;0;1;3
27;050;Quiroga;01-001-B;852;0;852;585;10;2;267;575;573;115;0;2;3;1;324;110;0;2;16
27;050;Quiroga;01-002-A;511;0;511;356;9;1;155;347;346;56;0;0;1;3;206;69;0;4;7
27;050;Quiroga;01-002-B;331;0;331;223;3;0;108;220;220;38;0;0;1;0;148;29;0;1;3
27;050;Quiroga;01-002-C;373;0;373;270;1;1;103;269;268;62;0;0;0;0;157;48;0;0;1
27;051;Ribadeo;01-001-A;571;0;571;387;3;2;184;384;382;117;0;1;2;0;194;62;0;1;5
27;051;Ribadeo;01-001-B;586;0;586;405;3;2;181;402;400;134;1;2;1;1;171;71;0;6;13
27;051;Ribadeo;01-001-C;576;0;576;362;2;3;214;360;357;110;0;0;1;0;183;55;0;4;4
27;051;Ribadeo;01-002-A;583;0;583;378;2;3;205;376;373;94;0;0;1;0;212;53;1;7;5
27;051;Ribadeo;01-002-B;683;0;683;445;4;0;238;441;441;135;0;0;0;1;217;68;1;8;11
27;051;Ribadeo;01-002-C;657;0;657;433;2;2;224;431;429;123;0;1;0;2;232;58;0;2;11
27;051;Ribadeo;01-003-A;600;0;600;375;2;4;225;373;369;111;0;2;3;1;180;60;0;4;8
27;051;Ribadeo;01-003-B;635;0;635;385;5;7;250;380;373;114;0;0;1;1;199;48;0;3;7
27;051;Ribadeo;01-003-C;575;1;576;355;4;4;221;351;347;88;1;0;1;1;186;59;0;2;9
27;051;Ribadeo;01-004-A;297;0;297;214;2;0;83;212;212;61;0;0;0;0;118;27;0;2;4
27;051;Ribadeo;01-004-B;605;0;605;421;5;1;184;416;415;118;0;2;0;1;220;62;0;3;9
27;051;Ribadeo;01-005-A;486;0;486;361;3;1;125;358;357;109;0;0;2;0;202;34;0;4;6
27;051;Ribadeo;01-005-B;382;0;382;276;6;3;106;270;267;67;1;3;0;0;169;20;1;1;5
27;051;Ribadeo;01-006-A;548;0;548;389;4;2;159;385;383;131;0;0;1;0;222;17;0;6;6
27;051;Ribadeo;01-006-B;207;0;207;166;0;3;41;166;163;50;0;0;0;1;103;8;0;0;1
27;052;Ribas de Sil;01-001-U;811;0;811;576;2;2;235;574;572;97;0;0;0;0;283;179;1;2;10
27;053;Ribeira de Piquín;01-001-U;464;0;464;381;7;2;83;374;372;29;1;0;0;0;145;189;0;1;7
27;054;Riotorto;01-001-A;432;0;432;352;8;3;80;344;341;103;0;0;1;0;159;74;0;1;3
27;054;Riotorto;01-001-B;269;0;269;221;0;0;48;221;221;51;0;0;0;0;141;28;0;1;0
27;054;Riotorto;01-001-C;351;0;351;272;5;1;79;267;266;39;0;0;1;0;182;42;0;0;2
27;056;Rábade;01-001-A;551;0;551;376;3;1;175;373;372;88;0;0;0;0;204;77;1;0;2
27;056;Rábade;01-001-B;626;0;626;450;6;3;176;444;441;101;0;0;1;2;250;75;0;4;8
27;055;Samos;01-001-A;449;0;449;340;1;0;109;339;339;119;2;0;0;0;174;38;0;0;6
27;055;Samos;01-001-B;232;0;232;186;2;1;46;184;183;45;1;0;0;0;114;23;0;0;0
27;055;Samos;01-001-C;204;0;204;162;0;1;42;162;161;50;0;0;0;1;78;32;0;0;0
27;055;Samos;01-001-D;215;0;215;171;2;1;44;169;168;37;6;1;0;1;98;25;0;0;0
27;057;Sarria;01-001-A;628;0;628;473;10;8;155;463;455;130;0;1;0;2;253;55;2;4;8
27;057;Sarria;01-001-B;523;0;523;369;4;2;154;365;363;111;1;0;1;1;198;39;0;4;8
27;057;Sarria;01-001-C;547;0;547;386;4;3;161;382;379;107;0;0;0;1;204;54;0;3;10
27;057;Sarria;01-002-A;587;0;587;397;3;2;190;394;392;127;1;1;0;0;209;46;0;2;6
27;057;Sarria;01-002-B;900;0;900;629;6;9;271;623;614;178;2;0;1;1;339;78;1;3;11
27;057;Sarria;01-003-A;410;0;410;270;4;2;140;266;264;94;0;0;1;0;130;30;0;3;6
27;057;Sarria;01-003-B;620;0;620;407;1;6;213;406;400;144;0;0;1;4;187;55;0;1;8
27;057;Sarria;01-004-A;439;0;439;306;3;3;133;303;300;89;0;0;0;0;160;38;1;3;9
27;057;Sarria;01-004-B;689;0;689;502;4;6;187;498;492;120;0;0;1;1;283;65;1;5;16
27;057;Sarria;01-005-U;702;0;702;406;4;2;296;402;400;114;0;0;0;0;222;57;0;1;6
27;057;Sarria;01-006-A;354;0;354;242;2;2;112;240;238;73;0;0;1;0;138;21;0;4;1
27;057;Sarria;01-006-B;792;0;792;599;8;7;193;591;584;173;0;3;0;3;328;61;1;4;11
27;057;Sarria;01-007-A;409;0;409;267;3;2;142;264;262;80;1;0;0;0;126;49;0;1;5
27;057;Sarria;01-007-B;628;0;628;433;9;3;195;424;421;125;0;2;2;0;236;53;0;0;3
27;057;Sarria;02-001-A;219;0;219;172;1;0;47;171;171;35;0;0;0;0;108;20;1;0;7
27;057;Sarria;02-001-B;217;0;217;146;0;1;71;146;145;30;0;0;0;0;89;25;0;0;1
27;057;Sarria;02-001-C;423;0;423;320;2;1;103;318;317;92;0;0;1;1;182;39;0;0;2
27;057;Sarria;03-001-A;223;0;223;155;0;1;68;155;154;33;0;0;1;0;110;9;0;0;1
27;057;Sarria;03-001-B;372;0;372;239;3;1;133;236;235;64;0;0;1;1;132;35;0;0;2
27;057;Sarria;03-001-C;291;0;291;201;2;2;90;199;197;47;0;1;0;1;105;38;0;0;5
27;057;Sarria;04-001-A;379;0;379;260;11;0;119;249;249;87;0;0;0;1;128;26;0;0;7
27;057;Sarria;04-001-B;257;0;257;189;4;1;68;185;184;53;0;0;1;0;95;30;0;0;5
27;057;Sarria;04-001-C;217;0;217;160;1;0;57;159;159;42;0;0;0;0;85;31;0;0;1
27;059;Sober;01-001-A;302;0;302;201;2;1;101;199;198;38;0;2;0;0;140;13;0;1;4
27;059;Sober;01-001-B;213;0;213;153;5;1;60;148;147;25;0;0;1;0;94;23;0;0;4
27;059;Sober;01-001-C;259;0;259;169;3;0;90;166;166;50;0;0;0;0;96;15;0;0;5
27;059;Sober;01-002-A;346;0;346;264;8;3;82;256;253;43;0;0;0;0;179;27;0;1;3
27;059;Sober;01-002-B;207;0;207;157;2;2;50;155;153;35;0;0;0;0;112;4;0;0;2
27;059;Sober;01-003-A;280;0;280;209;6;0;71;203;203;32;0;0;0;0;139;22;1;0;9
27;059;Sober;01-003-B;278;0;278;213;5;3;65;208;205;63;0;0;0;2;104;29;0;3;4
27;060;Taboada;01-001-U;764;0;764;550;4;2;214;546;544;174;0;2;1;1;247;105;0;4;10
27;060;Taboada;01-002-U;626;0;626;432;3;0;194;429;429;65;0;0;0;0;256;102;0;1;5
27;060;Taboada;01-003-A;247;0;247;186;0;0;61;186;186;67;0;0;0;0;83;34;0;0;2
27;060;Taboada;01-003-B;242;0;242;190;1;0;52;189;189;52;0;1;0;0;102;31;0;0;3
27;060;Taboada;01-003-C;387;0;387;268;2;1;119;266;265;63;0;0;1;0;117;80;0;2;2
27;061;Trabada;01-001-A;567;0;567;480;7;2;87;473;471;46;0;1;0;3;233;180;0;1;7
27;061;Trabada;01-001-B;419;0;419;324;7;2;95;317;315;31;0;1;0;0;154;123;0;1;5
27;062;Triacastela;01-001-U;539;0;539;441;4;2;98;437;435;64;1;1;0;0;279;80;0;0;10
27;065;Vilalba;01-001-A;587;0;587;404;4;8;183;400;392;117;0;0;0;0;210;55;0;1;9
27;065;Vilalba;01-001-B;698;0;698;485;10;8;213;475;467;128;0;0;0;0;250;77;1;4;7
27;065;Vilalba;01-002-A;508;0;508;341;4;3;167;337;334;101;0;0;1;1;190;38;0;0;3
27;065;Vilalba;01-002-B;418;0;418;302;3;2;116;299;297;91;1;2;3;0;155;37;0;4;4
27;065;Vilalba;01-003-A;650;0;650;454;7;5;196;447;442;126;0;1;0;0;245;61;0;1;8
27;065;Vilalba;01-003-B;791;0;791;548;9;6;243;539;533;160;0;1;2;1;313;47;1;0;8
27;065;Vilalba;01-004-A;543;0;543;363;3;9;180;360;351;46;0;0;1;0;251;48;0;0;5
27;065;Vilalba;01-004-B;446;0;446;271;1;1;175;270;269;57;0;0;0;0;164;39;0;1;8
27;065;Vilalba;01-006-A;700;0;700;464;5;3;236;459;456;141;0;0;0;0;238;66;0;6;5
27;065;Vilalba;01-006-B;803;0;803;542;6;7;261;536;529;171;1;0;0;0;280;60;1;6;10
27;065;Vilalba;01-007-A;508;0;508;315;1;8;193;314;306;81;0;1;0;1;169;50;0;1;3
27;065;Vilalba;01-007-B;566;0;566;348;9;7;218;339;332;97;0;0;1;0;170;56;2;2;4
27;065;Vilalba;02-001-A;417;0;417;299;11;4;118;288;284;40;0;0;0;0;185;49;0;1;9
27;065;Vilalba;02-001-B;240;0;240;164;2;1;76;162;161;32;0;0;0;0;103;20;1;1;4
27;065;Vilalba;02-001-C;308;4;312;212;8;3;100;204;201;29;0;0;0;0;149;22;0;0;1
27;065;Vilalba;02-002-A;399;0;399;301;5;2;98;296;294;51;0;0;0;0;198;39;0;0;6
27;065;Vilalba;02-002-B;283;0;283;183;6;4;100;177;173;29;1;0;0;0;107;31;0;1;4
27;065;Vilalba;03-001-A;452;0;452;297;5;0;155;292;292;40;0;1;0;0;212;28;0;0;11
27;065;Vilalba;03-001-B;322;0;322;206;2;1;116;204;203;30;0;0;0;0;128;38;0;1;6
27;065;Vilalba;03-002-A;438;0;438;326;5;4;112;321;317;84;0;0;0;2;183;45;0;1;2
27;065;Vilalba;03-002-B;228;0;228;143;4;3;85;139;136;20;0;0;0;0;96;12;1;0;7
27;065;Vilalba;03-002-C;200;0;200;141;2;1;59;139;138;28;0;0;0;0;80;22;0;0;8
27;065;Vilalba;04-001-A;336;0;336;231;4;1;105;227;226;37;0;1;0;0;150;33;0;0;5
27;065;Vilalba;04-001-B;216;0;216;136;1;0;80;135;135;21;0;0;0;0;84;25;0;0;5
27;065;Vilalba;04-002-A;259;0;259;181;4;3;78;177;174;20;0;0;1;0;134;12;0;0;7
27;065;Vilalba;04-002-B;324;0;324;233;3;3;91;230;227;51;0;1;0;0;138;34;0;0;3
27;066;Viveiro;01-001-A;649;0;649;438;4;5;211;434;429;144;0;2;2;0;187;82;0;5;7
27;066;Viveiro;01-001-B;690;0;690;437;1;1;253;436;435;129;1;2;2;3;212;72;1;4;9
27;066;Viveiro;01-002-U;514;0;514;333;3;0;181;330;330;83;2;3;1;1;156;79;1;1;3
27;066;Viveiro;01-003-A;647;0;647;445;2;1;202;443;442;131;1;1;3;1;198;98;2;0;7
27;066;Viveiro;01-003-B;585;0;585;375;6;3;210;369;366;116;0;0;1;0;161;78;1;0;9
27;066;Viveiro;01-003-C;647;0;647;466;7;3;181;459;456;150;0;0;0;2;217;81;0;3;3
27;066;Viveiro;01-004-A;728;0;728;489;6;4;239;483;479;144;1;1;2;0;233;84;1;6;7
27;066;Viveiro;01-004-B;749;0;749;517;7;5;232;510;505;194;1;0;3;2;186;104;1;6;8
27;066;Viveiro;01-005-A;853;0;853;531;5;3;322;526;523;209;0;2;0;2;212;79;1;10;8
27;066;Viveiro;01-005-B;858;0;858;539;11;4;319;528;524;204;0;0;2;4;204;96;1;5;8
27;066;Viveiro;01-006-A;528;0;528;350;4;4;178;346;342;133;0;1;1;2;149;44;1;4;7
27;066;Viveiro;01-006-B;652;0;652;411;5;4;241;406;402;140;0;1;0;2;181;68;0;4;6
27;066;Viveiro;01-007-U;807;0;807;463;15;5;344;448;443;152;0;0;0;1;205;75;0;7;3
27;066;Viveiro;02-001-A;745;0;745;490;9;5;255;481;476;144;1;0;0;0;241;71;0;4;15
27;066;Viveiro;02-001-B;641;0;641;415;4;2;226;411;409;124;1;0;4;1;192;76;3;4;4
27;066;Viveiro;03-001-A;214;0;214;138;2;0;76;136;136;36;0;0;0;0;78;20;0;0;2
27;066;Viveiro;03-001-B;500;0;500;355;3;2;145;352;350;83;1;0;0;1;192;54;0;5;14
27;066;Viveiro;04-001-A;366;0;366;243;3;2;123;240;238;78;1;2;0;1;95;55;1;4;1
27;066;Viveiro;04-001-B;441;0;441;300;3;2;141;297;295;110;0;1;0;0;121;60;0;2;1
27;066;Viveiro;04-001-C;452;0;452;315;8;4;137;307;303;91;0;0;3;0;160;37;0;4;8
27;021;Xermade;01-001-A;487;0;487;347;7;4;140;340;336;72;0;0;0;0;196;62;0;2;4
27;021;Xermade;01-001-B;440;0;440;293;2;3;147;291;288;56;0;0;0;0;171;55;0;0;6
27;021;Xermade;01-001-C;592;0;592;376;11;0;216;365;365;84;2;1;0;1;187;80;0;2;8
27;025;Xove;01-001-A;641;0;641;475;14;5;166;461;456;153;0;3;3;0;237;54;0;2;4
27;025;Xove;01-001-B;701;0;701;503;4;3;198;499;496;150;0;1;3;1;265;60;1;4;11
27;025;Xove;01-002-U;682;0;682;475;1;3;207;474;471;164;0;0;0;1;260;39;0;2;5
27;025;Xove;02-001-A;342;0;342;271;5;1;71;266;265;89;0;0;1;1;144;27;0;1;2
27;025;Xove;02-001-B;282;0;282;217;2;0;65;215;215;58;0;0;0;1;126;22;0;2;6
27;990;Residentes ausentes-Lugo;99-001-U;0;0;0;0;0;0;;0;0;0;0;0;0;0;0;0;0;0;0
27;990;Residentes ausentes-Lugo;99-002-U;0;0;0;0;0;0;;0;0;0;0;0;0;0;0;0;0;0;0
27;990;Residentes ausentes-Lugo;99-003-U;0;0;0;0;0;0;;0;0;0;0;0;0;0;0;0;0;0;0
27;990;Residentes ausentes-Lugo;99-004-U;0;0;0;0;0;0;;0;0;0;0;0;0;0;0;0;0;0;0
27;990;Residentes ausentes-Lugo;99-005-U;0;0;0;0;0;0;;0;0;0;0;0;0;0;0;0;0;0;0
27;990;Residentes ausentes-Lugo;99-006-U;0;0;0;0;0;0;;0;0;0;0;0;0;0;0;0;0;0;0
27;990;Residentes ausentes-Lugo;99-007-U;0;0;0;0;0;0;;0;0;0;0;0;0;0;0;0;0;0;0
Total;;;;268077;32;268109;187225;2182;1634;80884;185043;183409;46575;247;560;449;323;98803;31845;147;1112;3348
