Cód. Cir.;Cód. Con.;Concello;Mesa;Censo;Certif. Alta;Certif. Correc.;Censo Total;Votos electores;Votos interventores;Votos Totais;Votos nulos;Votos brancos;PUM+J;VOX;PSdeG-PSOE;PCTG;CONTIGO;PODEMOS-ESQUERDA UNIDA-ANOVA;PP;Cs;BNG;PACMA;EB;ESCO-RC-OV-M;EN MAREA-COMPROMISO POR GALICIA-PARTIDO GALEGUISTA
32;3;A Arnoia;1-001 -A;217;0;0;217;166;0;166;3;0;0;0;41;0;0;5;102;0;15;0;0;0;0
32;3;A Arnoia;1-001 -B;643;0;0;643;459;0;459;8;2;0;3;72;0;0;12;287;4;70;0;0;0;1
32;14;A Bola;1-001 -A;228;0;0;228;160;1;161;2;1;0;3;18;0;0;1;96;0;39;1;0;0;0
32;14;A Bola;1-001 -B;439;0;0;439;297;0;297;2;0;1;9;28;0;0;1;205;0;50;1;0;0;0
32;14;A Bola;1-001 -C;331;0;0;331;249;0;249;7;2;0;5;25;0;0;4;170;0;36;0;0;0;0
32;34;A Gudiña;1-001 -A;607;0;0;607;438;0;438;2;3;0;4;108;0;0;1;208;1;108;2;0;1;0
32;34;A Gudiña;1-001 -B;249;0;0;249;178;1;179;0;1;0;0;38;0;0;2;99;0;39;0;0;0;0
32;34;A Gudiña;1-001 -C;201;0;0;201;150;1;151;4;1;0;3;34;0;0;2;82;0;25;0;0;0;0
32;47;A Merca;1-001 -A;341;0;0;341;214;1;215;3;0;0;0;21;0;0;2;165;2;22;0;0;0;0
32;47;A Merca;1-001 -B;372;0;0;372;245;0;245;1;2;0;2;26;0;0;4;168;0;42;0;0;0;0
32;47;A Merca;1-001 -C;382;0;0;382;265;0;265;1;3;0;2;25;0;1;0;199;1;31;0;0;0;2
32;47;A Merca;1-002 -U;623;0;0;623;406;0;406;3;1;1;7;62;0;1;6;230;4;89;0;1;1;0
32;48;A Mezquita;1-001 -A;591;0;0;591;359;0;359;2;0;0;7;69;0;0;1;132;1;146;1;0;0;0
32;48;A Mezquita;1-001 -B;246;0;0;246;143;1;144;1;3;0;4;50;0;0;2;46;0;37;0;0;1;0
32;59;A Peroxa;1-001 -A;284;0;0;284;182;0;182;1;2;0;1;42;1;0;2;107;0;26;0;0;0;0
32;59;A Peroxa;1-001 -B;308;0;0;308;216;0;216;3;1;0;2;29;0;0;2;151;0;25;1;0;0;2
32;59;A Peroxa;2-001 -A;621;0;0;621;372;1;373;3;2;0;3;58;0;0;11;260;2;33;1;0;0;0
32;59;A Peroxa;2-001 -B;200;0;0;200;151;0;151;0;3;0;0;29;0;0;3;103;0;13;0;0;0;0
32;59;A Peroxa;2-001 -C;264;0;0;264;187;0;187;1;1;0;5;19;0;0;2;136;1;22;0;0;0;0
32;63;A Pobra de Trives;1-001 -A;590;0;0;590;371;1;372;8;3;0;4;93;0;0;12;189;2;57;0;0;0;4
32;63;A Pobra de Trives;1-001 -B;469;0;0;469;307;1;308;1;4;0;6;97;0;0;9;140;0;50;1;0;0;0
32;63;A Pobra de Trives;1-002 -A;346;0;0;346;191;1;192;1;1;0;2;51;0;0;2;97;2;36;0;0;0;0
32;63;A Pobra de Trives;1-002 -B;363;0;0;363;215;0;215;1;1;1;1;48;0;0;5;131;3;23;0;0;0;1
32;72;A Rúa;1-001 -A;511;0;0;511;311;2;313;2;1;0;4;55;0;0;10;163;1;75;0;1;1;0
32;72;A Rúa;1-001 -B;460;0;0;460;282;2;284;3;3;0;8;41;0;1;4;166;2;56;0;0;0;0
32;72;A Rúa;1-002 -U;721;0;0;721;411;2;413;1;5;0;6;108;1;0;6;215;2;66;1;0;2;0
32;72;A Rúa;1-003 -U;531;0;0;531;279;1;280;3;3;0;7;55;0;0;12;131;1;68;0;0;0;0
32;72;A Rúa;1-004 -U;529;0;0;529;317;1;318;5;2;0;14;83;0;0;11;136;3;61;2;0;1;0
32;72;A Rúa;1-005 -A;457;0;0;457;278;2;280;2;3;2;10;73;0;0;8;122;3;56;1;0;0;0
32;72;A Rúa;1-005 -B;416;0;0;416;246;1;247;3;0;0;3;42;0;0;9;119;2;68;0;0;0;1
32;80;A Teixeira;1-001 -U;287;0;0;287;214;0;214;4;0;0;3;17;0;0;7;148;1;29;2;0;0;3
32;83;A Veiga;1-001 -A;484;0;0;484;321;0;321;2;1;0;9;69;0;0;2;200;0;36;1;0;1;0
32;83;A Veiga;1-001 -B;301;0;0;301;199;0;199;2;2;0;1;16;0;0;1;143;0;34;0;0;0;0
32;1;Allariz;1-001 -A;691;0;0;691;480;3;483;4;4;0;7;51;0;0;21;135;1;256;3;0;1;0
32;1;Allariz;1-001 -B;618;0;0;618;391;2;393;1;1;0;5;32;0;0;15;126;1;208;2;0;2;0
32;1;Allariz;1-002 -A;260;0;0;260;129;1;130;1;1;0;1;13;0;0;4;40;1;68;0;1;0;0
32;1;Allariz;1-002 -B;302;0;0;302;176;2;178;3;6;0;4;16;0;0;3;61;1;84;0;0;0;0
32;1;Allariz;1-002 -C;309;0;0;309;202;1;203;3;2;0;7;24;1;0;3;73;0;90;0;0;0;0
32;1;Allariz;1-003 -A;613;0;0;613;397;3;400;6;2;0;8;41;0;0;14;118;2;206;2;0;1;0
32;1;Allariz;1-003 -B;638;0;0;638;413;1;414;6;3;0;5;50;0;1;20;100;3;221;2;2;1;0
32;1;Allariz;1-003 -C;656;0;0;656;410;2;412;9;1;0;8;39;0;0;12;125;4;212;1;0;1;0
32;1;Allariz;2-001 -A;597;0;0;597;345;2;347;2;4;0;10;43;0;0;7;159;0;119;1;0;0;2
32;1;Allariz;2-001 -B;202;0;0;202;124;1;125;1;1;0;0;7;0;0;3;55;0;57;0;0;1;0
32;1;Allariz;2-001 -C;204;0;0;204;126;1;127;1;0;0;1;5;0;0;0;81;0;39;0;0;0;0
32;2;Amoeiro;1-001 -A;504;3;0;507;295;3;298;2;3;0;4;76;0;0;2;161;5;42;0;0;2;1
32;2;Amoeiro;1-001 -B;416;0;0;416;258;0;258;1;2;0;5;66;0;1;3;137;2;37;0;0;4;0
32;2;Amoeiro;1-001 -C;320;0;0;320;215;1;216;1;2;1;6;61;0;0;7;86;1;43;0;1;0;7
32;2;Amoeiro;1-002 -A;260;0;0;260;167;1;168;0;0;0;1;35;0;0;6;94;5;25;0;0;1;1
32;2;Amoeiro;1-002 -B;258;0;0;258;168;1;169;1;2;0;6;51;0;0;8;65;0;34;0;1;0;1
32;2;Amoeiro;1-002 -C;250;0;0;250;167;2;169;4;0;0;3;45;0;0;3;85;3;25;0;0;0;1
32;4;Avión;1-001 -A;595;0;0;595;311;0;311;1;1;0;15;22;0;0;4;252;0;15;0;0;1;0
32;4;Avión;1-001 -B;494;0;0;494;255;0;255;0;1;0;5;12;0;0;1;226;0;9;0;0;0;1
32;4;Avión;1-001 -C;466;0;0;466;240;0;240;0;1;0;8;10;0;0;3;213;0;5;0;0;0;0
32;5;Baltar;1-001 -A;337;0;0;337;239;1;240;4;5;0;2;32;0;0;1;166;1;28;1;0;0;0
32;5;Baltar;1-001 -B;215;0;0;215;163;0;163;1;0;0;6;22;0;0;1;123;0;8;2;0;0;0
32;5;Baltar;1-001 -C;250;0;0;250;205;0;205;1;1;0;4;32;0;0;0;156;1;10;0;0;0;0
32;6;Bande;1-001 -A;732;0;0;732;507;0;507;3;6;1;13;73;1;0;7;335;0;67;1;0;0;0
32;6;Bande;1-001 -B;222;0;0;222;146;2;148;0;0;0;3;27;0;0;4;104;2;8;0;0;0;0
32;6;Bande;1-001 -C;211;0;0;211;142;2;144;0;0;0;3;31;0;0;2;99;0;9;0;0;0;0
32;6;Bande;1-001 -D;219;0;0;219;166;2;168;0;2;0;7;25;0;0;1;123;0;10;0;0;0;0
32;7;Baños de Molgas;1-001 -A;510;0;0;510;308;0;308;0;2;0;3;51;0;0;3;128;2;119;0;0;0;0
32;7;Baños de Molgas;1-001 -B;385;0;0;385;208;0;208;7;2;1;4;31;0;0;6;113;0;44;0;0;0;0
32;7;Baños de Molgas;1-002 -U;500;0;0;500;286;0;286;1;3;1;4;33;0;1;6;158;0;79;0;0;0;0
32;8;Barbadás;1-001 -A;924;0;0;924;496;1;497;3;10;0;9;113;0;1;13;216;6;123;0;0;0;3
32;8;Barbadás;1-001 -B;910;0;0;910;490;2;492;3;1;0;23;101;0;0;13;206;9;129;7;0;0;0
32;8;Barbadás;1-002 -A;847;0;0;847;487;1;488;1;7;0;12;138;1;0;13;203;4;107;1;1;0;0
32;8;Barbadás;1-002 -B;489;0;0;489;233;1;234;3;2;0;8;38;1;0;7;129;0;42;0;0;0;4
32;8;Barbadás;1-002 -C;300;0;0;300;192;1;193;1;2;0;5;51;0;0;2;87;1;44;0;0;0;0
32;8;Barbadás;1-003 -A;607;0;0;607;317;2;319;4;3;0;5;66;1;1;12;137;1;88;0;0;0;1
32;8;Barbadás;1-003 -B;602;0;0;602;300;1;301;3;2;1;8;55;0;0;8;131;4;84;1;0;3;1
32;8;Barbadás;1-004 -A;402;0;0;402;267;0;267;6;2;0;5;24;0;0;2;173;2;50;2;0;1;0
32;8;Barbadás;1-004 -B;640;0;0;640;342;2;344;9;2;2;10;57;1;0;14;145;3;100;0;0;1;0
32;8;Barbadás;1-004 -C;644;0;0;644;342;2;344;4;1;0;13;59;0;1;8;149;0;105;2;2;0;0
32;8;Barbadás;1-005 -A;745;0;0;745;369;1;370;3;0;2;15;53;3;0;12;189;8;80;2;1;2;0
32;8;Barbadás;1-005 -B;708;0;0;708;397;2;399;2;6;1;11;92;2;1;10;163;9;99;1;0;1;1
32;8;Barbadás;2-001 -A;404;0;0;404;253;1;254;7;1;0;4;43;1;0;7;146;4;36;1;1;3;0
32;8;Barbadás;2-001 -B;468;0;0;468;308;0;308;1;1;0;8;70;1;0;7;160;2;55;3;0;0;0
32;10;Beade;1-001 -U;354;0;0;354;262;0;262;5;2;0;6;48;0;0;9;157;0;35;0;0;0;0
32;11;Beariz;1-001 -A;709;0;0;709;415;0;415;4;2;0;4;18;0;0;6;357;1;23;0;0;0;0
32;11;Beariz;1-001 -B;211;0;0;211;119;0;119;2;0;0;1;8;0;0;2;100;0;6;0;0;0;0
32;13;Boborás;1-001 -A;444;0;0;444;269;0;269;0;2;0;2;35;0;0;3;195;0;30;0;0;1;1
32;13;Boborás;1-001 -B;437;0;0;437;290;1;291;1;1;0;5;33;0;0;5;220;1;24;1;0;0;0
32;13;Boborás;2-001 -U;555;0;0;555;336;2;338;1;1;0;4;36;0;0;5;272;2;17;0;0;0;0
32;13;Boborás;3-001 -U;519;0;0;519;308;0;308;5;0;0;5;41;0;0;1;220;4;30;2;0;0;0
32;16;Calvos de Randín;1-001 -A;244;0;0;244;171;2;173;1;0;0;2;73;0;0;1;78;0;18;0;0;0;0
32;16;Calvos de Randín;1-001 -B;210;0;0;210;128;1;129;0;0;0;2;71;0;0;2;43;3;8;0;0;0;0
32;16;Calvos de Randín;1-001 -C;231;0;0;231;139;0;139;0;3;0;3;64;0;0;2;50;0;15;1;1;0;0
32;18;Carballeda de Avia;1-001 -A;556;0;0;556;416;0;416;8;3;0;8;176;0;0;8;162;0;47;3;0;0;1
32;18;Carballeda de Avia;1-001 -B;222;0;0;222;173;0;173;0;0;0;0;82;0;0;1;68;0;21;1;0;0;0
32;18;Carballeda de Avia;1-001 -C;387;0;0;387;294;0;294;7;2;0;7;127;0;0;3;127;0;21;0;0;0;0
32;17;Carballeda de Valdeorras;1-001 -A;256;0;0;256;140;0;140;1;3;0;5;15;1;0;2;102;1;8;0;0;2;0
32;17;Carballeda de Valdeorras;1-001 -B;287;0;0;287;187;0;187;0;2;0;11;37;0;0;2;110;0;12;0;0;13;0
32;17;Carballeda de Valdeorras;2-001 -U;631;0;0;631;366;0;366;2;2;0;17;47;0;0;7;268;2;18;0;0;3;0
32;20;Cartelle;1-001 -U;672;0;0;672;488;0;488;3;1;0;7;95;0;0;3;311;0;67;1;0;0;0
32;20;Cartelle;1-002 -A;540;0;0;540;404;0;404;3;0;0;5;70;0;0;1;276;0;49;0;0;0;0
32;20;Cartelle;1-002 -B;211;0;0;211;156;1;157;2;0;0;6;17;0;0;0;94;3;35;0;0;0;0
32;20;Cartelle;1-002 -C;312;0;0;312;208;2;210;0;0;0;2;40;0;0;3;122;0;42;0;0;0;1
32;20;Cartelle;1-004 -A;426;0;0;426;293;0;293;2;1;0;0;46;0;0;4;192;0;46;1;0;1;0
32;20;Cartelle;1-004 -B;220;0;0;220;147;0;147;2;0;0;1;13;0;0;1;103;0;27;0;0;0;0
32;22;Castrelo de Miño;1-001 -A;384;0;0;384;263;0;263;1;1;0;1;52;0;3;6;137;0;60;0;0;2;0
32;22;Castrelo de Miño;1-001 -B;316;0;0;316;232;1;233;0;4;0;1;43;0;1;0;124;0;59;0;1;0;0
32;22;Castrelo de Miño;2-001 -U;516;0;0;516;342;1;343;1;1;0;0;81;2;0;9;156;1;92;0;0;0;0
32;21;Castrelo do Val;1-001 -A;417;0;0;417;264;0;264;1;1;0;5;84;0;0;4;84;1;68;4;0;12;0
32;21;Castrelo do Val;1-001 -B;230;0;0;230;132;0;132;0;0;0;1;52;0;0;0;41;0;36;1;0;0;1
32;21;Castrelo do Val;1-001 -C;209;0;0;209;133;0;133;2;2;0;0;38;0;0;0;61;0;30;0;0;0;0
32;23;Castro Caldelas;1-001 -A;563;0;0;563;417;1;418;6;6;1;6;114;0;1;3;220;4;56;0;1;0;0
32;23;Castro Caldelas;1-001 -B;256;0;0;256;182;0;182;2;0;0;1;58;0;0;4;98;1;16;1;0;0;1
32;23;Castro Caldelas;1-001 -C;279;0;0;279;195;2;197;1;1;0;0;75;0;0;4;97;1;17;1;0;0;0
32;24;Celanova;1-001 -A;886;0;0;886;507;0;507;3;6;0;9;90;1;0;7;281;2;106;2;0;0;0
32;24;Celanova;1-001 -B;843;0;0;843;485;1;486;6;6;0;5;84;2;1;6;259;1;113;3;0;0;0
32;24;Celanova;1-002 -A;757;0;0;757;461;1;462;2;7;0;3;93;1;0;4;245;4;103;0;0;0;0
32;24;Celanova;1-002 -B;676;0;0;676;411;0;411;2;3;0;7;73;1;0;3;191;2;129;0;0;0;0
32;24;Celanova;2-001 -A;371;0;0;371;235;1;236;2;0;0;6;36;0;0;3;149;0;36;3;0;1;0
32;24;Celanova;2-001 -B;241;0;0;241;148;1;149;0;2;0;2;34;0;0;1;84;0;26;0;0;0;0
32;24;Celanova;2-001 -C;346;0;0;346;224;1;225;3;2;0;3;39;0;0;5;127;0;46;0;0;0;0
32;24;Celanova;3-001 -A;371;0;0;371;244;0;244;0;1;0;5;29;0;0;1;184;1;21;2;0;0;0
32;24;Celanova;3-001 -B;292;0;0;292;177;1;178;0;0;0;2;32;0;0;1;129;0;14;0;0;0;0
32;25;Cenlle;1-001 -A;277;0;0;277;208;0;208;5;3;1;11;27;0;0;4;113;1;41;1;0;0;1
32;25;Cenlle;1-001 -B;258;0;0;258;198;0;198;4;0;0;4;24;1;0;3;140;0;21;0;0;0;1
32;25;Cenlle;1-001 -C;464;0;0;464;337;0;337;2;0;0;5;44;1;0;10;230;0;43;2;0;0;0
32;29;Chandrexa de Queixa;1-001 -A;202;0;0;202;140;0;140;0;0;0;0;18;0;0;0;107;0;13;0;0;2;0
32;29;Chandrexa de Queixa;1-001 -B;256;0;0;256;184;0;184;3;1;0;0;27;0;0;1;129;0;18;0;0;3;2
32;26;Coles;1-001 -A;436;0;0;436;270;0;270;1;3;0;9;62;1;1;11;138;2;40;1;0;0;1
32;26;Coles;1-001 -B;474;0;0;474;285;0;285;6;2;0;3;75;0;0;8;125;2;59;4;0;1;0
32;26;Coles;2-001 -A;346;0;0;346;215;0;215;3;2;0;5;67;0;0;4;107;0;26;0;0;1;0
32;26;Coles;2-001 -B;209;0;0;209;136;0;136;2;2;0;3;35;0;0;7;53;5;27;1;0;0;1
32;26;Coles;2-002 -A;452;0;0;452;264;0;264;4;1;1;7;63;0;0;2;126;1;55;4;0;0;0
32;26;Coles;2-002 -B;496;1;0;497;329;1;330;2;3;0;5;105;0;0;8;149;1;53;0;1;2;1
32;26;Coles;2-002 -C;271;0;0;271;155;0;155;2;0;0;7;36;0;0;2;85;2;20;1;0;0;0
32;27;Cortegada;1-001 -A;527;0;0;527;368;0;368;6;5;2;2;60;0;0;2;249;3;37;1;1;0;0
32;27;Cortegada;1-001 -B;228;0;0;228;165;0;165;1;1;0;0;29;0;0;4;120;1;9;0;0;0;0
32;27;Cortegada;1-001 -C;227;0;0;227;159;1;160;3;0;0;0;27;0;0;2;108;0;20;0;0;0;0
32;28;Cualedro;1-001 -A;392;0;0;392;238;0;238;1;0;0;9;33;0;0;1;166;1;27;0;0;0;0
32;28;Cualedro;1-001 -B;391;0;0;391;278;0;278;4;1;1;6;41;1;0;4;181;0;39;0;0;0;0
32;28;Cualedro;1-001 -C;248;0;0;248;173;0;173;2;1;0;3;21;0;0;3;127;2;14;0;0;0;0
32;28;Cualedro;1-001 -D;482;0;0;482;257;0;257;2;2;0;9;22;0;0;2;175;0;42;2;0;0;1
32;30;Entrimo;1-001 -A;505;0;0;505;341;0;341;1;3;0;4;189;0;0;8;94;0;42;0;0;0;0
32;30;Entrimo;1-001 -B;207;0;0;207;145;0;145;1;1;0;3;88;0;0;2;43;0;7;0;0;0;0
32;30;Entrimo;1-001 -C;211;0;0;211;160;2;162;3;4;0;4;84;0;0;0;53;0;13;1;0;0;0
32;31;Esgos;1-001 -A;489;0;0;489;325;0;325;5;0;0;5;51;0;1;4;213;0;45;1;0;0;0
32;31;Esgos;1-001 -B;507;0;0;507;360;0;360;4;3;0;9;53;0;0;7;254;0;30;0;0;0;0
32;33;Gomesende;1-001 -A;229;0;0;229;129;0;129;0;0;0;1;24;0;0;4;87;2;11;0;0;0;0
32;33;Gomesende;1-001 -B;202;0;0;202;133;0;133;0;1;0;3;26;0;0;2;95;0;6;0;0;0;0
32;33;Gomesende;1-001 -C;220;0;0;220;139;0;139;0;2;0;7;13;0;0;2;113;0;2;0;0;0;0
32;38;Larouco;1-001 -U;395;0;0;395;242;0;242;6;1;0;5;49;0;0;5;149;0;25;1;0;0;1
32;39;Laza;1-001 -A;456;0;0;456;308;0;308;3;0;0;7;74;0;0;1;118;4;101;0;0;0;0
32;39;Laza;1-001 -B;275;0;0;275;204;0;204;1;3;0;8;38;0;0;1;107;0;46;0;0;0;0
32;39;Laza;1-001 -C;208;0;0;208;133;0;133;2;0;0;1;19;0;0;2;76;0;30;1;0;0;2
32;39;Laza;1-001 -D;200;0;0;200;116;0;116;1;4;0;5;27;0;0;0;73;0;6;0;0;0;0
32;40;Leiro;1-001 -A;588;0;0;588;363;0;363;5;8;0;10;54;0;0;2;226;9;48;1;0;0;0
32;40;Leiro;1-001 -B;236;0;0;236;184;0;184;0;0;0;1;10;0;0;0;161;0;12;0;0;0;0
32;40;Leiro;1-001 -C;262;0;0;262;178;0;178;1;1;0;4;28;0;0;4;96;0;43;0;0;1;0
32;40;Leiro;1-001 -D;288;0;0;288;210;0;210;1;2;0;3;38;0;0;4;131;1;30;0;0;0;0
32;41;Lobeira;1-001 -A;518;0;0;518;295;0;295;4;2;1;6;59;0;0;4;180;2;37;0;0;0;0
32;41;Lobeira;1-001 -B;208;0;0;208;155;1;156;1;1;0;2;21;0;0;4;115;0;12;0;0;0;0
32;42;Lobios;1-001 -A;452;0;0;452;294;1;295;1;4;0;4;48;0;0;17;203;0;17;1;0;0;0
32;42;Lobios;1-001 -B;349;0;0;349;230;0;230;0;0;0;3;34;0;1;5;157;2;26;2;0;0;0
32;42;Lobios;1-001 -C;244;0;0;244;166;0;166;1;1;1;3;33;0;0;3;106;0;18;0;0;0;0
32;42;Lobios;1-001 -D;213;0;0;213;139;0;139;1;0;0;7;15;1;0;4;102;0;9;0;0;0;0
32;42;Lobios;1-001 -E;200;0;0;200;124;0;124;0;0;1;1;21;0;0;2;87;0;12;0;0;0;0
32;43;Maceda;1-001 -A;755;0;0;755;482;2;484;5;3;0;10;85;0;0;7;252;5;107;2;0;7;1
32;43;Maceda;1-001 -B;669;0;0;669;400;2;402;6;2;0;6;83;0;0;5;212;4;73;0;0;11;0
32;43;Maceda;1-001 -C;422;0;0;422;223;2;225;1;1;0;8;25;0;0;13;115;1;51;1;0;7;2
32;43;Maceda;2-001 -A;367;0;0;367;231;0;231;3;0;0;4;45;0;0;1;131;2;40;2;0;3;0
32;43;Maceda;2-001 -B;273;0;0;273;147;0;147;0;2;0;1;25;0;0;0;98;0;17;0;0;4;0
32;44;Manzaneda;1-001 -A;478;0;0;478;331;0;331;7;3;0;7;93;0;0;5;151;2;58;4;1;0;0
32;44;Manzaneda;1-001 -B;296;0;0;296;217;0;217;1;1;0;2;51;0;0;2;133;3;22;2;0;0;0
32;45;Maside;1-001 -U;636;0;0;636;423;0;423;5;3;0;6;153;0;0;1;201;0;46;1;0;7;0
32;45;Maside;2-001 -A;666;0;0;666;472;0;472;8;7;1;14;121;0;2;2;246;4;55;2;0;9;1
32;45;Maside;2-001 -B;305;0;0;305;239;0;239;3;4;0;4;48;2;0;2;150;1;20;3;0;2;0
32;45;Maside;2-002 -A;364;0;0;364;267;0;267;2;1;0;6;88;1;1;3;142;0;20;2;0;0;1
32;45;Maside;2-002 -B;374;0;0;374;258;1;259;4;3;0;3;62;0;0;4;146;4;30;0;0;2;1
32;46;Melón;1-001 -A;444;0;0;444;290;0;290;4;0;1;3;79;0;0;6;154;2;40;1;0;0;0
32;46;Melón;1-001 -B;221;0;0;221;142;0;142;2;2;0;3;27;0;0;2;83;0;22;0;0;0;1
32;46;Melón;1-001 -C;404;0;0;404;229;1;230;3;0;0;4;82;0;0;2;119;0;19;0;0;1;0
32;49;Montederramo;1-001 -A;306;0;0;306;187;1;188;2;5;0;3;39;0;0;3;93;3;40;0;0;0;0
32;49;Montederramo;1-001 -B;361;0;0;361;223;0;223;1;0;0;2;28;0;1;5;150;1;35;0;0;0;0
32;50;Monterrei;1-001 -A;381;0;0;381;261;1;262;2;1;0;1;53;0;0;3;111;1;90;0;0;0;0
32;50;Monterrei;1-001 -B;207;0;0;207;143;1;144;0;2;0;6;23;0;0;0;88;0;25;0;0;0;0
32;50;Monterrei;1-001 -C;442;0;0;442;355;1;356;7;0;0;6;49;0;0;2;222;1;69;0;0;0;0
32;50;Monterrei;1-001 -D;435;0;0;435;302;1;303;4;1;0;2;38;0;0;9;162;0;86;0;0;0;1
32;50;Monterrei;2-001 -A;301;0;0;301;210;0;210;2;2;0;2;49;0;0;0;126;1;27;1;0;0;0
32;50;Monterrei;2-001 -B;262;0;0;262;188;0;188;0;1;0;2;18;0;0;2;115;0;50;0;0;0;0
32;50;Monterrei;2-001 -C;250;0;0;250;168;0;168;1;3;0;0;21;0;0;1;89;0;52;0;1;0;0
32;51;Muíños;1-001 -A;425;0;0;425;349;2;351;4;7;0;2;38;0;0;3;272;1;22;2;0;0;0
32;51;Muíños;1-001 -B;469;0;0;469;346;1;347;1;0;0;4;59;0;0;4;232;1;44;2;0;0;0
32;51;Muíños;1-001 -C;249;0;0;249;214;1;215;3;0;0;0;37;0;0;1;166;0;8;0;0;0;0
32;51;Muíños;1-001 -D;207;0;0;207;153;2;155;1;0;0;1;26;0;0;0;122;1;4;0;0;0;0
32;52;Nogueira de Ramuín;1-001 -A;249;0;0;249;168;0;168;2;1;1;3;15;0;0;8;115;0;22;1;0;0;0
32;52;Nogueira de Ramuín;1-001 -B;389;0;0;389;268;1;269;3;3;0;2;39;0;0;4;195;0;21;1;0;0;1
32;52;Nogueira de Ramuín;1-003 -A;329;0;0;329;210;0;210;3;1;0;3;36;0;1;6;135;2;23;0;0;0;0
32;52;Nogueira de Ramuín;1-003 -B;632;0;0;632;429;0;429;3;4;0;7;54;0;0;1;326;2;31;0;0;1;0
32;52;Nogueira de Ramuín;1-003 -C;209;0;0;209;149;1;150;1;1;0;0;25;0;0;1;102;0;19;0;0;1;0
32;9;O Barco de Valdeorras;1-001 -A;677;0;0;677;413;1;414;0;7;0;4;101;0;0;16;218;4;58;3;0;3;0
32;9;O Barco de Valdeorras;1-001 -B;652;0;0;652;386;1;387;3;6;1;6;94;0;0;13;206;3;48;3;0;4;0
32;9;O Barco de Valdeorras;1-002 -U;781;0;0;781;393;1;394;1;2;0;15;98;2;0;15;188;4;61;3;0;5;0
32;9;O Barco de Valdeorras;1-003 -A;472;0;0;472;275;1;276;3;0;0;7;73;0;0;2;157;0;32;1;0;1;0
32;9;O Barco de Valdeorras;1-003 -B;265;0;0;265;189;0;189;1;3;0;3;83;1;0;4;76;0;17;0;0;1;0
32;9;O Barco de Valdeorras;1-004 -A;272;0;0;272;148;1;149;2;1;0;3;45;0;0;5;72;0;19;0;0;0;2
32;9;O Barco de Valdeorras;1-004 -B;415;0;0;415;227;0;227;0;0;0;4;63;0;0;11;124;3;22;0;0;0;0
32;9;O Barco de Valdeorras;1-005 -A;815;0;0;815;433;0;433;7;2;1;8;116;0;0;18;216;7;57;0;0;1;0
32;9;O Barco de Valdeorras;1-005 -B;729;0;0;729;366;0;366;6;3;0;6;94;0;0;14;180;3;60;0;0;0;0
32;9;O Barco de Valdeorras;1-006 -A;576;0;0;576;328;1;329;3;4;0;12;77;0;0;6;183;2;38;1;0;3;0
32;9;O Barco de Valdeorras;1-006 -B;599;0;0;599;313;1;314;4;2;0;13;84;0;1;2;157;1;46;3;0;1;0
32;9;O Barco de Valdeorras;1-007 -A;730;0;0;730;419;0;419;4;4;0;9;85;0;0;14;242;2;57;0;0;2;0
32;9;O Barco de Valdeorras;1-007 -B;707;0;0;707;388;0;388;3;8;0;10;75;1;0;14;219;3;50;0;0;5;0
32;9;O Barco de Valdeorras;1-008 -U;645;0;0;645;329;0;329;2;4;1;7;85;1;0;16;150;3;57;1;1;1;0
32;9;O Barco de Valdeorras;1-009 -A;611;0;0;611;283;1;284;7;1;0;4;60;1;0;3;155;7;43;2;1;0;0
32;9;O Barco de Valdeorras;1-009 -B;653;0;0;653;328;1;329;0;1;0;6;73;1;0;14;187;3;41;2;0;1;0
32;9;O Barco de Valdeorras;2-001 -A;493;0;0;493;255;0;255;4;1;0;7;73;0;0;5;128;1;35;1;0;0;0
32;9;O Barco de Valdeorras;2-001 -B;457;0;0;457;242;0;242;8;1;0;4;56;0;0;2;141;3;26;0;0;1;0
32;15;O Bolo;1-001 -A;310;0;0;310;164;0;164;2;1;0;5;21;0;0;1;114;1;19;0;0;0;0
32;15;O Bolo;1-001 -B;222;0;0;222;116;0;116;0;0;0;5;16;0;0;1;88;0;6;0;0;0;0
32;15;O Bolo;1-001 -C;260;0;0;260;146;0;146;3;2;0;3;13;0;0;2;105;0;17;1;0;0;0
32;19;O Carballiño;1-001 -A;664;0;0;664;377;1;378;4;3;0;2;43;0;2;10;227;1;78;2;0;6;0
32;19;O Carballiño;1-001 -B;606;0;0;606;345;1;346;3;2;0;7;51;0;0;9;208;0;55;0;0;11;0
32;19;O Carballiño;1-002 -A;839;0;0;839;531;1;532;7;3;0;6;76;0;0;29;301;3;94;3;0;10;0
32;19;O Carballiño;1-002 -B;760;0;0;760;465;0;465;8;2;1;14;59;1;0;20;265;6;71;0;0;17;1
32;19;O Carballiño;1-003 -A;702;0;0;702;366;1;367;6;2;1;10;64;0;0;4;210;1;59;2;0;8;0
32;19;O Carballiño;1-003 -B;415;0;0;415;280;1;281;1;1;0;2;54;0;0;2;148;3;45;2;0;23;0
32;19;O Carballiño;1-004 -A;840;0;0;840;488;1;489;11;7;1;6;84;2;1;5;273;6;63;3;0;27;0
32;19;O Carballiño;1-004 -B;546;0;0;546;305;1;306;5;3;0;6;54;0;2;4;152;1;47;1;0;31;0
32;19;O Carballiño;1-005 -A;872;0;0;872;506;1;507;3;6;0;14;89;0;0;11;281;6;78;1;0;17;1
32;19;O Carballiño;1-005 -B;832;0;0;832;453;1;454;3;3;1;8;75;0;0;18;253;2;67;1;0;23;0
32;19;O Carballiño;1-006 -A;491;0;0;491;298;1;299;3;2;0;1;44;0;0;14;193;0;35;0;2;5;0
32;19;O Carballiño;1-006 -B;491;0;0;491;293;1;294;4;5;0;4;48;0;0;3;178;0;38;1;0;12;1
32;19;O Carballiño;1-007 -A;615;0;0;615;353;1;354;4;3;0;5;57;0;0;0;183;8;77;3;0;14;0
32;19;O Carballiño;1-007 -B;578;0;0;578;338;1;339;5;1;0;7;62;0;0;4;201;3;42;2;0;12;0
32;19;O Carballiño;2-001 -A;516;0;0;516;308;1;309;4;0;0;9;50;0;0;0;198;4;30;0;0;14;0
32;19;O Carballiño;2-001 -B;339;0;0;339;215;1;216;0;2;0;3;36;0;0;4;125;0;30;0;0;16;0
32;19;O Carballiño;2-002 -U;556;0;0;556;324;0;324;2;4;1;7;64;0;0;8;175;0;51;2;1;9;0
32;19;O Carballiño;3-001 -A;488;0;0;488;298;0;298;1;0;0;3;48;0;0;6;188;2;40;3;0;6;1
32;19;O Carballiño;3-001 -B;307;0;0;307;187;0;187;1;1;0;4;33;0;0;6;94;0;33;1;0;14;0
32;35;O Irixo;1-001 -A;503;0;0;503;312;1;313;0;3;0;4;33;0;0;7;224;2;36;0;0;4;0
32;35;O Irixo;1-001 -B;238;0;0;238;155;0;155;2;1;0;4;23;0;0;3;106;0;16;0;0;0;0
32;35;O Irixo;1-002 -A;349;0;0;349;208;1;209;1;2;0;5;17;0;1;1;161;0;21;0;0;0;0
32;35;O Irixo;1-002 -B;227;0;0;227;147;0;147;3;1;0;1;14;0;0;0;120;0;7;0;0;0;1
32;58;O Pereiro de Aguiar;1-001 -A;553;0;0;553;400;0;400;7;4;0;3;43;0;0;13;259;5;63;3;0;0;0
32;58;O Pereiro de Aguiar;1-001 -B;305;0;0;305;197;1;198;2;1;0;9;56;0;0;7;77;4;39;2;0;0;1
32;58;O Pereiro de Aguiar;1-002 -A;300;0;0;300;216;0;216;5;7;0;2;50;1;0;5;114;0;31;0;0;0;1
32;58;O Pereiro de Aguiar;1-002 -B;660;0;0;660;414;1;415;4;4;1;11;69;0;0;8;233;1;81;2;0;1;0
32;58;O Pereiro de Aguiar;2-001 -A;581;0;0;581;412;1;413;5;0;0;12;54;0;0;6;266;5;60;3;0;0;2
32;58;O Pereiro de Aguiar;2-001 -B;502;0;0;502;338;2;340;6;1;0;7;55;1;0;5;209;3;47;4;0;1;1
32;58;O Pereiro de Aguiar;2-001 -C;348;0;0;348;236;1;237;1;3;0;9;32;0;0;5;137;14;32;0;0;3;1
32;58;O Pereiro de Aguiar;2-002 -A;594;0;0;594;413;1;414;0;0;1;7;65;0;0;13;260;4;60;2;1;1;0
32;58;O Pereiro de Aguiar;2-002 -B;774;0;0;774;329;0;329;6;2;1;7;46;0;0;13;183;8;61;2;0;0;0
32;58;O Pereiro de Aguiar;2-003 -U;653;0;0;653;422;0;422;1;2;0;9;65;0;0;10;244;4;85;2;0;0;0
32;53;Oímbra;1-001 -A;451;0;0;451;348;0;348;1;4;0;9;50;0;0;9;185;2;87;1;0;0;0
32;53;Oímbra;1-001 -B;250;0;0;250;181;0;181;1;1;0;1;18;0;0;0;120;1;39;0;0;0;0
32;53;Oímbra;1-001 -C;340;0;0;340;255;0;255;2;2;0;11;28;1;0;4;167;1;38;1;0;0;0
32;53;Oímbra;1-001 -D;296;0;0;296;213;0;213;3;3;0;3;23;0;0;1;138;0;39;1;0;1;1
32;12;Os Blancos;1-001 -A;233;0;0;233;155;1;156;2;0;0;3;32;1;0;2;94;0;22;0;0;0;0
32;12;Os Blancos;1-001 -B;262;0;0;262;181;0;181;0;2;0;6;28;0;1;4;111;0;27;0;0;0;2
32;12;Os Blancos;1-001 -C;211;0;0;211;123;0;123;1;0;0;2;24;0;0;1;80;0;15;0;0;0;0
32;54;Ourense;1-001 -U;520;0;0;520;303;2;305;3;0;0;5;35;0;0;11;160;11;77;0;2;1;0
32;54;Ourense;1-002 -A;493;0;0;493;312;1;313;1;5;0;5;40;0;0;15;188;2;55;2;0;0;0
32;54;Ourense;1-002 -B;528;0;0;528;326;1;327;3;3;0;5;53;0;0;11;192;4;45;4;0;7;0
32;54;Ourense;1-003 -U;736;0;0;736;465;1;466;4;12;2;13;78;0;0;5;266;5;76;3;0;2;0
32;54;Ourense;1-004 -U;670;0;0;670;440;2;442;2;4;0;16;51;0;0;8;264;12;77;2;1;3;2
32;54;Ourense;1-005 -U;895;0;0;895;536;2;538;1;4;3;15;73;0;0;10;323;8;97;2;1;1;0
32;54;Ourense;1-006 -A;601;0;0;601;400;1;401;1;5;0;10;53;0;0;7;239;12;73;1;0;0;0
32;54;Ourense;1-006 -B;610;0;0;610;413;1;414;4;5;1;10;50;0;0;9;249;11;69;3;0;2;1
32;54;Ourense;1-007 -A;627;0;0;627;395;3;398;4;4;0;10;69;0;0;9;223;5;69;2;1;2;0
32;54;Ourense;1-007 -B;746;0;0;746;489;1;490;2;8;0;10;99;0;2;16;234;11;104;3;0;1;0
32;54;Ourense;1-008 -U;634;0;0;634;408;2;410;12;10;0;8;79;1;1;18;194;8;77;0;0;2;0
32;54;Ourense;1-009 -A;710;0;0;710;464;2;466;2;3;0;18;96;0;0;17;202;15;111;0;0;2;0
32;54;Ourense;1-009 -B;685;0;0;685;440;2;442;7;4;2;24;95;0;0;7;201;11;89;0;1;1;0
32;54;Ourense;1-010 -A;655;0;0;655;390;1;391;0;1;1;9;60;0;0;14;217;5;77;2;1;4;0
32;54;Ourense;1-010 -B;649;0;0;649;402;0;402;4;5;2;8;72;0;0;3;212;9;80;4;0;3;0
32;54;Ourense;1-011 -A;481;0;0;481;287;0;287;2;6;0;2;83;0;0;7;122;4;61;0;0;0;0
32;54;Ourense;1-011 -B;466;0;0;466;298;1;299;0;6;0;8;70;0;0;14;120;4;76;0;0;0;1
32;54;Ourense;1-012 -A;795;0;0;795;473;0;473;4;3;1;13;91;0;0;16;218;3;117;3;3;0;1
32;54;Ourense;1-012 -B;744;0;0;744;428;0;428;6;6;1;8;74;0;1;20;187;12;106;7;0;0;0
32;54;Ourense;1-013 -A;546;0;0;546;314;1;315;2;3;0;5;66;0;0;9;153;7;68;1;0;1;0
32;54;Ourense;1-013 -B;555;0;0;555;313;1;314;2;4;0;9;60;0;0;7;161;6;65;0;0;0;0
32;54;Ourense;1-013 -C;249;0;0;249;134;0;134;3;0;0;5;35;0;0;3;63;2;21;0;0;2;0
32;54;Ourense;1-014 -A;448;1;0;449;229;1;230;2;2;0;6;51;0;0;3;121;4;39;1;0;0;1
32;54;Ourense;1-014 -B;645;0;0;645;363;0;363;3;1;2;6;84;0;0;16;165;11;70;5;0;0;0
32;54;Ourense;1-015 -U;801;0;0;801;477;1;478;6;2;1;13;100;1;0;14;212;6;118;2;1;1;1
32;54;Ourense;1-016 -U;772;0;0;772;465;1;466;4;4;2;8;90;0;0;9;211;4;129;1;2;1;1
32;54;Ourense;1-017 -U;581;0;0;581;366;2;368;1;4;0;8;59;0;0;5;224;5;60;0;0;2;0
32;54;Ourense;1-018 -U;643;0;0;643;379;2;381;2;4;0;13;68;1;0;15;173;11;91;1;0;1;1
32;54;Ourense;2-001 -A;483;0;0;483;264;1;265;5;1;0;3;53;0;0;8;121;3;70;1;0;0;0
32;54;Ourense;2-001 -B;499;0;0;499;252;1;253;0;0;0;5;42;0;0;6;112;4;81;3;0;0;0
32;54;Ourense;2-002 -U;641;0;0;641;346;1;347;1;3;0;13;53;0;0;8;186;0;81;0;0;1;1
32;54;Ourense;2-003 -A;820;0;0;820;478;1;479;3;8;1;10;94;1;0;15;233;3;102;4;1;1;3
32;54;Ourense;2-003 -B;863;0;0;863;490;1;491;4;5;0;12;110;0;0;13;248;7;91;0;0;1;0
32;54;Ourense;2-004 -A;560;0;0;560;286;0;286;2;1;0;9;55;0;1;7;141;3;63;1;1;2;0
32;54;Ourense;2-004 -B;566;0;0;566;295;1;296;9;1;0;13;62;1;0;9;120;4;76;0;0;1;0
32;54;Ourense;2-004 -C;421;0;0;421;226;1;227;2;4;0;7;25;0;0;3;122;6;58;0;0;0;0
32;54;Ourense;2-005 -A;616;0;0;616;314;1;315;6;3;2;5;55;0;0;10;150;5;78;0;0;0;1
32;54;Ourense;2-005 -B;573;0;0;573;321;1;322;1;2;0;7;41;0;1;12;191;7;57;1;0;0;2
32;54;Ourense;2-005 -C;366;0;0;366;190;1;191;3;0;0;9;29;0;0;1;100;2;46;0;0;0;1
32;54;Ourense;2-006 -A;755;0;0;755;362;1;363;4;3;0;7;86;2;0;11;150;7;91;1;0;0;1
32;54;Ourense;2-006 -B;712;0;0;712;336;1;337;5;2;0;11;80;0;0;7;150;2;76;4;0;0;0
32;54;Ourense;2-007 -A;629;0;0;629;328;1;329;6;6;1;11;69;0;0;2;168;5;61;0;0;0;0
32;54;Ourense;2-007 -B;715;0;0;715;396;1;397;8;3;0;9;77;0;0;8;182;4;99;5;1;1;0
32;54;Ourense;2-008 -U;658;0;0;658;339;1;340;8;5;1;7;89;1;0;14;133;4;75;3;0;0;0
32;54;Ourense;2-009 -A;267;0;0;267;166;1;167;1;0;0;10;35;1;0;3;94;2;21;0;0;0;0
32;54;Ourense;2-009 -B;401;0;0;401;175;1;176;0;0;0;1;30;0;0;3;125;2;15;0;0;0;0
32;54;Ourense;2-009 -C;560;0;0;560;289;1;290;4;1;0;7;64;0;0;2;147;3;61;0;0;1;0
32;54;Ourense;2-010 -A;506;0;0;506;296;1;297;3;2;0;3;75;0;0;7;130;2;71;2;0;1;1
32;54;Ourense;2-010 -B;363;0;0;363;196;1;197;2;0;0;7;34;0;0;5;72;9;68;0;0;0;0
32;54;Ourense;2-010 -C;790;0;0;790;479;2;481;4;4;0;15;82;0;0;13;195;12;143;7;0;2;4
32;54;Ourense;2-011 -U;860;0;0;860;474;2;476;4;2;2;12;83;1;2;5;177;10;167;8;0;2;1
32;54;Ourense;3-001 -A;733;0;0;733;421;2;423;7;4;0;7;62;0;0;11;215;9;104;3;0;1;0
32;54;Ourense;3-001 -B;751;0;0;751;415;1;416;10;4;1;13;77;0;0;6;194;7;101;2;0;1;0
32;54;Ourense;3-002 -U;816;0;0;816;456;1;457;6;5;0;6;116;0;1;17;187;8;107;3;1;0;0
32;54;Ourense;3-003 -A;636;0;0;636;311;1;312;5;1;0;8;66;0;0;8;144;4;71;4;0;0;1
32;54;Ourense;3-003 -B;674;0;0;674;323;2;325;1;2;1;7;80;0;2;10;142;7;69;2;0;1;1
32;54;Ourense;3-004 -A;473;0;0;473;261;1;262;2;4;1;4;47;0;0;10;107;7;77;0;1;1;1
32;54;Ourense;3-004 -B;501;0;0;501;295;0;295;2;2;0;6;70;0;0;5;103;1;102;3;0;0;1
32;54;Ourense;3-004 -C;727;0;0;727;360;0;360;1;4;2;5;77;0;0;16;155;4;94;1;0;1;0
32;54;Ourense;3-005 -U;878;0;0;878;537;1;538;4;5;0;13;102;0;1;9;260;9;127;5;0;2;1
32;54;Ourense;3-006 -U;665;0;0;665;353;1;354;3;4;0;15;65;0;2;8;166;7;77;7;0;0;0
32;54;Ourense;3-007 -U;676;0;0;676;398;2;400;1;2;1;10;111;1;4;12;144;3;107;3;1;0;0
32;54;Ourense;3-008 -A;917;0;0;917;501;2;503;2;2;0;4;100;2;0;13;223;5;145;4;0;1;2
32;54;Ourense;3-008 -B;893;0;0;893;515;1;516;2;8;0;8;115;0;0;27;194;7;148;5;0;2;0
32;54;Ourense;3-009 -A;550;0;0;550;291;1;292;1;3;0;4;62;0;2;6;136;2;74;1;0;1;0
32;54;Ourense;3-009 -B;616;0;0;616;347;1;348;2;5;0;8;79;0;1;6;160;3;80;3;1;0;0
32;54;Ourense;3-010 -A;714;0;0;714;366;2;368;1;5;0;5;92;0;0;8;170;3;78;1;1;1;3
32;54;Ourense;3-010 -B;294;0;0;294;181;1;182;1;1;0;3;35;0;0;6;78;5;52;0;0;0;1
32;54;Ourense;3-011 -A;778;0;0;778;427;1;428;4;6;0;12;92;0;1;18;160;11;120;1;2;0;1
32;54;Ourense;3-011 -B;809;0;0;809;411;1;412;3;4;1;10;96;0;1;14;165;10;106;0;1;0;1
32;54;Ourense;3-012 -A;291;0;0;291;173;0;173;2;2;0;12;34;0;0;2;98;4;18;1;0;0;0
32;54;Ourense;3-012 -B;306;0;0;306;135;1;136;1;0;0;7;23;0;1;0;81;4;18;1;0;0;0
32;54;Ourense;3-013 -U;676;0;0;676;460;2;462;4;7;0;4;98;0;0;17;218;7;103;2;1;1;0
32;54;Ourense;3-014 -A;794;0;0;794;468;2;470;3;0;1;3;86;0;2;13;221;8;124;7;0;2;0
32;54;Ourense;3-014 -B;795;0;0;795;442;2;444;2;2;0;6;104;0;1;14;193;9;105;6;1;1;0
32;54;Ourense;3-015 -A;681;0;0;681;370;1;371;6;2;1;7;88;0;0;7;188;4;66;1;0;1;0
32;54;Ourense;3-015 -B;719;0;0;719;409;1;410;4;7;0;7;77;0;0;8;218;6;79;4;0;0;0
32;54;Ourense;3-016 -A;475;0;0;475;256;0;256;6;2;0;2;66;0;0;11;95;4;65;3;0;2;0
32;54;Ourense;3-016 -B;515;0;0;515;298;1;299;3;2;2;4;77;0;0;8;119;4;76;2;0;1;1
32;54;Ourense;3-017 -U;632;0;0;632;333;2;335;4;1;1;12;82;2;0;18;129;4;77;3;0;0;2
32;54;Ourense;4-002 -A;645;0;0;645;366;1;367;6;2;0;15;58;1;1;23;143;7;102;4;0;3;2
32;54;Ourense;4-002 -B;581;0;0;581;361;1;362;1;2;0;9;73;0;1;6;151;5;109;1;1;1;2
32;54;Ourense;4-003 -A;519;0;0;519;290;1;291;3;6;0;4;64;0;0;5;123;3;82;1;0;0;0
32;54;Ourense;4-003 -B;497;0;0;497;298;0;298;1;3;0;8;66;0;0;13;114;5;85;1;0;1;1
32;54;Ourense;4-004 -U;675;0;0;675;373;2;375;2;2;1;10;72;0;0;9;159;6;108;2;1;2;1
32;54;Ourense;4-005 -A;794;0;0;794;388;1;389;2;2;0;6;74;0;1;12;183;8;100;1;0;0;0
32;54;Ourense;4-005 -B;785;0;0;785;419;1;420;0;5;1;8;90;0;1;9;195;5;100;4;0;0;2
32;54;Ourense;4-006 -A;611;0;0;611;352;0;352;1;1;0;8;72;0;3;11;152;3;101;0;0;0;0
32;54;Ourense;4-006 -B;396;0;0;396;224;1;225;3;2;1;4;59;0;0;3;99;7;43;4;0;0;0
32;54;Ourense;4-007 -U;881;0;0;881;413;1;414;2;4;1;7;68;0;4;14;207;7;97;1;1;1;0
32;54;Ourense;4-008 -U;745;0;0;745;469;0;469;0;4;0;3;136;0;0;8;173;5;139;0;1;0;0
32;54;Ourense;4-009 -A;732;4;0;736;384;1;385;2;5;0;10;83;0;0;12;172;5;95;1;0;0;0
32;54;Ourense;4-009 -B;732;5;0;737;397;2;399;5;2;0;8;77;0;2;9;178;16;96;4;2;0;0
32;54;Ourense;4-010 -A;500;0;0;500;262;1;263;3;2;0;5;55;0;0;6;126;7;58;0;0;1;0
32;54;Ourense;4-010 -B;476;0;0;476;253;2;255;7;3;0;4;48;0;0;8;118;2;64;1;0;0;0
32;54;Ourense;4-011 -U;616;0;0;616;226;0;226;1;3;0;6;58;0;0;5;100;0;51;0;0;2;0
32;54;Ourense;4-012 -U;505;0;0;505;262;1;263;0;5;3;9;64;0;1;6;118;3;53;0;0;0;1
32;54;Ourense;4-013 -U;848;0;0;848;448;2;450;1;5;1;6;100;1;0;10;216;7;99;2;1;1;0
32;54;Ourense;4-014 -A;640;0;0;640;320;1;321;3;2;0;6;76;0;0;10;135;6;80;2;0;0;1
32;54;Ourense;4-014 -B;632;1;0;633;291;1;292;1;1;0;2;68;0;1;2;141;4;70;2;0;0;0
32;54;Ourense;4-015 -U;633;5;0;638;350;2;352;4;3;2;8;87;0;0;9;144;5;89;1;0;0;0
32;54;Ourense;5-001 -A;714;1;0;715;403;2;405;3;3;2;5;79;0;0;15;172;10;111;2;3;0;0
32;54;Ourense;5-001 -B;756;0;0;756;403;2;405;4;4;1;8;93;0;3;13;144;7;121;6;0;1;0
32;54;Ourense;5-002 -A;442;0;0;442;257;3;260;2;0;1;7;64;2;1;14;106;5;56;2;0;0;0
32;54;Ourense;5-002 -B;444;0;0;444;258;0;258;2;1;1;4;66;0;0;6;106;4;64;3;0;1;0
32;54;Ourense;5-003 -A;814;0;0;814;478;1;479;2;6;1;11;91;1;0;15;202;13;130;4;0;2;1
32;54;Ourense;5-003 -B;763;0;0;763;469;1;470;7;5;1;11;109;1;1;15;180;8;131;1;0;0;0
32;54;Ourense;5-004 -A;601;0;0;601;377;1;378;2;2;0;5;97;0;2;18;152;4;93;1;0;2;0
32;54;Ourense;5-004 -B;711;0;0;711;445;1;446;0;5;0;6;111;0;2;17;200;6;94;1;1;1;2
32;54;Ourense;5-005 -A;996;0;0;996;605;1;606;5;4;0;10;159;1;1;29;216;7;170;2;0;2;0
32;54;Ourense;5-005 -B;875;0;0;875;501;1;502;10;3;2;7;120;0;0;24;180;7;143;4;0;2;0
32;54;Ourense;5-006 -A;292;2;0;294;156;2;158;3;1;0;4;35;0;0;1;76;4;32;1;1;0;0
32;54;Ourense;5-006 -B;805;0;0;805;412;0;412;8;1;1;11;117;1;0;13;181;11;65;1;0;2;0
32;54;Ourense;5-008 -A;443;0;0;443;253;2;255;1;0;0;5;73;0;1;4;111;4;55;1;0;0;0
32;54;Ourense;5-008 -B;479;0;0;479;264;3;267;2;3;0;6;62;0;1;10;109;6;65;1;0;2;0
32;54;Ourense;5-009 -A;457;0;0;457;220;0;220;2;7;0;2;60;0;2;3;87;6;51;0;0;0;0
32;54;Ourense;5-009 -B;492;0;0;492;264;2;266;2;2;0;6;66;0;1;6;118;6;55;3;0;0;1
32;54;Ourense;5-010 -A;681;0;0;681;408;1;409;3;5;0;8;99;0;0;8;155;6;123;2;0;0;0
32;54;Ourense;5-010 -B;590;0;0;590;358;3;361;4;6;0;6;104;1;0;19;99;20;99;1;0;1;1
32;54;Ourense;5-011 -A;552;0;0;552;305;2;307;1;3;0;7;84;0;0;8;123;6;72;1;1;1;0
32;54;Ourense;5-011 -B;449;0;0;449;229;2;231;2;1;1;7;55;0;2;6;97;2;57;0;0;0;1
32;54;Ourense;5-012 -U;815;0;0;815;469;0;469;3;3;0;15;91;0;4;9;272;8;62;2;0;0;0
32;54;Ourense;5-013 -A;380;0;0;380;244;1;245;1;6;0;6;44;0;0;6;124;7;49;1;0;0;1
32;54;Ourense;5-013 -B;223;0;0;223;128;1;129;1;1;0;0;30;0;0;3;36;32;24;1;0;1;0
32;54;Ourense;5-013 -C;363;0;0;363;231;0;231;6;1;0;5;30;0;0;13;97;22;56;0;0;1;0
32;54;Ourense;5-014 -A;294;0;0;294;173;2;175;1;8;0;2;46;0;0;9;76;2;29;2;0;0;0
32;54;Ourense;5-014 -B;507;0;0;507;302;2;304;8;5;0;6;70;1;0;4;127;13;68;2;0;0;0
32;54;Ourense;5-014 -C;344;0;0;344;191;1;192;0;2;1;4;41;0;0;0;96;3;40;1;0;3;1
32;54;Ourense;5-015 -A;446;0;0;446;227;2;229;1;4;0;9;47;0;0;5;88;5;62;4;0;1;3
32;54;Ourense;5-015 -B;453;0;0;453;244;2;246;1;0;0;6;52;0;0;4;115;6;59;1;0;1;1
32;54;Ourense;5-016 -A;226;2;0;228;131;1;132;0;2;0;10;27;0;0;1;59;9;24;0;0;0;0
32;54;Ourense;5-016 -B;623;0;0;623;299;0;299;4;1;0;12;29;0;0;4;183;8;57;0;0;0;1
32;54;Ourense;5-017 -A;272;0;0;272;180;1;181;4;1;0;5;35;0;0;5;84;2;43;0;0;1;1
32;54;Ourense;5-017 -B;266;0;0;266;149;0;149;2;1;0;1;23;0;0;7;71;2;39;0;0;3;0
32;54;Ourense;5-018 -A;759;0;0;759;416;2;418;9;3;0;7;112;0;0;15;140;13;111;6;0;1;1
32;54;Ourense;5-018 -B;769;0;0;769;428;2;430;7;3;1;8;125;2;3;11;146;12;105;2;1;2;2
32;54;Ourense;5-019 -A;634;0;0;634;360;0;360;4;2;2;3;104;1;0;14;133;7;83;6;0;0;1
32;54;Ourense;5-019 -B;487;0;0;487;264;1;265;0;1;0;3;62;0;0;14;112;8;65;0;0;0;0
32;54;Ourense;5-020 -A;488;0;0;488;259;1;260;3;1;0;3;76;0;0;11;87;3;73;1;0;1;1
32;54;Ourense;5-020 -B;553;0;0;553;292;1;293;1;2;0;5;77;0;4;10;103;4;84;1;0;1;1
32;54;Ourense;5-021 -A;577;2;0;579;352;2;354;8;3;1;9;69;0;0;10;148;16;87;2;0;1;0
32;54;Ourense;5-021 -B;675;2;0;677;384;2;386;4;6;1;9;66;0;0;10;182;8;96;1;0;2;1
32;55;Paderne de Allariz;1-001 -A;603;0;0;603;360;1;361;4;2;0;5;46;0;4;8;246;1;45;0;0;0;0
32;55;Paderne de Allariz;1-001 -B;598;0;0;598;360;0;360;3;4;0;1;47;0;2;7;221;1;73;1;0;0;0
32;56;Padrenda;1-001 -A;452;0;0;452;309;0;309;3;0;0;6;35;0;0;2;242;1;15;1;0;0;4
32;56;Padrenda;1-001 -B;235;0;0;235;162;0;162;0;1;0;0;22;0;0;0;133;0;6;0;0;0;0
32;56;Padrenda;1-002 -A;322;0;0;322;194;0;194;0;0;0;2;57;0;0;1;123;0;11;0;0;0;0
32;56;Padrenda;1-002 -B;437;0;0;437;293;2;295;0;0;0;1;93;0;0;2;188;11;0;0;0;0;0
32;57;Parada de Sil;1-001 -U;511;0;0;511;302;0;302;5;2;0;2;130;0;0;5;120;1;34;0;2;0;1
32;60;Petín;1-001 -A;414;0;0;414;274;0;274;3;0;0;11;106;1;0;5;96;0;52;0;0;0;0
32;60;Petín;1-001 -B;331;0;0;331;202;0;202;1;4;0;3;56;0;0;2;101;3;32;0;0;0;0
32;61;Piñor;1-001 -A;305;0;0;305;233;0;233;0;2;0;6;11;0;0;2;154;0;18;1;2;37;0
32;61;Piñor;1-001 -B;291;0;0;291;232;0;232;1;1;0;1;22;1;0;6;116;0;24;2;0;58;0
32;61;Piñor;1-001 -C;460;0;0;460;351;0;351;0;1;0;6;21;1;0;1;206;0;36;0;1;78;0
32;64;Pontedeva;1-001 -U;450;0;0;450;304;0;304;3;4;0;6;35;0;0;3;220;0;32;1;0;0;0
32;62;Porqueira;1-001 -A;372;0;0;372;263;1;264;0;1;0;4;33;0;0;0;193;0;33;0;0;0;0
32;62;Porqueira;1-001 -B;401;0;0;401;282;1;283;0;2;1;4;25;0;0;2;215;0;33;0;1;0;0
32;65;Punxín;1-001 -A;407;0;0;407;261;0;261;2;6;1;3;68;1;0;8;134;1;35;1;0;0;1
32;65;Punxín;1-001 -B;228;0;0;228;138;0;138;0;1;0;2;27;0;0;5;75;2;20;2;0;0;4
32;66;Quintela de Leirado;1-001 -U;556;0;0;556;412;0;412;3;1;0;5;40;0;0;1;347;0;15;0;0;0;0
32;67;Rairiz de Veiga;1-001 -A;436;0;0;436;312;0;312;0;1;0;10;23;1;0;6;203;0;68;0;0;0;0
32;67;Rairiz de Veiga;1-001 -B;255;0;0;255;156;0;156;0;3;0;0;14;0;0;0;110;0;27;1;0;1;0
32;67;Rairiz de Veiga;1-001 -C;246;0;0;246;154;0;154;1;1;0;6;19;0;0;5;83;0;35;3;1;0;0
32;67;Rairiz de Veiga;1-001 -D;219;0;0;219;108;0;108;1;2;0;1;20;0;0;1;66;0;17;0;0;0;0
32;68;Ramirás;1-001 -A;310;0;0;310;202;0;202;2;2;0;3;46;0;0;2;104;0;41;2;0;0;0
32;68;Ramirás;1-001 -B;343;0;0;343;191;0;191;2;2;0;7;40;0;0;6;105;1;26;2;0;0;0
32;68;Ramirás;2-001 -A;326;0;0;326;196;0;196;3;2;0;1;61;0;0;0;91;1;35;2;0;0;0
32;68;Ramirás;2-001 -B;397;0;0;397;268;0;268;2;0;0;9;59;1;0;11;144;1;41;0;0;0;0
32;69;Ribadavia;1-001 -U;517;0;0;517;386;1;387;1;1;1;2;109;0;0;19;160;2;92;0;0;0;0
32;69;Ribadavia;1-003 -A;556;0;0;556;365;0;365;4;4;0;5;73;0;0;12;180;3;81;2;0;0;1
32;69;Ribadavia;1-003 -B;568;0;0;568;384;0;384;1;4;0;8;56;1;0;16;203;2;92;0;0;1;0
32;69;Ribadavia;1-004 -U;574;0;0;574;406;0;406;2;2;0;3;110;1;0;30;180;1;76;1;0;0;0
32;69;Ribadavia;1-005 -A;496;0;0;496;332;0;332;1;2;0;1;83;2;0;12;161;3;63;0;3;0;1
32;69;Ribadavia;1-005 -B;557;0;0;557;366;1;367;3;5;0;5;79;0;0;15;165;1;91;0;3;0;0
32;69;Ribadavia;2-001 -A;241;0;0;241;183;0;183;1;1;0;2;51;0;0;8;93;0;27;0;0;0;0
32;69;Ribadavia;2-001 -B;320;0;0;320;238;0;238;2;5;0;1;58;1;0;9;122;0;40;0;0;0;0
32;69;Ribadavia;2-001 -C;205;0;0;205;147;1;148;1;1;0;4;24;0;0;6;69;2;39;2;0;0;0
32;69;Ribadavia;2-001 -D;221;0;0;221;139;1;140;1;3;0;3;18;0;0;7;70;0;36;2;0;0;0
32;71;Riós;1-001 -A;418;0;0;418;246;1;247;6;1;0;1;60;1;0;3;142;0;33;0;0;0;0
32;71;Riós;1-001 -B;412;0;0;412;262;0;262;1;2;0;3;70;0;0;2;138;0;46;0;0;0;0
32;71;Riós;1-001 -C;258;0;0;258;184;0;184;0;2;0;3;41;0;0;2;104;0;31;0;0;1;0
32;71;Riós;1-001 -D;237;0;0;237;155;0;155;1;0;0;0;65;0;0;3;68;0;18;0;0;0;0
32;73;Rubiá;1-001 -A;767;0;0;767;495;0;495;6;2;0;16;148;0;0;30;243;1;49;0;0;0;0
32;73;Rubiá;1-001 -B;272;0;0;272;170;0;170;1;0;0;2;46;0;0;2;105;0;13;0;0;1;0
32;73;Rubiá;1-001 -C;207;0;0;207;122;1;123;1;0;0;5;32;0;0;6;76;0;3;0;0;0;0
32;74;San Amaro;1-001 -A;291;0;0;291;163;0;163;0;1;0;4;41;1;0;7;96;0;10;0;0;2;1
32;74;San Amaro;1-001 -B;293;0;0;293;203;0;203;0;0;0;2;59;0;0;2;97;1;30;0;0;12;0
32;74;San Amaro;1-001 -C;371;0;0;371;245;0;245;2;0;0;5;54;0;0;1;144;5;24;3;0;7;0
32;75;San Cibrao das Viñas;1-001 -A;725;0;0;725;496;2;498;2;1;1;16;74;0;1;13;279;8;97;3;2;0;1
32;75;San Cibrao das Viñas;1-001 -B;718;0;0;718;462;1;463;5;1;2;11;70;0;1;18;270;5;75;2;1;1;1
32;75;San Cibrao das Viñas;1-002 -A;516;0;0;516;349;1;350;7;6;0;9;39;0;0;8;231;3;47;0;0;0;0
32;75;San Cibrao das Viñas;1-002 -B;512;0;0;512;344;1;345;7;4;0;3;50;0;1;2;224;3;50;0;0;0;1
32;75;San Cibrao das Viñas;1-003 -A;550;0;0;550;362;0;362;6;1;0;8;73;0;0;13;214;0;47;0;0;0;0
32;75;San Cibrao das Viñas;1-003 -B;459;0;0;459;316;1;317;8;0;0;3;43;0;0;3;215;2;42;1;0;0;0
32;75;San Cibrao das Viñas;2-001 -U;871;0;0;871;649;0;649;4;6;0;4;78;0;0;7;465;1;83;1;0;0;0
32;76;San Cristovo de Cea;1-001 -A;521;0;0;521;389;0;389;7;2;0;6;35;0;0;6;283;2;36;0;0;12;0
32;76;San Cristovo de Cea;1-001 -B;230;0;0;230;159;1;160;0;0;0;5;31;0;0;1;95;0;22;0;0;6;0
32;76;San Cristovo de Cea;1-001 -C;384;0;0;384;264;1;265;2;3;0;2;17;0;0;0;209;0;25;0;0;7;0
32;76;San Cristovo de Cea;2-001 -A;334;0;0;334;234;0;234;1;0;0;4;27;0;0;0;171;0;28;0;0;3;0
32;76;San Cristovo de Cea;2-001 -B;250;0;0;250;153;1;154;1;1;0;0;25;0;0;0;94;1;30;0;0;2;0
32;76;San Cristovo de Cea;2-001 -C;202;0;0;202;146;0;146;4;1;0;0;15;0;0;2;94;2;28;0;0;0;0
32;70;San Xoán de Río;1-001 -U;487;0;0;487;246;0;246;2;4;0;5;47;0;0;4;144;2;38;0;0;0;0
32;77;Sandiás;1-001 -A;362;0;0;362;229;1;230;2;2;0;9;52;0;0;4;105;1;51;3;1;0;0
32;77;Sandiás;1-001 -B;340;0;0;340;207;0;207;3;3;0;7;45;1;0;1;112;2;32;1;0;0;0
32;77;Sandiás;1-001 -C;386;0;0;386;239;0;239;2;4;0;2;51;0;0;1;128;1;48;1;0;1;0
32;78;Sarreaus;1-001 -A;439;0;0;439;287;0;287;1;4;0;6;52;0;0;4;179;2;37;1;0;1;0
32;78;Sarreaus;1-001 -B;350;0;0;350;233;0;233;0;0;0;3;25;0;0;2;174;0;27;1;0;1;0
32;78;Sarreaus;1-001 -C;295;0;0;295;194;0;194;3;4;0;1;19;0;0;0;142;2;23;0;0;0;0
32;79;Taboadela;1-001 -A;364;0;0;364;240;0;240;1;1;0;1;66;2;0;2;136;1;30;0;0;0;0
32;79;Taboadela;1-001 -B;277;0;0;277;203;0;203;4;0;0;3;48;0;0;4;109;2;33;0;0;0;0
32;79;Taboadela;1-002 -U;657;0;0;657;381;0;381;2;5;0;7;83;0;1;13;193;16;60;0;0;0;1
32;81;Toén;1-001 -A;461;0;0;461;290;0;290;1;3;1;4;55;0;0;5;183;4;33;1;0;0;0
32;81;Toén;1-001 -B;242;0;0;242;170;0;170;1;0;0;2;66;0;0;4;71;0;26;0;0;0;0
32;81;Toén;1-002 -A;274;0;0;274;175;0;175;2;1;0;6;35;0;0;3;108;1;17;0;0;0;2
32;81;Toén;1-002 -B;252;0;0;252;177;0;177;1;0;0;3;43;0;0;0;116;0;13;0;0;0;1
32;81;Toén;2-001 -A;463;0;0;463;316;0;316;10;3;0;6;49;1;0;3;198;2;44;0;0;0;0
32;81;Toén;2-001 -B;342;0;0;342;237;1;238;1;2;0;3;46;0;0;9;147;0;29;1;0;0;0
32;82;Trasmiras;1-001 -A;522;0;0;522;327;0;327;2;3;0;5;46;0;0;3;188;1;79;0;0;0;0
32;82;Trasmiras;1-001 -B;364;0;0;364;222;0;222;1;2;0;7;40;0;0;1;128;0;43;0;0;0;0
32;82;Trasmiras;1-001 -C;266;0;0;266;172;1;173;1;2;0;3;24;0;0;2;115;0;25;0;0;1;0
32;84;Verea;1-001 -A;335;0;0;335;249;0;249;2;2;0;8;32;0;0;0;85;0;119;1;0;0;0
32;84;Verea;1-001 -B;232;0;0;232;170;0;170;0;1;0;4;24;0;0;1;52;0;88;0;0;0;0
32;84;Verea;1-001 -C;292;0;0;292;216;1;217;1;0;0;6;21;0;0;1;108;0;80;0;0;0;0
32;85;Verín;1-001 -A;657;0;0;657;378;1;379;5;6;0;9;90;0;0;1;144;1;120;0;1;2;0
32;85;Verín;1-001 -B;557;0;0;557;335;0;335;2;8;0;6;59;0;0;4;131;1;123;0;1;0;0
32;85;Verín;1-002 -A;470;0;0;470;279;1;280;4;3;0;8;58;0;0;6;109;3;89;0;0;0;0
32;85;Verín;1-002 -B;464;0;0;464;289;1;290;5;0;0;8;60;0;0;5;124;2;85;0;0;0;1
32;85;Verín;1-003 -A;547;0;0;547;341;0;341;8;0;0;8;92;0;0;4;137;1;91;0;0;0;0
32;85;Verín;1-003 -B;207;0;0;207;118;1;119;1;1;0;4;28;0;0;1;56;1;25;1;1;0;0
32;85;Verín;1-004 -A;334;0;0;334;222;0;222;0;1;1;6;47;0;0;5;80;3;79;0;0;0;0
32;85;Verín;1-004 -B;655;0;0;655;346;0;346;0;3;0;5;87;0;0;4;180;0;63;0;3;1;0
32;85;Verín;1-004 -C;386;0;0;386;251;1;252;1;2;0;1;71;0;0;2;100;0;75;0;0;0;0
32;85;Verín;1-004 -D;309;0;0;309;174;1;175;0;0;0;2;49;1;1;4;74;0;44;0;0;0;0
32;85;Verín;1-005 -A;416;0;0;416;271;0;271;3;7;0;7;71;1;0;2;103;0;74;0;0;2;1
32;85;Verín;1-005 -B;395;0;0;395;276;0;276;3;2;0;9;53;0;0;2;145;0;62;0;0;0;0
32;85;Verín;1-005 -C;368;0;0;368;219;0;219;0;0;0;3;32;0;0;2;131;1;49;1;0;0;0
32;85;Verín;1-007 -A;520;0;0;520;306;1;307;2;1;0;8;73;0;0;7;115;3;96;0;1;1;0
32;85;Verín;1-007 -B;543;0;0;543;326;0;326;3;4;0;7;76;0;0;8;98;2;127;1;0;0;0
32;85;Verín;1-008 -A;644;0;0;644;375;1;376;1;1;0;6;70;0;1;3;172;6;114;0;0;2;0
32;85;Verín;1-008 -B;642;0;0;642;378;1;379;3;4;2;7;82;0;0;2;143;2;131;0;1;2;0
32;85;Verín;1-009 -A;667;0;0;667;345;1;346;2;6;0;9;77;0;0;4;128;2;117;1;0;0;0
32;85;Verín;1-009 -B;656;0;0;656;347;1;348;2;2;0;9;88;0;0;4;121;3;119;0;0;0;0
32;85;Verín;1-010 -A;577;0;0;577;354;0;354;6;11;1;4;75;0;0;4;130;1;121;1;0;0;0
32;85;Verín;1-010 -B;565;0;0;565;348;1;349;0;4;0;5;63;0;0;4;142;4;123;1;0;2;1
32;86;Viana do Bolo;1-001 -A;483;0;0;483;292;1;293;1;2;0;3;43;0;0;1;154;1;85;1;1;1;0
32;86;Viana do Bolo;1-001 -B;504;0;0;504;276;1;277;2;4;0;5;47;0;0;2;140;1;72;0;2;2;0
32;86;Viana do Bolo;1-001 -C;579;0;0;579;316;1;317;0;1;0;9;51;0;0;3;167;2;83;0;0;0;1
32;86;Viana do Bolo;2-001 -A;500;0;0;500;230;1;231;2;1;0;3;41;0;0;0;122;0;61;1;0;0;0
32;86;Viana do Bolo;2-001 -B;437;0;0;437;207;1;208;1;1;0;3;36;0;0;1;99;0;64;1;0;2;0
32;87;Vilamarín;1-001 -A;555;0;0;555;368;0;368;5;6;0;9;66;0;0;2;243;1;36;0;0;0;0
32;87;Vilamarín;1-001 -B;275;0;0;275;187;0;187;2;2;0;2;19;0;0;2;123;1;35;1;0;0;0
32;87;Vilamarín;2-001 -A;563;0;0;563;389;0;389;5;2;1;13;54;0;0;12;236;8;54;1;0;2;1
32;87;Vilamarín;2-001 -B;261;0;0;261;156;0;156;1;0;0;3;21;0;0;2;110;1;15;3;0;0;0
32;88;Vilamartín de Valdeorras;1-001 -A;785;0;0;785;444;1;445;5;5;0;3;123;0;0;15;227;1;63;1;0;1;1
32;88;Vilamartín de Valdeorras;1-001 -B;297;0;0;297;66;2;68;0;1;0;1;30;0;0;0;31;0;5;0;0;0;0
32;88;Vilamartín de Valdeorras;1-002 -A;274;0;0;274;161;1;162;2;0;0;7;35;0;0;5;103;0;10;0;0;0;0
32;88;Vilamartín de Valdeorras;1-002 -B;268;0;0;268;176;0;176;0;0;0;5;59;1;0;4;89;0;17;0;0;0;1
32;89;Vilar de Barrio;1-001 -U;673;0;0;673;384;0;384;3;3;0;9;46;1;0;1;169;3;147;1;0;0;1
32;89;Vilar de Barrio;2-001 -U;534;0;0;534;315;0;315;3;1;0;5;37;0;0;5;175;4;81;1;1;1;1
32;90;Vilar de Santos;1-001 -A;364;0;0;364;235;0;235;4;3;0;5;24;0;0;2;108;0;89;0;0;0;0
32;90;Vilar de Santos;1-001 -B;355;0;0;355;195;0;195;0;0;0;5;29;1;0;2;92;0;66;0;0;0;0
32;91;Vilardevós;1-001 -A;459;0;0;459;305;0;305;1;1;0;8;69;0;0;4;173;0;49;0;0;0;0
32;91;Vilardevós;1-001 -B;222;0;0;222;142;0;142;0;1;0;8;36;0;1;1;74;0;18;0;0;3;0
32;91;Vilardevós;1-002 -A;247;0;0;247;186;1;187;0;0;0;0;74;0;0;3;90;0;20;0;0;0;0
32;91;Vilardevós;1-002 -B;360;0;0;360;242;0;242;0;0;0;4;78;0;0;4;109;0;47;0;0;0;0
32;91;Vilardevós;1-002 -C;375;0;0;375;278;1;279;2;1;0;2;104;0;0;3;137;0;30;0;0;0;0
32;92;Vilariño de Conso;1-001 -U;477;0;0;477;288;0;288;5;3;0;3;48;1;0;5;142;0;75;0;1;5;0
32;32;Xinzo de Limia;1-001 -A;795;0;0;795;500;2;502;10;4;0;14;81;1;0;11;235;2;138;3;0;2;1
32;32;Xinzo de Limia;1-001 -B;739;0;0;739;420;0;420;4;1;0;11;61;0;0;4;215;8;115;0;0;1;0
32;32;Xinzo de Limia;1-002 -A;740;0;0;740;441;0;441;3;3;0;14;55;0;0;8;241;2;113;2;0;0;0
32;32;Xinzo de Limia;1-002 -B;741;0;0;741;438;1;439;3;2;0;13;77;0;0;6;231;5;100;1;0;1;0
32;32;Xinzo de Limia;1-003 -A;412;0;0;412;256;1;257;1;1;0;9;37;0;0;0;155;1;52;1;0;0;0
32;32;Xinzo de Limia;1-003 -B;279;0;0;279;165;0;165;0;1;0;4;24;0;0;1;91;0;44;0;0;0;0
32;32;Xinzo de Limia;1-005 -A;364;0;0;364;228;1;229;0;1;0;3;37;0;0;4;149;0;35;0;0;0;0
32;32;Xinzo de Limia;1-005 -B;226;0;0;226;163;1;164;0;2;0;1;34;0;0;0;111;0;15;0;1;0;0
32;32;Xinzo de Limia;1-005 -C;224;0;0;224;124;2;126;0;0;0;2;19;0;0;1;79;1;22;2;0;0;0
32;32;Xinzo de Limia;1-007 -A;223;0;0;223;125;1;126;0;0;0;6;15;0;0;2;87;0;16;0;0;0;0
32;32;Xinzo de Limia;1-007 -B;211;0;0;211;125;1;126;1;1;0;4;14;0;0;0;79;0;27;0;0;0;0
32;32;Xinzo de Limia;1-007 -C;232;0;0;232;145;2;147;0;2;0;2;31;0;0;3;86;2;20;1;0;0;0
32;32;Xinzo de Limia;1-009 -A;765;0;0;765;433;0;433;7;5;0;14;67;0;0;4;225;3;107;1;0;0;0
32;32;Xinzo de Limia;1-009 -B;755;0;0;755;465;1;466;10;3;2;19;67;0;0;6;251;1;105;2;0;0;0
32;32;Xinzo de Limia;1-010 -A;578;0;0;578;342;1;343;4;2;1;4;58;0;0;1;165;3;104;1;0;0;0
32;32;Xinzo de Limia;1-010 -B;557;0;0;557;330;1;331;6;3;1;9;48;0;0;2;179;2;78;2;1;0;0
32;36;Xunqueira de Ambía;1-001 -A;375;0;0;375;279;2;281;0;0;2;4;24;0;0;5;153;1;90;1;0;0;1
32;36;Xunqueira de Ambía;1-001 -B;248;0;0;248;178;0;178;1;0;0;4;30;0;0;2;101;1;37;0;1;0;1
32;36;Xunqueira de Ambía;2-001 -A;418;0;0;418;265;1;266;2;3;0;3;21;0;0;0;215;2;19;0;0;1;0
32;36;Xunqueira de Ambía;2-001 -B;205;0;0;205;124;1;125;2;2;0;2;9;0;0;0;94;0;16;0;0;0;0
32;37;Xunqueira de Espadanedo;1-001 -U;678;0;0;678;430;0;430;8;5;0;2;60;0;0;3;296;2;54;0;0;0;0
32;990;Residentes Ausentes Ourense;99-001 -U;101.403;0;0;101.403;1.033;0;1.033;3;4;3;66;197;2;2;50;502;31;139;17;1;10;6
Total;;;;359.227;29;0;359.256;157.396;384;157.780;1.437;1.255;123;3.190;30.784;99;117;3.386;83.016;1.557;31.117;566;99;846;188
