Codcir;Codmun;Municipio;Mesa;Censo;Certif_alta;Certif_correc;Censo total;Votos_electores;Votos_interventores;Votos_totales;Votos_nulos;Votos_blancos;Geroa Bai;UPN;PSN;EH Bildu;UPyD;I-E;PP;Podemos;Ciudadanos;LN;Equo;PACMA;SAIn;RCN-NOK
31;1;Abáigar;1-001 -U;91;0;0;91;65;0;65;1;0;11;13;6;18;0;0;2;13;0;0;0;1;0;0
31;2;Abárzuza - Abartzuza;1-001 -U;423;0;0;423;265;0;265;1;10;51;84;10;37;0;2;17;43;5;0;1;2;0;2
31;3;Abaurregaina - Abaurrea Alta;1-001 -U;124;0;0;124;92;0;92;1;0;12;12;8;39;0;4;1;14;0;0;1;0;0;0
31;4;Abaurrepea - Abaurrea Baja;1-001 -U;36;0;0;36;25;0;25;1;1;9;10;0;3;0;0;0;1;0;0;0;0;0;0
31;5;Aberin;1-001 -U;304;0;0;304;189;0;189;2;10;15;53;17;31;1;9;9;28;9;0;0;4;0;1
31;6;Ablitas;1-001 -A;479;0;0;479;341;0;341;10;9;15;116;100;11;1;15;6;47;6;0;1;0;3;1
31;6;Ablitas;1-001 -B;466;0;0;466;329;0;329;6;10;16;108;107;11;0;15;15;32;7;0;0;0;1;1
31;6;Ablitas;2-001 -A;521;0;0;521;405;0;405;30;0;17;145;112;16;4;6;10;50;11;0;1;2;0;1
31;6;Ablitas;2-001 -B;488;0;0;488;374;0;374;8;17;14;144;106;4;4;7;11;50;6;2;0;1;0;0
31;7;Adiós;1-001 -U;136;0;0;136;94;0;94;7;0;11;32;6;13;2;5;4;9;3;0;0;1;0;1
31;8;Aguilar de Codés;1-001 -U;82;0;0;82;56;0;56;0;1;7;17;6;3;1;3;10;6;0;0;0;0;1;1
31;9;Aibar - Oibar;1-001 -A;357;0;0;357;276;0;276;4;10;54;68;29;50;0;12;4;37;4;0;1;0;0;3
31;9;Aibar - Oibar;1-001 -B;343;0;0;343;292;0;292;3;13;38;77;50;49;0;10;8;35;6;0;1;1;0;1
31;11;Allín - Allin;1-001 -A;202;0;0;202;157;0;157;4;1;25;26;3;22;3;7;8;45;9;0;2;1;1;0
31;11;Allín - Allin;1-001 -B;246;0;0;246;171;0;171;1;3;21;69;8;11;0;2;14;33;2;0;3;0;0;4
31;11;Allín - Allin;1-001 -C;241;0;0;241;158;0;158;1;6;27;45;8;31;2;3;8;19;1;0;3;0;2;2
31;12;Allo;1-001 -A;404;0;0;404;303;0;303;5;4;27;61;76;21;1;11;19;61;5;0;4;4;2;2
31;12;Allo;1-001 -B;412;0;0;412;315;0;315;5;15;26;74;55;34;3;14;26;52;8;0;0;1;1;1
31;10;Altsasu - Alsasua;1-001 -A;742;0;0;742;520;0;520;1;3;174;61;38;142;0;10;15;62;7;1;4;1;0;1
31;10;Altsasu - Alsasua;1-001 -B;729;0;0;729;509;0;509;7;2;172;62;43;140;0;8;18;47;4;3;2;0;0;1
31;10;Altsasu - Alsasua;1-002 -A;516;0;0;516;365;0;365;5;3;101;42;43;79;2;9;17;55;5;0;1;2;0;1
31;10;Altsasu - Alsasua;1-002 -B;592;0;0;592;407;0;407;6;5;136;38;52;80;0;16;17;48;0;3;2;1;2;1
31;10;Altsasu - Alsasua;2-001 -A;470;0;0;470;315;0;315;4;1;88;31;26;84;4;7;13;42;7;0;1;4;0;3
31;10;Altsasu - Alsasua;2-001 -B;459;0;0;459;309;0;309;4;2;92;31;28;63;2;7;11;61;5;0;0;3;0;0
31;10;Altsasu - Alsasua;2-002 -A;664;0;0;664;438;0;438;2;4;123;47;72;64;4;11;27;69;7;0;1;2;1;4
31;10;Altsasu - Alsasua;2-002 -B;662;0;0;662;435;0;435;7;2;101;51;88;59;1;12;16;89;4;1;3;1;0;0
31;10;Altsasu - Alsasua;2-003 -A;463;0;0;463;304;0;304;2;1;77;36;36;65;2;8;8;62;3;0;0;3;0;1
31;10;Altsasu - Alsasua;2-003 -B;439;0;0;439;282;0;282;3;5;66;35;39;49;2;8;18;47;5;0;3;0;0;2
31;13;Améscoa Baja;1-001 -A;364;0;0;364;256;0;256;2;7;33;53;13;65;2;4;10;56;3;1;2;2;0;3
31;13;Améscoa Baja;1-001 -B;300;0;0;300;171;0;171;2;2;34;46;12;31;0;4;3;25;8;1;1;1;1;0
31;14;Ancín - Antzin;1-001 -U;280;0;0;280;181;0;181;0;5;17;42;12;47;2;6;18;23;7;1;0;0;1;0
31;15;Andosilla;1-001 -U;716;0;0;716;517;0;517;7;13;33;205;105;52;1;15;27;36;12;2;1;4;0;4
31;15;Andosilla;2-001 -A;623;0;0;623;439;0;439;8;8;36;176;75;27;2;5;25;56;10;2;1;5;0;3
31;15;Andosilla;2-001 -B;658;0;0;658;492;0;492;9;8;35;188;118;37;3;19;20;42;4;0;1;3;1;4
31;16;Ansoáin - Antsoain;1-001 -A;589;0;0;589;406;0;406;2;5;80;32;67;91;3;24;12;78;5;0;2;3;1;1
31;16;Ansoáin - Antsoain;1-001 -B;613;0;0;613;409;0;409;5;7;90;31;82;66;4;21;7;76;8;2;0;6;2;2
31;16;Ansoáin - Antsoain;1-002 -A;714;0;0;714;530;0;530;10;5;96;52;71;118;3;29;12;114;9;0;4;3;1;3
31;16;Ansoáin - Antsoain;1-002 -B;783;0;0;783;565;0;565;4;2;85;59;98;114;0;38;11;137;10;0;1;3;0;3
31;16;Ansoáin - Antsoain;1-003 -A;617;0;0;617;450;0;450;3;8;91;45;60;85;4;26;8;103;8;3;0;3;0;3
31;16;Ansoáin - Antsoain;1-003 -B;648;0;0;648;478;0;478;4;4;106;57;56;87;3;24;8;98;15;2;7;5;0;2
31;16;Ansoáin - Antsoain;1-004 -A;598;0;0;598;408;0;408;6;1;82;31;79;78;1;31;10;78;4;0;2;1;0;4
31;16;Ansoáin - Antsoain;1-004 -B;579;0;0;579;398;0;398;4;3;66;30;93;70;0;26;8;89;5;0;1;0;1;2
31;16;Ansoáin - Antsoain;1-005 -A;524;0;0;524;388;0;388;2;5;66;32;51;95;0;31;6;77;8;1;3;6;0;5
31;16;Ansoáin - Antsoain;1-005 -B;526;0;0;526;405;0;405;4;5;66;34;54;72;2;27;5;105;20;1;4;2;0;4
31;16;Ansoáin - Antsoain;1-006 -A;687;0;0;687;506;0;506;3;8;101;67;67;95;3;32;4;95;17;2;5;4;2;1
31;16;Ansoáin - Antsoain;1-006 -B;713;0;0;713;524;0;524;5;10;119;75;57;90;3;21;11;97;18;1;9;4;0;4
31;17;Anue;1-001 -U;355;0;0;355;240;0;240;3;3;61;48;17;61;2;8;9;21;5;0;2;0;0;0
31;18;Añorbe;1-001 -U;411;0;0;411;342;0;342;1;12;66;84;35;46;4;7;9;58;11;1;0;4;0;4
31;19;Aoiz - Agoitz;1-001 -U;741;0;0;741;549;0;549;3;19;107;130;24;195;0;6;10;40;6;1;3;3;0;2
31;19;Aoiz - Agoitz;2-001 -A;565;0;0;565;427;0;427;5;8;66;93;24;170;0;6;6;42;2;0;3;2;0;0
31;19;Aoiz - Agoitz;2-001 -B;521;0;0;521;378;0;378;8;2;57;72;16;143;3;7;12;46;4;0;2;5;0;1
31;20;Araitz;1-001 -U;446;0;0;446;245;0;245;0;5;40;16;1;157;0;2;2;22;0;0;0;0;0;0
31;25;Arakil;1-001 -A;339;0;0;339;259;1;260;0;4;50;64;8;54;3;7;10;47;3;1;1;3;0;5
31;25;Arakil;1-001 -B;431;0;0;431;317;0;317;2;7;69;61;19;100;1;5;6;33;7;0;1;4;0;2
31;21;Aranarache - Aranaratxe;1-001 -U;66;0;0;66;47;0;47;0;1;13;9;2;16;0;0;1;5;0;0;0;0;0;0
31;23;Aranguren;1-001 -A;537;0;0;537;419;0;419;11;12;63;97;36;50;2;11;10;87;16;1;6;6;2;9
31;23;Aranguren;1-001 -B;644;0;0;644;480;0;480;4;15;89;117;39;43;3;22;25;81;23;0;5;3;4;7
31;23;Aranguren;1-001 -C;551;0;0;551;426;0;426;4;13;68;118;49;29;4;14;12;67;20;1;9;11;3;4
31;23;Aranguren;1-002 -A;449;0;0;449;366;0;366;5;9;90;88;13;75;1;15;9;40;11;3;3;2;1;1
31;23;Aranguren;1-002 -B;585;0;0;585;464;0;464;4;15;74;165;35;29;0;11;16;62;36;1;8;5;1;2
31;23;Aranguren;1-003 -A;739;0;0;739;582;0;582;2;12;105;181;54;58;3;17;24;78;28;2;4;6;3;5
31;23;Aranguren;1-003 -B;773;0;0;773;627;0;627;2;14;115;180;57;50;2;30;22;102;34;1;4;10;2;2
31;23;Aranguren;1-004 -A;669;0;0;669;513;0;513;3;22;94;178;37;23;4;17;22;62;31;2;11;1;3;3
31;23;Aranguren;1-004 -B;538;0;0;538;394;0;394;1;21;64;153;19;20;5;19;13;49;22;0;3;2;0;3
31;23;Aranguren;1-004 -C;598;0;0;598;458;0;458;4;15;77;151;36;33;1;8;19;60;42;1;3;3;0;5
31;23;Aranguren;1-004 -D;581;0;0;581;444;0;444;5;13;54;162;25;29;4;6;21;73;34;2;4;6;3;3
31;24;Arano;1-001 -U;98;0;0;98;66;0;66;0;2;10;6;0;35;0;0;0;11;0;1;0;0;0;1
31;22;Arantza;1-001 -U;530;0;0;530;375;0;375;7;5;118;16;8;197;0;4;6;14;0;0;0;0;0;0
31;26;Aras;1-001 -U;147;0;0;147;113;0;113;2;0;13;19;32;7;5;4;19;8;4;0;0;0;0;0
31;27;Arbizu;1-001 -U;832;0;0;832;595;0;595;10;10;158;37;5;312;2;2;8;40;7;0;0;2;0;2
31;28;Arce - Artzi;1-001 -U;210;0;0;210;141;0;141;0;2;27;30;3;49;0;2;3;21;1;0;1;0;0;2
31;30;Arellano;1-001 -U;145;0;0;145;107;0;107;0;2;22;14;8;32;2;3;5;15;3;0;0;1;0;0
31;31;Areso;1-001 -U;222;0;0;222;154;0;154;0;2;39;19;3;74;0;0;2;11;1;1;0;0;0;2
31;32;Arguedas;1-001 -A;607;0;0;607;470;0;470;24;16;22;117;184;15;1;8;11;53;8;0;1;4;1;5
31;32;Arguedas;1-001 -B;658;0;0;658;506;0;506;36;9;21;131;193;15;1;6;11;60;13;0;2;4;0;4
31;32;Arguedas;2-001 -U;461;0;0;461;331;0;331;28;7;8;94;130;6;0;9;10;34;5;0;0;0;0;0
31;33;Aria;1-001 -U;49;0;0;49;31;0;31;1;0;3;6;0;9;0;3;2;6;1;0;0;0;0;0
31;34;Aribe;1-001 -U;40;0;0;40;31;0;31;0;1;10;7;0;8;0;1;0;3;0;0;0;0;1;0
31;35;Armañanzas;1-001 -U;62;0;0;62;47;0;47;0;4;5;17;9;2;0;1;5;0;1;0;1;0;0;2
31;36;Arróniz;1-001 -A;521;0;0;521;375;0;375;8;11;40;76;84;43;1;26;24;45;9;1;2;0;1;4
31;36;Arróniz;1-001 -B;401;0;0;401;300;0;300;8;6;43;73;61;35;0;20;13;33;3;2;0;2;0;1
31;37;Arruazu;1-001 -U;89;0;0;89;68;0;68;0;0;22;3;0;33;0;0;0;10;0;0;0;0;0;0
31;38;Artajona;1-001 -A;668;0;0;668;519;2;521;11;14;71;180;69;41;2;15;15;68;16;7;5;2;2;3
31;38;Artajona;1-001 -B;684;0;0;684;520;1;521;11;19;72;170;92;51;2;13;18;44;18;2;5;2;0;2
31;39;Artazu;1-001 -U;86;0;0;86;60;0;60;1;0;12;14;9;14;0;2;1;4;1;0;1;1;0;0
31;40;Atez - Atetz;1-001 -U;195;0;0;195;171;0;171;2;6;35;51;6;41;1;2;11;9;6;0;1;0;0;0
31;58;Auritz - Burguete;1-001 -U;218;0;0;218;164;0;164;2;6;29;49;7;35;1;6;1;16;7;5;0;0;0;0
31;41;Ayegui - Aiegi;1-001 -A;823;0;0;823;559;0;559;2;31;89;121;63;71;3;18;20;101;25;0;4;6;0;5
31;41;Ayegui - Aiegi;1-001 -B;761;0;0;761;522;0;522;7;23;75;134;47;87;2;20;16;74;23;1;4;6;0;3
31;42;Azagra;1-001 -A;528;0;0;528;376;0;376;8;12;10;176;119;3;1;4;19;18;2;0;0;0;1;3
31;42;Azagra;1-001 -B;435;0;0;435;337;2;339;12;3;3;162;119;3;0;3;16;11;3;0;0;3;0;1
31;42;Azagra;1-001 -C;435;0;0;435;334;1;335;4;4;4;142;135;0;0;1;24;9;8;0;1;1;0;2
31;42;Azagra;2-001 -A;445;0;0;445;330;0;330;8;5;9;99;155;4;2;0;7;35;2;1;0;0;1;2
31;42;Azagra;2-001 -B;432;0;0;432;310;0;310;3;9;5;83;156;5;1;5;7;22;8;0;1;4;0;1
31;42;Azagra;2-001 -C;452;0;0;452;330;1;331;3;9;5;78;174;8;0;0;10;35;5;0;3;0;0;1
31;43;Azuelo;1-001 -U;38;0;0;38;30;0;30;0;2;14;6;3;0;0;2;2;0;0;0;0;1;0;0
31;44;Bakaiku;1-001 -U;285;0;0;285;227;0;227;5;5;64;27;4;104;0;1;5;11;0;0;1;0;0;0
31;901;Barañain;1-001 -A;466;0;0;466;307;0;307;6;5;47;94;44;24;0;12;14;41;10;2;4;3;1;0
31;901;Barañain;1-001 -B;478;0;0;478;305;0;305;4;8;33;123;39;17;2;14;15;31;11;1;3;3;1;0
31;901;Barañain;1-002 -A;537;0;0;537;348;0;348;1;4;52;91;46;37;1;20;19;55;11;1;4;4;1;1
31;901;Barañain;1-002 -B;492;0;0;492;322;0;322;2;3;61;73;43;24;2;15;22;55;13;2;4;1;1;1
31;901;Barañain;1-003 -A;679;0;0;679;450;0;450;9;7;63;118;57;43;7;17;23;75;15;2;7;2;4;1
31;901;Barañain;1-003 -B;729;0;0;729;510;0;510;17;2;75;118;73;59;1;19;26;88;16;0;8;0;3;5
31;901;Barañain;1-004 -A;565;0;0;565;416;0;416;6;8;74;107;45;51;0;23;12;62;15;1;7;4;0;1
31;901;Barañain;1-004 -B;554;0;0;554;395;0;395;2;9;62;115;40;57;0;17;8;64;8;2;5;2;1;3
31;901;Barañain;1-004 -C;510;0;0;510;379;0;379;3;2;78;124;35;36;1;15;7;54;7;3;4;5;4;1
31;901;Barañain;1-005 -A;601;0;0;601;419;0;419;2;6;74;104;45;50;2;16;10;74;20;3;5;3;1;4
31;901;Barañain;1-005 -B;658;0;0;658;467;0;467;5;8;60;99;49;65;2;23;17;92;22;4;7;5;3;6
31;901;Barañain;1-005 -C;603;0;0;603;428;0;428;5;8;75;86;57;56;2;11;13;88;11;0;4;9;0;3
31;901;Barañain;1-006 -A;686;0;0;686;469;0;469;9;5;76;82;69;59;3;22;25;87;19;2;1;5;3;2
31;901;Barañain;1-006 -B;658;0;0;658;440;0;440;3;5;58;73;60;54;3;36;14;106;14;0;5;6;1;2
31;901;Barañain;1-007 -A;724;0;0;724;546;0;546;7;4;94;111;69;97;5;38;7;92;11;0;3;0;2;6
31;901;Barañain;1-007 -B;758;0;0;758;587;0;587;3;3;117;124;54;100;6;44;13;94;12;1;6;2;2;6
31;901;Barañain;1-008 -A;602;0;0;602;425;0;425;5;10;100;91;41;51;0;21;15;60;18;4;4;2;2;1
31;901;Barañain;1-008 -B;567;0;0;567;416;0;416;5;8;92;98;29;45;4;20;11;76;20;1;3;1;2;1
31;901;Barañain;1-008 -C;586;0;0;586;392;0;392;2;7;80;85;40;51;5;17;9;66;20;3;1;6;0;0
31;901;Barañain;1-009 -A;438;4;0;442;270;0;270;1;3;49;47;30;44;2;11;13;55;6;0;1;4;2;2
31;901;Barañain;1-009 -B;483;0;0;483;339;0;339;1;6;66;52;46;52;3;12;12;65;6;0;3;7;2;6
31;901;Barañain;1-010 -A;621;0;0;621;450;0;450;2;10;86;84;54;68;2;28;6;80;12;3;4;2;2;7
31;901;Barañain;1-010 -B;620;0;0;620;475;0;475;5;14;94;76;44;88;4;35;6;91;5;2;7;1;3;0
31;901;Barañain;1-010 -C;555;0;0;555;395;0;395;4;7;70;57;40;68;0;31;10;89;10;1;0;4;0;4
31;901;Barañain;1-011 -A;732;0;0;732;505;0;505;7;6;103;156;39;44;2;21;23;71;21;2;3;5;0;2
31;901;Barañain;1-011 -B;652;0;0;652;461;0;461;3;10;80;134;34;58;3;20;19;64;27;1;3;1;2;2
31;45;Barásoain;1-001 -U;505;0;0;505;376;0;376;4;20;59;82;39;33;4;16;11;84;14;1;3;3;0;3
31;46;Barbarin;1-001 -U;62;0;0;62;38;0;38;0;2;1;22;5;2;0;0;4;1;1;0;0;0;0;0
31;47;Bargota;1-001 -U;267;0;0;267;171;0;171;3;4;25;48;28;28;0;2;18;9;4;0;2;0;0;0
31;48;Barillas;1-001 -U;165;0;0;165;122;0;122;2;0;4;74;7;0;0;0;12;16;6;0;0;0;0;1
31;49;Basaburua;1-001 -U;709;0;0;709;505;0;505;1;5;95;57;10;262;0;9;8;51;0;0;1;2;2;2
31;50;Baztan;1-001 -A;378;0;0;378;282;0;282;3;4;57;46;3;140;0;10;5;11;1;1;0;1;0;0
31;50;Baztan;1-001 -B;464;0;0;464;339;0;339;7;8;78;88;7;96;1;14;9;25;3;1;2;0;0;0
31;50;Baztan;1-001 -C;376;0;0;376;270;0;270;9;0;83;51;7;84;0;15;4;14;1;1;0;1;0;0
31;50;Baztan;2-001 -A;532;0;0;532;385;0;385;3;11;94;114;15;92;1;7;11;28;6;0;1;2;0;0
31;50;Baztan;2-001 -B;437;0;0;437;322;0;322;7;8;96;81;12;80;0;5;4;22;4;0;0;2;0;1
31;50;Baztan;2-001 -C;517;0;0;517;348;0;348;5;4;93;92;10;90;2;9;5;29;5;0;2;2;0;0
31;50;Baztan;2-002 -A;558;0;0;558;401;0;401;6;8;98;90;19;98;1;4;20;41;10;0;1;4;0;1
31;50;Baztan;2-002 -B;714;0;0;714;496;0;496;4;11;130;110;25;122;1;6;13;53;8;3;5;3;1;1
31;50;Baztan;2-002 -C;444;0;0;444;328;0;328;1;9;99;77;9;97;0;13;6;12;1;1;1;1;0;1
31;50;Baztan;3-001 -U;642;0;0;642;456;0;456;8;7;114;120;15;117;2;9;10;43;6;0;2;0;1;2
31;50;Baztan;3-002 -A;203;0;0;203;147;0;147;4;6;37;30;1;52;0;4;2;9;0;0;1;1;0;0
31;50;Baztan;3-002 -B;261;0;0;261;190;0;190;2;6;52;59;2;52;0;2;4;7;1;0;0;0;2;1
31;50;Baztan;3-002 -C;539;0;0;539;422;0;422;10;10;108;88;13;135;1;24;11;17;1;1;0;1;0;2
31;137;Beintza-Labaien;1-001 -U;207;0;0;207;113;0;113;1;1;34;23;2;31;1;1;5;5;3;0;0;2;1;3
31;51;Beire;1-001 -U;250;0;0;250;165;0;165;1;5;13;51;31;25;3;3;5;19;7;0;0;1;0;1
31;52;Belascoáin;1-001 -U;89;0;0;89;60;0;60;1;0;7;17;2;3;2;7;5;10;4;0;1;0;0;1
31;250;Bera;1-001 -A;761;0;0;761;523;0;523;9;3;134;73;32;163;1;9;12;67;12;3;0;1;1;3
31;250;Bera;1-001 -B;773;0;0;773;494;0;494;2;7;116;51;26;148;3;6;14;90;19;4;1;2;1;4
31;250;Bera;1-002 -U;750;0;0;750;496;0;496;2;7;143;52;14;167;3;3;5;84;11;2;2;0;0;1
31;250;Bera;2-001 -U;548;0;0;548;371;0;371;5;7;111;24;13;140;1;4;2;47;7;2;2;4;0;2
31;53;Berbinzana;1-001 -U;539;0;0;539;391;0;391;7;7;53;132;49;50;4;2;18;49;12;0;3;0;0;5
31;905;Beriáin;1-001 -A;637;0;0;637;465;0;465;6;8;61;81;86;22;4;16;24;112;18;2;3;7;5;10
31;905;Beriáin;1-001 -B;681;0;0;681;465;0;465;6;5;49;65;104;32;5;21;20;115;12;3;4;8;6;10
31;905;Beriáin;1-002 -A;798;0;0;798;575;0;575;7;10;54;186;62;34;2;18;31;114;24;0;6;18;3;6
31;905;Beriáin;1-002 -B;735;0;0;735;502;0;502;6;3;61;76;85;48;4;26;30;108;18;2;4;19;3;9
31;902;Berrioplano - Berriobeiti;1-001 -A;542;0;0;542;403;0;403;2;9;75;94;32;73;1;14;9;63;18;1;4;6;0;2
31;902;Berrioplano - Berriobeiti;1-001 -B;542;0;0;542;334;0;334;2;11;72;77;24;49;2;10;7;45;17;1;3;4;9;1
31;902;Berrioplano - Berriobeiti;1-001 -C;575;0;0;575;421;0;421;7;12;107;81;26;50;2;17;13;67;25;0;8;5;0;1
31;902;Berrioplano - Berriobeiti;1-002 -A;570;0;0;570;417;0;417;3;23;86;69;35;42;1;17;11;77;36;3;7;5;0;2
31;902;Berrioplano - Berriobeiti;1-002 -B;635;0;0;635;416;0;416;5;8;79;80;38;70;0;19;14;65;23;2;6;4;1;2
31;902;Berrioplano - Berriobeiti;1-002 -C;622;0;0;622;414;0;414;4;6;92;75;35;42;1;27;14;80;23;2;6;4;1;2
31;902;Berrioplano - Berriobeiti;1-003 -A;395;0;0;395;287;0;287;2;1;55;77;15;45;2;13;10;41;19;0;3;1;0;3
31;902;Berrioplano - Berriobeiti;1-003 -B;398;0;0;398;285;0;285;4;5;50;74;24;33;0;15;14;43;14;0;5;2;0;2
31;903;Berriozar;1-001 -A;622;0;0;622;429;1;430;4;5;85;80;45;107;1;18;7;63;7;0;1;0;1;6
31;903;Berriozar;1-001 -B;750;0;0;750;504;2;506;4;7;81;88;81;130;1;19;8;70;13;0;1;0;1;2
31;903;Berriozar;1-002 -A;530;0;0;530;336;2;338;2;4;25;45;75;91;3;25;6;50;8;0;1;1;1;1
31;903;Berriozar;1-002 -B;518;0;0;518;295;2;297;1;3;35;50;51;65;1;23;6;47;7;1;1;4;0;2
31;903;Berriozar;1-003 -A;713;0;0;713;463;2;465;8;4;48;61;66;126;1;29;11;83;12;0;4;4;3;5
31;903;Berriozar;1-003 -B;691;0;0;691;453;3;456;7;3;57;70;89;100;2;29;7;77;13;0;1;0;0;1
31;903;Berriozar;1-005 -A;566;0;0;566;371;2;373;5;10;53;56;49;76;2;17;6;82;11;1;1;3;0;1
31;903;Berriozar;1-005 -B;649;0;0;649;421;3;424;3;4;70;47;70;73;1;25;3;103;14;1;4;4;0;2
31;903;Berriozar;1-006 -A;772;0;0;772;529;2;531;5;7;67;77;63;122;2;47;10;107;12;1;1;8;0;2
31;903;Berriozar;1-006 -B;757;0;0;757;510;1;511;1;3;80;65;60;120;0;30;4;120;17;0;5;4;0;2
31;54;Bertizarana;1-001 -U;463;0;0;463;300;0;300;9;10;69;38;14;121;2;3;3;24;5;0;2;0;0;0
31;55;Betelu;1-001 -U;259;0;0;259;194;0;194;4;4;75;11;7;63;2;0;4;19;1;3;0;0;1;0
31;253;Bidaurreta;1-001 -U;121;0;0;121;114;0;114;0;1;33;8;8;44;0;3;0;16;0;0;0;1;0;0
31;56;Biurrun-Olcoz;1-001 -U;180;0;0;180;129;0;129;2;5;15;29;4;26;2;6;6;25;3;1;0;3;0;2
31;57;Buñuel;1-001 -A;400;0;0;400;278;0;278;6;3;13;139;70;1;0;3;11;19;7;0;3;1;0;2
31;57;Buñuel;1-001 -B;427;0;0;427;325;2;327;6;8;14;149;94;3;3;2;17;21;6;1;1;1;0;1
31;57;Buñuel;2-001 -A;488;0;0;488;375;0;375;10;13;11;179;102;3;1;6;6;29;9;5;0;1;0;0
31;57;Buñuel;2-001 -B;488;0;0;488;381;2;383;7;7;10;177;126;3;0;0;7;41;5;0;0;0;0;0
31;59;Burgui - Burgi;1-001 -U;192;0;0;192;136;0;136;1;3;18;28;24;45;0;3;1;10;1;2;0;0;0;0
31;60;Burlada - Burlata;1-001 -A;610;0;0;610;441;0;441;7;12;87;61;55;87;5;13;16;74;7;2;4;5;0;6
31;60;Burlada - Burlata;1-001 -B;688;0;0;688;488;0;488;5;10;92;85;48;97;1;27;16;80;11;1;3;5;0;7
31;60;Burlada - Burlata;1-001 -C;583;0;0;583;410;0;410;2;4;74;62;53;60;4;19;12;88;13;4;4;6;0;5
31;60;Burlada - Burlata;1-002 -A;498;0;0;498;320;0;320;6;3;58;76;23;45;1;16;17;57;10;1;3;3;0;1
31;60;Burlada - Burlata;1-002 -B;527;0;0;527;314;0;314;1;2;42;77;47;40;2;15;14;56;7;0;2;4;2;3
31;60;Burlada - Burlata;1-003 -A;477;0;0;477;306;0;306;2;3;52;61;49;35;1;19;8;58;8;2;3;4;0;1
31;60;Burlada - Burlata;1-003 -B;498;0;0;498;313;0;313;3;4;53;60;56;47;1;15;9;47;7;2;2;3;0;4
31;60;Burlada - Burlata;1-004 -A;557;0;0;557;343;0;343;2;4;46;91;50;50;1;12;12;58;11;1;3;1;1;0
31;60;Burlada - Burlata;1-004 -B;530;0;0;530;379;0;379;3;6;76;90;30;64;0;14;8;66;6;1;4;6;0;5
31;60;Burlada - Burlata;1-005 -A;661;0;0;661;501;0;501;7;7;101;88;55;103;2;17;11;85;7;4;7;4;1;2
31;60;Burlada - Burlata;1-005 -B;715;0;0;715;491;0;491;2;10;103;88;74;70;0;11;12;79;19;2;7;8;1;5
31;60;Burlada - Burlata;1-005 -C;594;0;0;594;416;0;416;4;9;80;61;53;65;1;20;14;76;10;0;6;7;1;9
31;60;Burlada - Burlata;2-001 -A;502;0;0;502;320;0;320;3;9;55;49;40;53;3;22;12;55;8;4;1;3;1;2
31;60;Burlada - Burlata;2-001 -B;531;0;0;531;336;0;336;8;4;49;73;40;67;0;10;22;46;5;1;3;4;1;3
31;60;Burlada - Burlata;2-002 -A;424;0;0;424;268;0;268;2;1;44;59;34;43;3;11;9;51;3;2;2;3;0;1
31;60;Burlada - Burlata;2-002 -B;428;0;0;428;266;0;266;1;8;42;51;37;28;1;7;7;67;4;1;4;4;0;4
31;60;Burlada - Burlata;2-003 -A;421;0;0;421;269;0;269;1;2;52;41;32;56;2;15;3;46;5;2;3;2;0;7
31;60;Burlada - Burlata;2-003 -B;383;0;0;383;235;0;235;2;4;41;43;32;45;2;7;4;43;4;2;3;2;1;0
31;60;Burlada - Burlata;2-004 -A;614;0;0;614;423;0;423;1;3;79;94;44;83;2;14;8;74;10;1;1;5;0;4
31;60;Burlada - Burlata;2-004 -B;633;0;0;633;410;0;410;5;8;73;95;54;50;1;19;15;67;13;0;0;5;1;4
31;60;Burlada - Burlata;2-005 -A;553;0;0;553;386;0;386;1;5;64;73;42;86;2;26;9;52;11;4;3;5;0;3
31;60;Burlada - Burlata;2-005 -B;597;0;0;597;411;0;411;5;4;77;69;52;67;2;31;15;64;13;1;2;3;1;5
31;60;Burlada - Burlata;2-006 -A;524;0;0;524;377;0;377;3;2;73;46;51;66;2;13;12;72;12;9;5;5;3;3
31;60;Burlada - Burlata;2-006 -B;583;0;0;583;411;0;411;3;1;73;82;51;51;3;15;9;97;12;4;4;2;1;3
31;60;Burlada - Burlata;2-006 -C;544;0;0;544;367;0;367;5;7;62;64;39;58;4;21;5;64;19;4;9;2;1;3
31;62;Cabanillas;1-001 -A;555;0;0;555;443;1;444;9;9;10;108;148;14;1;25;35;59;19;0;0;2;0;5
31;62;Cabanillas;1-001 -B;539;0;0;539;447;0;447;15;12;18;107;166;6;2;20;47;42;5;0;2;2;0;3
31;63;Cabredo;1-001 -U;89;0;0;89;76;0;76;4;0;4;26;6;15;0;1;6;8;3;0;2;1;0;0
31;64;Cadreita;1-001 -A;546;0;0;546;451;1;452;14;7;22;187;131;16;1;5;12;43;11;1;0;1;0;1
31;64;Cadreita;1-001 -B;392;0;0;392;338;2;340;9;4;13;172;84;19;1;2;8;20;3;0;0;3;0;2
31;64;Cadreita;1-001 -C;521;0;0;521;455;4;459;4;6;24;188;144;26;1;11;5;44;4;1;0;1;0;0
31;65;Caparroso;1-001 -U;670;0;0;670;468;1;469;9;9;29;194;74;21;0;8;66;44;3;10;0;2;0;0
31;65;Caparroso;2-001 -A;611;0;0;611;495;1;496;16;13;31;154;138;42;1;14;31;37;8;5;1;1;2;2
31;65;Caparroso;2-001 -B;627;0;0;627;503;0;503;18;12;35;167;121;29;3;16;28;56;8;5;0;2;0;3
31;66;Cárcar;1-001 -A;416;0;0;416;320;0;320;11;14;24;100;111;16;2;8;7;18;5;0;1;1;0;2
31;66;Cárcar;1-001 -B;450;0;0;450;356;0;356;9;15;17;139;114;11;1;6;17;17;3;0;1;2;2;2
31;67;Carcastillo;1-001 -A;427;0;0;427;321;0;321;6;4;25;105;67;16;2;9;21;54;5;0;3;1;0;3
31;67;Carcastillo;1-001 -B;371;0;0;371;284;0;284;9;10;24;80;80;9;1;10;12;36;10;0;0;1;0;2
31;67;Carcastillo;1-001 -C;241;0;0;241;184;0;184;3;8;12;74;50;4;1;5;5;17;1;0;0;3;1;0
31;67;Carcastillo;2-001 -A;468;0;0;468;348;0;348;7;6;34;113;86;22;0;7;18;38;8;3;0;3;0;3
31;67;Carcastillo;2-001 -B;437;0;0;437;328;0;328;14;7;41;106;64;15;2;5;12;47;5;1;1;3;0;5
31;68;Cascante;1-001 -A;464;0;0;464;323;1;324;10;8;17;117;79;16;1;7;7;52;9;0;0;1;0;0
31;68;Cascante;1-001 -B;506;0;0;506;345;0;345;9;5;19;128;107;8;1;9;5;40;6;0;1;5;1;1
31;68;Cascante;2-001 -A;436;0;0;436;319;0;319;11;4;7;116;94;10;3;14;9;39;8;1;1;1;1;0
31;68;Cascante;2-001 -B;399;0;0;399;303;1;304;4;2;8;119;92;6;4;9;8;44;5;0;0;2;0;1
31;68;Cascante;3-001 -A;540;0;0;540;416;0;416;15;13;28;133;126;13;0;7;10;53;14;0;2;1;0;1
31;68;Cascante;3-001 -B;568;0;0;568;444;0;444;16;17;25;128;127;12;3;11;11;54;27;2;3;4;1;3
31;69;Cáseda;1-001 -A;451;0;0;451;369;0;369;9;2;30;152;48;52;0;12;22;36;4;0;1;1;0;0
31;69;Cáseda;1-001 -B;397;0;0;397;317;0;317;7;9;35;118;37;40;2;14;17;30;5;0;2;1;0;0
31;70;Castejón;1-001 -A;744;0;0;744;526;0;526;12;18;14;179;128;18;1;51;3;75;24;0;0;1;0;2
31;70;Castejón;1-001 -B;706;0;0;706;519;0;519;10;17;26;154;124;17;6;39;8;90;20;0;1;2;0;5
31;70;Castejón;1-002 -U;637;0;0;637;472;0;472;10;15;10;170;107;22;4;53;11;51;13;0;0;0;3;3
31;70;Castejón;2-001 -U;567;0;0;567;370;0;370;3;8;6;145;87;5;2;29;8;56;12;0;2;4;0;3
31;71;Castillonuevo;1-001 -U;18;0;0;18;15;0;15;0;0;1;10;3;0;0;1;0;0;0;0;0;0;0;0
31;193;Cendea de Olza - Oltza Zendea;1-001 -A;310;0;0;310;233;0;233;4;4;51;58;6;58;0;3;5;34;2;2;2;3;0;1
31;193;Cendea de Olza - Oltza Zendea;1-001 -B;535;0;0;535;406;0;406;5;7;94;104;23;81;1;5;25;43;4;0;7;4;1;2
31;193;Cendea de Olza - Oltza Zendea;1-001 -C;560;0;0;560;414;0;414;2;9;77;108;17;70;3;12;14;91;6;1;2;1;1;0
31;72;Cintruénigo;1-001 -A;578;0;0;578;404;0;404;7;4;10;139;169;11;1;3;22;23;9;1;3;1;0;1
31;72;Cintruénigo;1-001 -B;554;0;0;554;379;1;380;3;4;6;145;137;6;0;10;19;37;9;0;1;1;1;1
31;72;Cintruénigo;2-001 -A;619;0;0;619;445;0;445;5;1;19;149;199;8;2;1;13;32;8;0;1;3;2;2
31;72;Cintruénigo;2-001 -B;695;0;0;695;517;0;517;14;2;20;166;222;9;1;5;23;41;10;0;0;2;0;2
31;72;Cintruénigo;2-001 -C;575;0;0;575;424;1;425;9;3;15;140;161;10;1;5;17;46;10;0;1;5;0;2
31;72;Cintruénigo;2-002 -A;492;0;0;492;374;0;374;7;7;12;141;112;5;2;3;19;45;13;0;4;3;0;1
31;72;Cintruénigo;2-002 -B;424;0;0;424;315;1;316;5;4;7;122;105;10;0;4;28;19;7;3;1;0;0;1
31;72;Cintruénigo;2-003 -A;642;0;0;642;498;0;498;9;13;20;182;167;2;0;5;22;50;17;0;2;6;0;3
31;72;Cintruénigo;2-003 -B;684;0;0;684;538;0;538;20;15;13;171;205;7;1;7;26;46;21;0;2;1;0;3
31;74;Cirauqui - Zirauki;1-001 -U;398;0;0;398;306;0;306;4;6;43;58;19;104;2;11;6;43;3;1;1;3;2;0
31;75;Ciriza - Ziritza;1-001 -U;95;0;0;95;74;0;74;0;5;20;14;2;8;0;3;4;14;2;0;1;1;0;0
31;76;Cizur;1-001 -A;333;0;0;333;255;0;255;2;6;39;61;29;51;3;6;9;36;6;2;0;3;0;2
31;76;Cizur;1-001 -B;266;0;0;266;196;0;196;0;2;40;49;8;38;2;6;9;28;6;0;3;3;0;2
31;76;Cizur;1-001 -C;409;0;0;409;307;0;307;4;6;55;95;25;27;1;11;19;35;17;0;8;3;0;1
31;76;Cizur;1-002 -A;438;0;0;438;358;0;358;0;7;40;205;8;12;2;2;24;18;28;0;3;0;9;0
31;76;Cizur;1-002 -B;484;0;0;484;391;0;391;2;5;43;231;10;20;1;2;26;22;20;1;5;0;3;0
31;76;Cizur;1-002 -C;495;0;0;495;390;0;390;1;9;50;214;14;15;2;4;26;24;24;1;1;0;4;1
31;77;Corella;1-001 -A;675;0;0;675;513;2;515;11;12;22;214;110;13;1;8;28;77;14;0;3;1;0;1
31;77;Corella;1-001 -B;684;0;0;684;495;0;495;13;12;22;180;104;17;6;15;34;67;18;0;1;1;0;5
31;77;Corella;1-002 -A;604;0;0;604;455;0;455;13;7;25;156;121;13;1;8;27;68;8;0;1;3;0;4
31;77;Corella;1-002 -B;561;0;0;561;431;0;431;7;11;14;154;130;16;2;7;18;55;12;0;1;1;0;3
31;77;Corella;1-002 -C;791;0;0;791;577;0;577;14;9;21;202;156;10;7;4;38;85;24;0;0;4;0;3
31;77;Corella;2-001 -U;709;0;0;709;500;0;500;10;8;33;171;122;9;0;10;23;87;17;0;1;3;1;5
31;77;Corella;2-002 -A;677;0;0;677;453;0;453;7;14;25;194;98;9;0;6;21;62;12;0;1;1;1;2
31;77;Corella;2-002 -B;699;0;0;699;480;0;480;17;12;19;188;119;8;4;9;28;50;21;0;1;2;0;2
31;78;Cortes;1-001 -A;421;0;0;421;308;0;308;5;4;12;95;85;13;0;3;12;64;14;0;0;1;0;0
31;78;Cortes;1-001 -B;461;0;0;461;349;0;349;7;8;15;112;109;5;2;5;13;56;11;0;2;1;0;3
31;78;Cortes;2-001 -A;534;0;0;534;426;0;426;7;16;17;140;130;19;0;3;15;66;9;0;1;1;0;2
31;78;Cortes;2-001 -B;536;0;0;536;402;0;402;4;10;13;133;121;15;1;4;25;57;14;0;2;2;0;1
31;78;Cortes;2-001 -C;513;0;0;513;417;0;417;4;11;21;110;145;29;2;7;15;52;16;1;1;0;0;3
31;79;Desojo;1-001 -U;79;0;0;79;60;0;60;0;0;6;22;4;0;0;1;9;11;3;0;1;3;0;0
31;80;Dicastillo;1-001 -U;511;0;0;511;394;0;394;4;2;53;98;47;66;2;27;22;61;4;0;5;2;0;1
31;81;Donamaria;1-001 -U;342;0;0;342;246;0;246;4;6;75;23;3;88;0;2;12;5;1;22;1;3;1;0
31;221;Doneztebe - Santesteban;1-001 -A;584;0;0;584;446;0;446;12;6;123;66;39;142;0;6;11;34;5;1;1;0;0;0
31;221;Doneztebe - Santesteban;1-001 -B;619;0;0;619;482;0;482;8;8;130;76;44;153;0;5;12;33;6;1;4;1;0;1
31;83;Echarri;1-001 -U;55;0;0;55;40;0;40;1;7;5;10;0;8;0;1;2;2;0;0;2;2;0;0
31;61;El Busto;1-001 -U;59;0;0;59;51;0;51;0;2;2;24;14;0;0;1;2;5;0;0;0;0;0;1
31;87;Elgorriaga;1-001 -U;171;0;0;171;128;0;128;4;3;29;13;4;45;2;0;6;19;0;0;1;0;0;2
31;89;Enériz - Eneritz;1-001 -U;241;0;0;241;165;0;165;4;1;23;62;8;10;8;3;17;16;6;0;2;1;2;2
31;90;Eratsun;1-001 -U;143;0;0;143;84;0;84;0;1;43;10;5;13;0;0;2;8;1;0;0;0;0;1
31;91;Ergoiena;1-001 -U;353;0;0;353;267;0;267;4;5;84;20;10;124;1;0;3;16;0;0;0;0;0;0
31;92;Erro;1-001 -A;266;0;0;266;195;0;195;0;5;47;68;12;30;0;8;5;10;2;1;5;1;0;1
31;92;Erro;1-001 -B;400;0;0;400;322;0;322;1;5;90;61;12;96;0;6;5;36;4;6;0;0;0;0
31;94;Eslava;1-001 -U;115;0;0;115;83;0;83;1;3;7;42;14;6;1;0;3;5;0;0;0;0;0;1
31;95;Esparza de Salazar - Espartza Zaraitzu;1-001 -U;78;0;0;78;64;0;64;0;1;11;10;13;23;0;3;1;1;0;0;0;0;0;1
31;96;Espronceda;1-001 -U;115;0;0;115;94;0;94;2;1;5;20;14;23;1;4;14;6;1;1;0;1;0;1
31;97;Estella-Lizarra;1-001 -A;395;0;0;395;251;0;251;9;6;35;57;39;54;1;13;5;26;2;0;0;3;0;1
31;97;Estella-Lizarra;1-001 -B;405;0;0;405;247;0;247;3;5;28;73;38;39;1;10;6;33;8;0;1;2;0;0
31;97;Estella-Lizarra;1-002 -A;614;0;0;614;364;0;364;6;4;45;91;62;58;4;11;12;56;8;0;2;4;1;0
31;97;Estella-Lizarra;1-002 -B;623;0;0;623;363;0;363;3;5;61;81;47;53;2;21;13;65;5;1;1;3;0;2
31;97;Estella-Lizarra;2-001 -U;728;0;0;728;402;0;402;5;10;47;94;67;85;0;11;8;60;10;0;2;2;0;1
31;97;Estella-Lizarra;2-002 -A;614;0;0;614;407;0;407;3;7;49;128;34;88;1;22;12;46;9;0;2;4;1;1
31;97;Estella-Lizarra;2-002 -B;639;0;0;639;418;0;418;2;5;46;116;35;72;0;26;18;62;24;0;5;4;0;3
31;97;Estella-Lizarra;2-003 -A;402;0;0;402;244;0;244;2;1;36;78;25;46;2;5;13;19;8;0;4;3;0;2
31;97;Estella-Lizarra;2-003 -B;394;0;0;394;241;0;241;3;0;31;86;20;49;0;9;7;24;7;0;2;2;0;1
31;97;Estella-Lizarra;2-004 -A;512;0;0;512;354;0;354;8;6;45;96;30;68;2;13;17;50;11;0;2;1;1;4
31;97;Estella-Lizarra;2-004 -B;581;0;0;581;381;0;381;3;7;72;92;41;62;0;10;15;62;10;1;2;1;0;3
31;97;Estella-Lizarra;2-004 -C;505;0;0;505;338;0;338;8;10;57;87;31;67;1;10;7;42;9;1;0;6;0;2
31;97;Estella-Lizarra;2-005 -A;468;0;0;468;291;0;291;3;4;50;100;33;38;3;13;10;25;6;2;0;2;1;1
31;97;Estella-Lizarra;2-005 -B;446;0;0;446;307;0;307;1;7;44;120;27;61;0;8;6;21;7;0;1;0;1;3
31;97;Estella-Lizarra;2-006 -A;608;0;0;608;461;0;461;5;17;74;197;47;41;0;12;12;30;17;1;3;3;1;1
31;97;Estella-Lizarra;2-006 -B;680;0;0;680;492;0;492;14;8;65;192;62;53;6;8;27;33;12;4;2;2;0;4
31;97;Estella-Lizarra;2-007 -U;716;0;0;716;497;0;497;5;12;88;120;71;94;0;12;14;50;18;0;4;7;0;2
31;97;Estella-Lizarra;3-001 -A;545;0;0;545;389;0;389;1;12;60;81;44;93;1;18;8;58;8;0;2;0;0;3
31;97;Estella-Lizarra;3-001 -B;573;0;0;573;387;0;387;1;16;59;109;44;60;1;17;10;47;15;0;3;2;0;3
31;98;Esteribar;1-001 -A;383;2;0;385;303;0;303;1;7;43;49;20;100;0;8;3;58;11;0;0;2;0;1
31;98;Esteribar;1-001 -B;456;0;0;456;318;0;318;3;11;66;66;20;64;3;5;12;45;13;1;3;2;2;2
31;98;Esteribar;1-001 -C;342;0;0;342;272;0;272;0;9;91;50;11;62;2;8;5;27;3;0;1;1;0;2
31;98;Esteribar;1-001 -D;742;0;0;742;573;0;573;7;12;119;168;28;69;4;11;19;81;39;2;3;9;1;1
31;99;Etayo;1-001 -U;62;0;0;62;51;0;51;0;1;9;18;5;6;0;3;4;5;0;0;0;0;0;0
31;82;Etxalar;1-001 -U;622;0;0;622;485;0;485;14;16;174;53;8;147;0;1;13;53;2;0;1;1;1;1
31;84;Etxarri Aranatz;1-001 -A;534;0;0;534;398;0;398;5;10;82;29;8;207;1;1;18;28;2;0;1;5;0;1
31;84;Etxarri Aranatz;1-001 -B;472;0;0;472;341;0;341;7;6;68;30;8;157;0;2;14;44;3;0;0;0;0;2
31;84;Etxarri Aranatz;1-001 -C;34;0;0;34;30;0;30;0;0;2;0;0;27;0;0;0;1;0;0;0;0;0;0
31;84;Etxarri Aranatz;2-001 -A;468;0;0;468;346;0;346;2;3;77;32;3;188;0;2;7;27;1;0;2;0;1;1
31;84;Etxarri Aranatz;2-001 -B;438;0;0;438;299;0;299;2;3;50;25;9;176;0;2;3;25;3;0;0;0;0;1
31;85;Etxauri;1-001 -U;461;0;0;461;389;0;389;8;7;76;44;17;139;0;17;9;55;4;6;5;1;0;1
31;100;Eulate;1-001 -U;268;0;0;268;171;0;171;0;3;36;61;11;19;1;0;8;19;13;0;0;0;0;0
31;101;Ezcabarte;1-001 -A;824;0;0;824;597;1;598;2;5;104;133;51;134;2;17;24;91;17;0;5;8;1;4
31;101;Ezcabarte;1-001 -B;576;0;0;576;412;0;412;0;9;72;94;14;100;2;12;13;65;12;2;6;5;0;6
31;93;Ezcároz - Ezkaroze;1-001 -U;297;0;0;297;266;0;266;2;5;56;60;29;74;0;6;6;20;4;1;3;0;0;0
31;102;Ezkurra;1-001 -U;148;0;0;148;83;0;83;0;0;15;8;3;30;0;5;11;10;1;0;0;0;0;0
31;103;Ezprogui;1-001 -U;47;0;0;47;35;0;35;0;0;0;25;1;4;0;1;1;3;0;0;0;0;0;0
31;104;Falces;1-001 -A;507;0;0;507;410;0;410;3;5;46;112;107;24;3;21;22;54;2;4;2;4;1;0
31;104;Falces;1-001 -B;462;0;0;462;353;0;353;9;11;30;110;82;17;1;9;20;54;4;1;0;0;2;3
31;104;Falces;2-001 -A;510;0;0;510;343;0;343;2;5;34;98;79;34;0;7;16;55;8;0;2;3;0;0
31;104;Falces;2-001 -B;422;0;0;422;312;0;312;7;3;35;86;80;22;1;5;12;54;5;0;0;0;0;2
31;105;Fitero;1-001 -U;660;0;0;660;506;0;506;16;15;21;202;129;17;3;6;41;44;7;1;0;2;0;2
31;105;Fitero;2-001 -A;440;0;0;440;349;0;349;4;9;12;140;88;11;1;5;20;49;6;0;2;0;0;2
31;105;Fitero;2-001 -B;443;0;0;443;364;0;364;10;4;13;169;80;8;0;5;24;39;9;1;1;1;0;0
31;106;Fontellas;1-001 -U;696;0;0;696;557;0;557;7;13;19;176;164;16;5;18;47;54;26;0;1;7;0;4
31;107;Funes;1-001 -A;428;0;0;428;331;0;331;6;6;11;195;44;5;3;5;28;20;6;0;0;1;1;0
31;107;Funes;1-001 -B;378;0;0;378;316;0;316;10;10;10;146;48;5;3;3;35;31;14;0;0;1;0;0
31;107;Funes;2-001 -A;463;0;0;463;389;0;389;11;10;10;178;52;7;1;2;79;24;9;0;2;3;0;1
31;107;Funes;2-001 -B;430;0;0;430;353;0;353;5;12;12;182;54;3;2;3;50;17;4;2;1;3;1;2
31;108;Fustiñana;1-001 -A;542;0;0;542;444;0;444;14;1;20;183;122;19;1;9;28;39;7;0;0;1;0;0
31;108;Fustiñana;1-001 -B;465;0;0;465;365;1;366;10;12;11;166;88;9;2;10;14;31;9;0;2;1;0;1
31;108;Fustiñana;2-001 -A;498;0;0;498;407;2;409;6;13;13;185;108;13;1;7;34;23;4;0;0;1;0;1
31;108;Fustiñana;2-001 -B;390;0;0;390;313;2;315;5;3;14;139;89;11;0;5;20;27;1;1;0;0;0;0
31;109;Galar;1-001 -A;561;0;0;561;458;0;458;3;11;97;108;23;88;2;24;7;75;6;0;3;3;0;8
31;109;Galar;1-001 -B;964;0;0;964;729;0;729;4;21;114;216;61;127;0;20;15;105;19;4;10;6;2;5
31;110;Gallipienzo - Galipentzu;1-001 -U;93;0;0;93;70;0;70;0;2;11;19;11;6;0;5;2;13;0;0;0;0;0;1
31;111;Gallués - Galoze;1-001 -U;94;0;0;94;87;0;87;2;3;17;16;4;25;0;1;5;8;0;1;0;0;1;4
31;112;Garaioa;1-001 -U;94;0;0;94;76;0;76;1;4;19;19;2;23;0;2;3;3;0;0;0;0;0;0
31;113;Garde;1-001 -U;139;0;0;139;89;0;89;1;2;10;23;15;11;0;4;8;10;0;3;1;1;0;0
31;114;Garínoain;1-001 -U;366;0;0;366;269;0;269;3;16;35;47;22;42;3;15;9;63;9;0;2;0;0;3
31;115;Garralda;1-001 -U;169;0;0;169;111;0;111;0;2;32;13;4;36;1;6;2;13;1;1;0;0;0;0
31;116;Genevilla;1-001 -U;66;0;0;66;53;0;53;0;4;7;26;3;2;0;0;3;6;0;1;0;1;0;0
31;117;Goizueta;1-001 -U;633;0;0;633;433;0;433;6;11;61;10;3;332;0;0;4;6;0;0;0;0;0;0
31;118;Goñi;1-001 -U;166;0;0;166;115;0;115;1;4;45;23;7;13;0;8;2;10;0;0;0;1;1;0
31;119;Güesa - Gorza;1-001 -U;40;0;0;40;30;0;30;0;0;10;12;2;2;0;1;0;2;0;0;0;0;0;1
31;120;Guesálaz - Gesalatz;1-001 -U;396;0;0;396;262;0;262;4;5;52;65;18;51;2;9;9;39;5;0;0;1;1;1
31;121;Guirguillano;1-001 -U;64;0;0;64;44;0;44;0;1;4;14;0;7;4;5;2;5;0;0;1;0;0;1
31;256;Hiriberri - Villanueva de Aezkoa;1-001 -U;112;0;0;112;68;0;68;0;0;16;8;1;38;0;1;4;0;0;0;0;0;0;0
31;122;Huarte - Uharte;1-001 -A;467;0;0;467;338;1;339;3;6;89;65;16;67;1;7;16;48;5;4;2;3;4;3
31;122;Huarte - Uharte;1-001 -B;490;0;0;490;368;1;369;3;5;88;75;27;79;1;8;14;46;7;6;1;5;2;2
31;122;Huarte - Uharte;1-002 -A;727;0;0;727;558;0;558;2;8;141;93;38;109;0;23;15;80;22;7;4;11;2;3
31;122;Huarte - Uharte;1-002 -B;700;0;0;700;499;0;499;2;8;111;96;32;82;5;17;14;97;19;4;3;5;0;4
31;122;Huarte - Uharte;1-003 -A;741;0;0;741;543;0;543;4;12;142;89;39;102;4;13;14;88;17;4;4;6;2;3
31;122;Huarte - Uharte;1-003 -B;736;0;0;736;544;1;545;6;16;128;99;56;102;3;15;10;81;12;4;3;5;1;4
31;122;Huarte - Uharte;1-004 -A;446;0;0;446;328;0;328;4;2;63;88;23;52;0;11;8;42;16;9;2;3;1;4
31;122;Huarte - Uharte;1-004 -B;409;0;0;409;292;0;292;1;6;47;74;33;46;1;9;19;36;14;3;1;1;0;1
31;124;Ibargoiti;1-001 -U;216;0;0;216;162;0;162;0;7;27;82;4;18;0;2;2;16;1;0;0;3;0;0
31;259;Igantzi;1-001 -U;490;0;0;490;303;0;303;3;1;95;30;12;101;0;7;12;36;5;0;1;0;0;0
31;125;Igúzquiza;1-001 -U;271;0;0;271;175;0;175;4;4;16;50;18;23;0;4;10;29;9;1;5;2;0;0
31;126;Imotz;1-001 -U;360;0;0;360;236;0;236;1;2;61;34;7;86;0;6;6;29;1;0;1;2;0;0
31;127;Irañeta;1-001 -U;140;0;0;140;98;0;98;1;0;22;21;3;24;0;4;9;11;1;0;1;0;0;1
31;904;Irurtzun;1-001 -A;809;0;0;809;559;0;559;6;15;115;81;40;171;2;14;14;74;10;6;1;8;0;2
31;904;Irurtzun;1-001 -B;761;0;0;761;547;0;547;9;10;115;113;52;126;1;8;26;74;7;1;2;2;0;1
31;128;Isaba - Izaba;1-001 -U;387;0;0;387;276;0;276;1;7;43;57;26;74;0;18;10;24;8;3;1;0;0;4
31;129;Ituren;1-001 -U;395;0;0;395;277;0;277;6;2;67;10;11;163;0;0;3;12;1;0;1;1;0;0
31;130;Iturmendi;1-001 -U;309;0;0;309;208;0;208;3;5;41;47;14;56;1;2;5;28;2;1;1;1;0;1
31;131;Iza - Itza;1-001 -A;432;0;0;432;322;0;322;2;9;85;89;24;38;1;8;11;34;13;0;0;3;0;5
31;131;Iza - Itza;1-001 -B;443;0;0;443;335;0;335;2;14;51;131;9;41;0;2;25;27;24;0;2;5;0;2
31;132;Izagaondoa;1-001 -U;149;0;0;149;120;0;120;1;2;14;47;5;33;0;3;4;4;3;1;2;1;0;0
31;133;Izalzu - Itzaltzu;1-001 -U;45;0;0;45;31;0;31;0;0;6;5;2;14;1;1;0;1;1;0;0;0;0;0
31;134;Jaurrieta;1-001 -U;183;0;0;183;140;0;140;3;3;35;37;12;29;1;2;7;6;3;0;0;0;2;0
31;135;Javier;1-001 -U;101;0;0;101;65;0;65;6;7;7;27;1;0;0;1;12;2;2;0;0;0;0;0
31;136;Juslapeña;1-001 -U;434;0;0;434;325;0;325;7;5;63;58;17;98;4;13;8;36;5;1;2;2;2;4
31;138;Lakuntza;1-001 -U;931;0;0;931;639;0;639;2;8;188;47;36;262;1;10;14;58;8;1;2;0;0;2
31;139;Lana;1-001 -U;162;0;0;162;96;0;96;0;2;15;32;2;17;1;4;4;13;5;0;1;0;0;0
31;140;Lantz;1-001 -U;117;0;0;117;88;0;88;0;0;27;31;4;15;0;0;2;6;0;1;0;0;1;1
31;141;Lapoblación;1-001 -U;121;0;0;121;88;0;88;4;3;11;22;4;1;0;0;21;11;7;0;0;1;0;3
31;142;Larraga;1-001 -A;753;0;0;753;524;0;524;10;8;42;170;94;101;0;10;26;50;9;0;2;1;0;1
31;142;Larraga;1-001 -B;654;0;0;654;485;0;485;8;13;33;156;80;81;3;14;34;58;5;0;0;0;0;0
31;143;Larraona;1-001 -U;103;0;0;103;50;0;50;2;0;10;15;2;5;2;0;4;5;5;0;0;0;0;0
31;144;Larraun;1-001 -A;256;0;0;256;185;0;185;2;8;56;24;5;66;0;5;6;10;2;0;0;0;0;1
31;144;Larraun;1-001 -B;302;0;0;302;202;0;202;0;3;50;19;10;84;2;5;9;17;3;0;0;0;0;0
31;144;Larraun;1-001 -C;246;0;0;246;165;0;165;9;3;33;22;0;83;0;0;6;7;2;0;0;0;0;0
31;145;Lazagurría;1-001 -U;173;0;0;173;124;0;124;2;6;6;75;17;1;0;4;1;7;4;0;0;1;0;0
31;146;Leache - Leatxe;1-001 -U;38;0;0;38;32;0;32;0;0;2;17;4;4;1;0;2;1;0;0;0;1;0;0
31;147;Legarda;1-001 -U;100;0;0;100;75;0;75;0;4;9;30;6;6;0;2;4;4;7;0;0;0;0;3
31;148;Legaria;1-001 -U;92;0;0;92;59;0;59;1;2;2;9;14;7;0;7;4;7;6;0;0;0;0;0
31;149;Leitza;1-001 -A;571;0;0;571;421;0;421;7;2;87;43;6;246;0;2;4;22;0;1;0;0;0;1
31;149;Leitza;1-001 -B;590;0;0;590;437;0;437;8;3;105;50;11;227;2;4;6;20;0;0;1;0;0;0
31;149;Leitza;1-002 -A;571;0;0;571;398;1;399;3;4;81;27;9;242;0;3;7;21;1;1;0;0;0;0
31;149;Leitza;1-002 -B;614;0;0;614;378;0;378;6;4;83;48;7;210;0;1;3;14;1;0;1;0;0;0
31;908;Lekunberri;1-001 -U;1006;0;0;1006;768;0;768;7;11;285;85;38;195;0;18;21;85;13;2;2;2;2;2
31;150;Leoz - Leotz;1-001 -U;217;0;0;217;175;0;175;4;2;27;35;8;56;0;6;6;29;2;0;0;0;0;0
31;151;Lerga;1-001 -U;72;0;0;72;50;0;50;0;2;6;13;6;4;2;2;2;13;0;0;0;0;0;0
31;152;Lerín;1-001 -U;614;0;0;614;488;0;488;12;8;54;191;71;42;0;12;29;47;7;2;2;2;2;7
31;152;Lerín;2-001 -A;380;0;0;380;296;0;296;8;5;51;82;46;24;0;13;9;46;7;1;0;2;2;0
31;152;Lerín;2-001 -B;361;0;0;361;282;0;282;1;3;34;95;39;21;0;18;19;34;10;1;0;0;5;2
31;153;Lesaka;1-001 -A;409;0;0;409;309;0;309;0;5;125;21;8;94;0;2;7;46;1;0;0;0;0;0
31;153;Lesaka;1-001 -B;450;0;0;450;341;0;341;1;2;145;17;10;111;0;3;6;42;3;0;0;0;1;0
31;153;Lesaka;2-001 -A;627;0;0;627;468;0;468;7;6;219;24;9;151;1;5;3;37;1;1;1;2;1;0
31;153;Lesaka;2-001 -B;687;0;0;687;512;0;512;2;2;199;42;25;173;0;6;7;48;5;1;0;1;0;1
31;154;Lezáun;1-001 -U;224;0;0;224;125;0;125;0;3;29;15;4;33;0;9;4;20;4;0;1;0;0;3
31;155;Liédena;1-001 -U;253;0;0;253;181;0;181;2;6;9;44;47;13;1;5;8;34;7;1;0;3;0;1
31;156;Lizoáin-Arriasgoiti;1-001 -U;258;0;0;258;223;0;223;0;5;42;42;18;67;2;9;3;25;4;3;0;1;1;1
31;157;Lodosa;1-001 -A;647;0;0;647;443;0;443;6;27;70;136;84;27;2;7;13;53;9;3;2;4;0;0
31;157;Lodosa;1-001 -B;549;0;0;549;370;0;370;5;15;67;100;73;26;0;10;14;43;11;1;2;2;0;1
31;157;Lodosa;1-002 -A;575;0;0;575;391;0;391;8;19;70;138;60;19;6;2;31;23;8;2;0;2;0;3
31;157;Lodosa;1-002 -B;575;0;0;575;419;0;419;11;13;62;137;78;39;3;12;25;27;7;0;2;1;0;2
31;157;Lodosa;2-001 -A;633;0;0;633;415;1;416;15;18;58;101;100;19;1;9;28;46;13;2;1;1;1;3
31;157;Lodosa;2-001 -B;579;0;0;579;414;0;414;2;19;50;107;101;30;2;19;21;44;15;0;1;1;1;1
31;158;Lónguida - Longida;1-001 -U;255;0;0;255;168;0;168;2;1;33;47;5;40;0;7;3;23;1;1;2;1;1;1
31;29;Los Arcos;1-001 -A;516;0;0;516;396;0;396;8;20;42;145;51;41;1;14;21;36;7;2;2;4;0;2
31;29;Los Arcos;1-001 -B;418;0;0;418;317;1;318;5;16;50;111;34;34;2;8;18;29;7;0;1;1;1;1
31;159;Lumbier;1-001 -A;594;0;0;594;519;1;520;7;11;94;171;20;118;2;19;20;46;3;3;0;5;1;0
31;159;Lumbier;1-001 -B;547;0;0;547;455;0;455;7;10;83;142;30;79;2;26;13;42;14;1;2;1;0;3
31;160;Luquin;1-001 -U;110;0;0;110;86;0;86;1;1;12;32;10;11;0;2;2;13;0;1;0;0;0;1
31;248;Luzaide - Valcarlos;1-001 -U;298;0;0;298;169;0;169;2;6;47;39;10;31;0;7;13;9;1;0;1;1;1;1
31;161;Mañeru;1-001 -U;350;0;0;350;281;0;281;3;11;45;48;32;55;0;17;4;53;3;3;1;5;0;1
31;162;Marañón;1-001 -U;47;0;0;47;32;0;32;0;4;2;0;10;6;4;0;2;2;1;0;0;1;0;0
31;163;Marcilla;1-001 -U;769;0;0;769;531;0;531;11;16;35;207;130;13;5;10;18;60;10;1;5;6;0;4
31;163;Marcilla;2-001 -A;608;0;0;608;432;0;432;12;6;20;149;109;13;0;13;27;51;19;2;2;7;0;2
31;163;Marcilla;2-001 -B;643;0;0;643;439;0;439;16;8;20;144;118;19;2;14;14;64;8;0;4;5;0;3
31;164;Mélida;1-001 -U;582;0;0;582;492;0;492;17;14;34;203;127;9;3;16;12;38;13;1;3;0;0;2
31;165;Mendavia;1-001 -A;484;0;0;484;334;0;334;11;8;23;94;110;15;2;23;7;29;3;2;1;3;1;2
31;165;Mendavia;1-001 -B;662;0;0;662;488;0;488;8;17;19;152;163;22;2;34;10;46;3;0;3;4;5;0
31;165;Mendavia;2-001 -A;542;0;0;542;417;0;417;11;14;28;145;109;21;4;26;8;39;4;2;4;1;0;1
31;165;Mendavia;2-001 -B;535;0;0;535;379;0;379;12;9;30;151;98;12;3;12;8;31;5;0;2;4;0;2
31;165;Mendavia;2-001 -C;569;0;0;569;443;0;443;6;11;25;168;134;3;1;20;5;48;14;2;0;5;0;1
31;166;Mendaza;1-001 -U;262;0;0;262;174;0;174;0;2;12;80;9;17;3;8;8;26;8;0;0;0;0;1
31;167;Mendigorría;1-001 -A;410;0;0;410;310;0;310;6;9;58;76;22;76;2;8;11;25;6;1;4;2;1;3
31;167;Mendigorría;1-001 -B;427;0;0;427;337;0;337;16;13;44;104;17;49;2;18;7;48;12;3;1;3;0;0
31;168;Metauten;1-001 -U;246;0;0;246;205;0;205;0;4;34;80;13;30;1;4;9;17;10;0;1;1;0;1
31;169;Milagro;1-001 -A;428;0;0;428;299;0;299;1;4;6;141;115;4;0;13;3;7;4;0;0;1;0;0
31;169;Milagro;1-001 -B;361;0;0;361;239;0;239;0;5;7;114;76;5;0;7;10;13;1;0;1;0;0;0
31;169;Milagro;2-001 -A;481;0;0;481;402;0;402;12;8;28;137;148;5;0;18;12;27;6;0;0;0;0;1
31;169;Milagro;2-001 -B;536;0;0;536;433;0;433;12;8;13;176;150;7;1;18;15;24;8;0;0;0;0;1
31;169;Milagro;2-001 -C;416;0;0;416;338;0;338;10;5;14;132;120;5;0;6;14;28;2;0;0;0;1;1
31;170;Mirafuentes;1-001 -U;49;0;0;49;43;0;43;2;1;8;7;4;8;0;1;4;5;0;0;3;0;0;0
31;171;Miranda de Arga;1-001 -A;340;0;0;340;275;0;275;9;7;40;60;68;21;2;11;11;38;3;1;0;2;0;2
31;171;Miranda de Arga;1-001 -B;355;0;0;355;275;0;275;8;12;37;68;51;22;1;18;3;41;4;1;2;0;2;5
31;172;Monreal - Elo;1-001 -U;366;0;0;366;280;0;280;6;7;35;94;18;26;1;3;10;43;21;4;6;2;0;4
31;173;Monteagudo;1-001 -A;345;0;0;345;291;0;291;10;9;6;140;83;5;0;2;5;22;7;0;1;1;0;0
31;173;Monteagudo;1-001 -B;520;0;0;520;435;0;435;16;13;7;197;121;10;2;4;12;39;10;0;1;3;0;0
31;174;Morentin;1-001 -U;112;0;0;112;76;0;76;0;1;5;28;7;12;0;0;7;9;2;1;0;1;0;3
31;175;Mues;1-001 -U;74;0;0;74;49;0;49;0;1;10;19;4;4;0;5;2;3;0;0;0;1;0;0
31;176;Murchante;1-001 -A;598;0;0;598;424;0;424;13;19;19;112;133;14;4;11;22;54;17;0;0;3;0;3
31;176;Murchante;1-001 -B;582;0;0;582;405;0;405;15;16;17;99;140;8;2;11;26;49;11;2;2;3;2;2
31;176;Murchante;1-001 -C;535;0;0;535;381;0;381;21;16;22;96;136;5;6;18;14;32;8;1;1;4;0;1
31;176;Murchante;2-001 -A;601;0;0;601;422;0;422;9;19;16;106;103;11;2;16;40;70;13;1;2;9;1;4
31;176;Murchante;2-001 -B;545;0;0;545;363;0;363;8;6;10;100;112;7;2;14;29;60;10;0;1;3;0;1
31;177;Murieta;1-001 -U;267;0;0;267;147;0;147;2;6;22;39;17;16;0;5;12;16;4;0;5;2;0;1
31;178;Murillo el Cuende;1-001 -U;495;0;0;495;389;0;389;1;10;21;115;154;9;0;6;13;51;5;1;0;2;0;1
31;179;Murillo el Fruto;1-001 -U;529;0;0;529;437;0;437;4;14;24;166;103;28;0;5;18;58;8;3;0;3;0;3
31;180;Muruzábal;1-001 -U;223;0;0;223;149;0;149;2;2;19;51;10;13;3;2;13;19;11;0;4;0;0;0
31;181;Navascués - Nabaskoze;1-001 -U;152;0;0;152;115;0;115;0;2;13;33;14;40;1;1;2;6;0;1;0;2;0;0
31;182;Nazar;1-001 -U;39;0;0;39;31;0;31;0;1;6;9;1;5;0;4;0;4;1;0;0;0;0;0
31;88;Noáin (Valle de Elorz) - Noain (Elortzibar);1-001 -A;722;0;0;722;525;0;525;4;8;83;173;31;45;3;19;16;91;31;2;3;7;2;7
31;88;Noáin (Valle de Elorz) - Noain (Elortzibar);1-001 -B;720;0;0;720;465;1;466;7;5;76;123;30;46;2;19;5;81;47;1;8;9;1;6
31;88;Noáin (Valle de Elorz) - Noain (Elortzibar);1-002 -A;502;0;0;502;349;0;349;2;3;50;92;39;45;1;14;16;64;11;1;2;6;0;3
31;88;Noáin (Valle de Elorz) - Noain (Elortzibar);1-002 -B;556;0;0;556;384;0;384;5;9;67;101;38;42;2;10;17;63;15;2;4;5;1;3
31;88;Noáin (Valle de Elorz) - Noain (Elortzibar);1-002 -C;550;0;0;550;389;0;389;6;5;48;111;48;42;0;14;18;70;13;1;4;3;1;5
31;88;Noáin (Valle de Elorz) - Noain (Elortzibar);1-003 -A;456;0;0;456;328;1;329;3;3;59;78;24;44;4;13;9;65;19;1;3;2;0;2
31;88;Noáin (Valle de Elorz) - Noain (Elortzibar);1-003 -B;458;0;0;458;343;1;344;2;14;48;102;19;33;4;13;12;74;13;1;0;3;4;2
31;88;Noáin (Valle de Elorz) - Noain (Elortzibar);1-004 -A;775;0;0;775;523;0;523;7;6;68;131;68;54;7;18;21;111;16;1;7;6;0;2
31;88;Noáin (Valle de Elorz) - Noain (Elortzibar);1-004 -B;805;0;0;805;521;1;522;5;7;84;106;61;49;7;25;17;130;13;2;2;5;0;9
31;183;Obanos;1-001 -U;674;0;0;674;540;0;540;6;14;108;172;32;67;3;11;25;69;17;2;3;9;1;1
31;185;Ochagavía - Otsagabia;1-001 -U;509;0;0;509;438;0;438;5;9;93;155;15;107;1;8;13;16;12;4;0;0;0;0
31;184;Oco;1-001 -U;58;0;0;58;45;0;45;0;4;8;18;0;12;0;0;0;2;1;0;0;0;0;0
31;186;Odieta;1-001 -U;300;0;0;300;222;0;222;4;12;45;33;8;76;3;7;5;21;4;1;2;0;0;1
31;187;Oiz;1-001 -U;111;0;0;111;74;0;74;0;0;23;9;2;25;0;1;0;9;4;1;0;0;0;0
31;188;Olaibar;1-001 -U;228;0;0;228;164;0;164;3;1;28;32;9;34;1;2;5;29;7;0;1;7;1;4
31;189;Olazti - Olazagutía;1-001 -A;605;0;0;605;402;0;402;10;4;95;69;39;131;0;5;7;34;4;0;3;1;0;0
31;189;Olazti - Olazagutía;1-001 -B;573;0;0;573;376;0;376;7;8;69;59;46;117;1;9;13;40;3;1;1;2;0;0
31;190;Olejua;1-001 -U;45;0;0;45;37;0;37;0;1;10;10;6;8;0;0;1;1;0;0;0;0;0;0
31;191;Olite - Erriberri;1-001 -A;754;0;0;754;565;1;566;12;15;82;168;106;36;5;12;29;72;14;5;3;2;0;5
31;191;Olite - Erriberri;1-001 -B;781;0;0;781;574;2;576;11;8;76;166;94;48;2;11;38;99;10;0;1;7;2;3
31;191;Olite - Erriberri;2-001 -A;721;0;0;721;523;1;524;13;13;78;143;80;28;4;20;18;99;19;0;5;2;0;2
31;191;Olite - Erriberri;2-001 -B;763;0;0;763;557;2;559;11;18;73;141;87;27;6;20;34;103;24;2;2;2;1;8
31;194;Ollo;1-001 -U;320;0;0;320;238;0;238;4;9;56;45;14;65;0;6;7;28;2;0;0;0;0;2
31;192;Olóriz - Oloritz;1-001 -U;155;0;0;155;130;0;130;0;2;15;33;5;16;2;6;1;47;1;0;0;1;0;1
31;195;Orbaizeta;1-001 -U;182;0;0;182;129;0;129;1;0;23;23;7;55;0;1;4;12;1;1;0;0;0;1
31;196;Orbara;1-001 -U;40;0;0;40;31;0;31;0;0;5;3;4;10;0;2;4;3;0;0;0;0;0;0
31;197;Orísoain;1-001 -U;71;0;0;71;54;0;54;0;1;8;17;6;9;0;2;0;8;3;0;0;0;0;0
31;906;Orkoien;1-001 -A;626;0;0;626;422;0;422;9;4;65;86;35;62;4;24;18;91;11;0;5;5;1;2
31;906;Orkoien;1-001 -B;526;0;0;526;375;0;375;9;7;53;81;59;42;2;18;13;67;13;4;1;4;1;1
31;906;Orkoien;1-002 -A;771;0;0;771;603;0;603;8;13;109;150;40;105;4;25;14;100;20;0;2;6;2;5
31;906;Orkoien;1-002 -B;657;0;0;657;502;0;502;6;9;90;119;65;65;1;15;15;74;23;3;3;5;1;8
31;198;Oronz - Orontze;1-001 -U;36;0;0;36;30;0;30;0;0;2;4;2;15;0;1;0;5;0;0;0;0;0;1
31;199;Oroz-Betelu - Orotz-Betelu;1-001 -U;149;0;0;149;86;0;86;1;1;22;23;2;25;0;1;5;3;0;0;1;2;0;0
31;211;Orreaga - Roncesvalles;1-001 -U;25;0;0;25;19;0;19;1;0;3;12;2;0;0;0;0;0;1;0;0;0;0;0
31;200;Oteiza;1-001 -U;755;0;0;755;598;0;598;22;24;71;100;89;147;4;23;18;84;8;1;4;1;0;2
31;201;Pamplona - Iruña;1-001 -U;622;0;0;622;442;0;442;1;3;100;50;15;170;0;13;9;66;5;2;5;0;0;3
31;201;Pamplona - Iruña;1-003 -A;610;0;0;610;452;0;452;2;2;93;95;21;120;5;27;13;59;6;1;3;0;4;1
31;201;Pamplona - Iruña;1-003 -B;547;0;0;547;410;0;410;3;3;90;67;23;111;2;14;7;73;7;0;2;5;1;2
31;201;Pamplona - Iruña;1-004 -U;672;0;0;672;480;0;480;0;4;107;59;33;136;1;23;15;85;8;0;5;3;1;0
31;201;Pamplona - Iruña;1-005 -A;387;0;0;387;276;0;276;4;1;74;34;11;65;0;11;0;62;3;0;2;3;2;4
31;201;Pamplona - Iruña;1-005 -B;424;0;0;424;284;0;284;5;2;59;33;15;75;0;15;6;59;8;0;3;3;0;1
31;201;Pamplona - Iruña;1-006 -U;635;0;0;635;453;0;453;1;4;138;117;18;70;3;14;11;51;14;2;4;1;3;2
31;201;Pamplona - Iruña;1-007 -U;547;0;0;547;404;0;404;5;7;94;82;13;84;0;28;14;61;8;1;3;0;1;3
31;201;Pamplona - Iruña;1-008 -U;579;0;0;579;411;0;411;2;9;62;127;21;74;1;25;10;57;11;0;4;6;0;2
31;201;Pamplona - Iruña;1-009 -U;640;0;0;640;474;0;474;2;8;100;98;27;103;6;18;13;74;8;3;3;2;6;3
31;201;Pamplona - Iruña;1-010 -U;729;0;0;729;507;0;507;3;7;101;108;31;122;3;20;13;76;8;1;2;5;5;2
31;201;Pamplona - Iruña;1-011 -U;613;0;0;613;424;0;424;3;4;81;51;29;145;1;19;8;67;4;1;3;1;2;5
31;201;Pamplona - Iruña;1-012 -U;514;0;0;514;325;0;325;0;3;54;34;15;124;0;8;14;67;2;2;1;0;1;0
31;201;Pamplona - Iruña;1-013 -A;395;0;0;395;284;0;284;0;3;69;36;19;85;0;19;3;38;6;1;0;3;2;0
31;201;Pamplona - Iruña;1-013 -B;410;0;0;410;297;0;297;1;2;61;50;17;83;0;13;8;52;4;0;0;1;3;2
31;201;Pamplona - Iruña;2-001 -A;398;0;0;398;286;0;286;3;6;52;134;13;12;1;6;17;25;9;0;1;1;6;0
31;201;Pamplona - Iruña;2-001 -B;388;0;0;388;261;0;261;3;3;53;106;23;21;0;12;10;21;7;0;0;0;1;1
31;201;Pamplona - Iruña;2-002 -A;405;0;0;405;315;0;315;4;5;41;174;12;11;2;8;13;21;21;0;1;0;0;2
31;201;Pamplona - Iruña;2-002 -B;412;0;0;412;317;0;317;2;9;35;171;14;10;0;7;22;22;17;0;6;0;0;2
31;201;Pamplona - Iruña;2-003 -U;652;0;0;652;502;0;502;2;8;53;284;23;21;3;17;31;23;30;1;3;0;3;0
31;201;Pamplona - Iruña;2-004 -A;516;0;0;516;356;0;356;4;7;46;197;17;8;4;2;27;19;18;0;4;3;0;0
31;201;Pamplona - Iruña;2-004 -B;525;0;0;525;376;0;376;4;5;28;223;16;10;0;12;26;24;19;0;3;3;1;2
31;201;Pamplona - Iruña;2-004 -C;512;0;0;512;345;0;345;4;9;23;185;9;12;5;9;40;18;24;1;2;1;1;2
31;201;Pamplona - Iruña;2-005 -A;622;0;0;622;485;0;485;2;10;73;278;28;17;6;6;16;21;23;0;2;0;1;1
31;201;Pamplona - Iruña;2-005 -B;633;0;0;633;456;0;456;1;6;59;260;22;18;2;8;23;28;20;2;2;2;1;2
31;201;Pamplona - Iruña;2-006 -A;507;0;0;507;359;0;359;0;9;67;155;21;31;2;11;20;28;5;1;1;2;4;2
31;201;Pamplona - Iruña;2-006 -B;517;0;0;517;370;0;370;2;5;74;165;26;24;1;3;12;43;10;1;2;0;2;0
31;201;Pamplona - Iruña;2-007 -U;726;0;0;726;553;0;553;13;4;79;281;28;39;1;10;39;30;22;1;3;1;0;1
31;201;Pamplona - Iruña;2-008 -A;425;0;0;425;299;0;299;2;9;60;128;19;19;1;6;11;32;7;0;1;2;2;0
31;201;Pamplona - Iruña;2-008 -B;444;0;0;444;315;0;315;2;7;67;134;20;27;1;2;13;28;5;0;5;0;2;2
31;201;Pamplona - Iruña;2-009 -A;483;0;0;483;345;0;345;1;5;78;99;29;34;2;10;15;47;15;5;1;1;3;0
31;201;Pamplona - Iruña;2-009 -B;464;0;0;464;307;0;307;1;6;69;85;32;27;1;14;7;44;10;0;6;3;0;2
31;201;Pamplona - Iruña;2-010 -A;420;0;0;420;317;0;317;3;11;50;138;20;22;2;11;14;33;10;0;1;1;1;0
31;201;Pamplona - Iruña;2-010 -B;470;0;0;470;353;0;353;1;5;61;138;24;19;4;14;25;41;11;0;3;3;1;3
31;201;Pamplona - Iruña;2-011 -A;493;0;0;493;353;0;353;0;8;82;121;34;34;1;11;11;39;8;1;0;1;1;1
31;201;Pamplona - Iruña;2-011 -B;548;0;0;548;382;0;382;3;5;85;137;30;32;0;13;19;31;14;1;4;1;5;2
31;201;Pamplona - Iruña;2-012 -A;567;0;0;567;403;0;403;1;12;71;168;25;23;3;12;25;36;14;0;3;6;3;1
31;201;Pamplona - Iruña;2-012 -B;583;0;0;583;400;0;400;1;11;71;176;24;35;1;8;17;32;11;0;3;5;3;2
31;201;Pamplona - Iruña;2-013 -U;646;0;0;646;502;0;502;7;15;45;299;33;13;0;6;20;28;27;0;3;1;4;1
31;201;Pamplona - Iruña;2-014 -A;560;0;0;560;427;0;427;3;5;74;240;19;21;2;7;12;17;13;0;6;4;1;3
31;201;Pamplona - Iruña;2-014 -B;512;0;0;512;381;0;381;3;7;60;184;19;22;1;9;16;34;17;1;2;1;2;3
31;201;Pamplona - Iruña;2-015 -U;718;0;0;718;537;0;537;2;9;88;240;29;46;4;12;25;44;28;3;5;0;2;0
31;201;Pamplona - Iruña;2-016 -U;727;0;0;727;512;0;512;0;10;112;155;45;67;1;24;10;57;19;2;2;4;4;0
31;201;Pamplona - Iruña;2-017 -U;632;0;0;632;432;0;432;2;7;52;244;30;13;1;17;18;34;10;1;2;0;1;0
31;201;Pamplona - Iruña;3-001 -U;698;0;0;698;464;0;464;2;7;81;141;45;78;3;16;14;56;11;0;3;3;4;0
31;201;Pamplona - Iruña;3-002 -U;736;0;0;736;540;0;540;4;7;74;265;36;39;4;16;37;27;17;2;4;4;4;0
31;201;Pamplona - Iruña;3-003 -A;598;0;0;598;437;0;437;1;5;78;140;32;65;2;11;6;77;4;1;6;1;3;5
31;201;Pamplona - Iruña;3-003 -B;701;0;0;701;513;0;513;0;9;94;170;37;61;0;21;16;87;9;2;4;1;0;2
31;201;Pamplona - Iruña;3-004 -U;641;0;0;641;409;0;409;0;1;91;81;57;79;1;9;15;52;14;1;5;0;2;1
31;201;Pamplona - Iruña;3-005 -A;401;0;0;401;267;0;267;3;2;58;77;19;34;3;19;8;35;3;0;3;1;1;1
31;201;Pamplona - Iruña;3-005 -B;404;0;0;404;276;0;276;0;5;34;111;31;26;1;11;13;28;7;1;2;4;1;1
31;201;Pamplona - Iruña;3-006 -A;594;0;0;594;456;0;456;5;4;63;225;35;32;2;14;21;34;11;1;1;4;3;1
31;201;Pamplona - Iruña;3-006 -B;625;0;0;625;475;0;475;5;15;60;228;30;32;5;18;27;32;18;1;1;1;2;0
31;201;Pamplona - Iruña;3-007 -A;489;0;0;489;370;0;370;1;9;45;199;28;15;1;4;20;25;15;1;3;1;2;1
31;201;Pamplona - Iruña;3-007 -B;457;0;0;457;349;0;349;4;2;35;217;21;13;2;5;24;11;11;1;0;1;2;0
31;201;Pamplona - Iruña;3-008 -A;523;0;0;523;357;0;357;4;1;63;125;50;54;1;12;14;24;4;1;2;2;0;0
31;201;Pamplona - Iruña;3-008 -B;499;0;0;499;319;0;319;1;1;54;91;35;49;1;15;15;43;7;0;3;0;2;2
31;201;Pamplona - Iruña;3-009 -A;411;0;0;411;263;0;263;0;2;54;67;24;48;0;14;14;31;2;0;1;2;0;4
31;201;Pamplona - Iruña;3-009 -B;393;0;0;393;241;0;241;1;3;44;71;34;29;0;3;7;34;10;1;0;1;1;2
31;201;Pamplona - Iruña;3-010 -A;464;0;0;464;311;0;311;0;4;53;99;33;44;2;6;11;47;5;0;3;1;1;2
31;201;Pamplona - Iruña;3-010 -B;483;0;0;483;316;0;316;4;2;51;90;39;32;2;20;17;37;11;2;2;1;4;2
31;201;Pamplona - Iruña;3-011 -A;439;0;0;439;340;0;340;1;7;46;177;23;17;4;7;9;26;15;2;3;2;2;0
31;201;Pamplona - Iruña;3-011 -B;451;0;0;451;349;0;349;2;9;45;183;31;12;2;9;10;29;9;1;1;0;3;3
31;201;Pamplona - Iruña;3-012 -A;475;0;0;475;348;0;348;2;8;58;143;39;34;2;10;6;20;21;1;2;0;2;0
31;201;Pamplona - Iruña;3-012 -B;485;0;0;485;356;0;356;4;8;57;153;26;35;3;12;12;30;6;0;3;3;0;4
31;201;Pamplona - Iruña;3-013 -A;469;0;0;469;328;0;328;0;4;56;79;52;52;2;13;14;47;2;0;2;2;1;2
31;201;Pamplona - Iruña;3-013 -B;471;0;0;471;316;0;316;2;2;60;55;49;53;1;14;17;42;10;2;5;2;1;1
31;201;Pamplona - Iruña;3-014 -A;724;0;0;724;543;0;543;5;4;115;220;31;43;2;16;29;52;12;0;7;1;6;0
31;201;Pamplona - Iruña;3-014 -B;738;0;0;738;530;0;530;2;9;86;224;26;33;8;18;21;76;15;0;5;2;5;0
31;201;Pamplona - Iruña;3-015 -A;689;0;0;689;519;0;519;2;8;76;276;39;19;5;10;28;26;18;4;3;1;1;3
31;201;Pamplona - Iruña;3-015 -B;668;0;0;668;508;0;508;5;14;71;274;37;25;3;6;21;31;16;1;4;0;0;0
31;201;Pamplona - Iruña;3-016 -A;401;0;0;401;286;0;286;2;10;41;138;18;18;2;8;13;25;9;0;0;1;0;1
31;201;Pamplona - Iruña;3-016 -B;438;0;0;438;317;0;317;1;11;49;149;12;17;4;9;17;29;12;2;3;1;0;1
31;201;Pamplona - Iruña;3-017 -A;500;0;0;500;373;0;373;1;4;59;194;15;28;2;11;22;17;15;0;1;2;1;1
31;201;Pamplona - Iruña;3-017 -B;446;0;0;446;320;0;320;1;2;35;186;16;21;1;13;15;15;8;1;2;2;2;0
31;201;Pamplona - Iruña;3-018 -A;419;0;0;419;259;0;259;2;5;44;92;25;29;3;13;10;24;6;0;1;2;2;1
31;201;Pamplona - Iruña;3-018 -B;480;0;0;480;316;0;316;1;1;64;103;32;28;1;8;16;35;13;1;2;4;5;2
31;201;Pamplona - Iruña;3-019 -A;484;0;0;484;370;0;370;0;4;78;93;52;47;1;15;9;48;12;1;1;5;1;3
31;201;Pamplona - Iruña;3-019 -B;520;0;0;520;390;0;390;1;5;83;103;48;45;3;18;15;56;8;0;1;1;2;1
31;201;Pamplona - Iruña;3-019 -C;558;0;0;558;437;0;437;6;6;80;115;55;58;1;24;12;58;11;2;3;3;3;0
31;201;Pamplona - Iruña;3-020 -A;604;0;0;604;444;0;444;1;3;65;204;35;36;2;11;22;44;16;2;1;2;0;0
31;201;Pamplona - Iruña;3-020 -B;626;0;0;626;455;0;455;7;5;74;208;37;29;1;12;18;37;14;4;2;3;2;2
31;201;Pamplona - Iruña;3-021 -A;507;0;0;507;393;0;393;1;7;88;113;33;51;2;13;8;54;17;0;2;2;1;1
31;201;Pamplona - Iruña;3-021 -B;575;0;0;575;450;0;450;4;6;107;107;47;64;2;23;11;59;13;1;3;0;2;1
31;201;Pamplona - Iruña;3-022 -U;591;0;0;591;429;0;429;1;10;75;95;49;81;0;26;10;62;7;0;3;4;1;5
31;201;Pamplona - Iruña;3-023 -A;772;0;0;772;579;0;579;9;9;103;277;36;34;1;8;36;31;22;0;4;3;5;1
31;201;Pamplona - Iruña;3-023 -B;743;0;0;743;567;0;567;4;5;79;289;39;22;5;14;30;46;27;1;1;3;1;1
31;201;Pamplona - Iruña;3-024 -A;570;0;0;570;423;0;423;7;5;62;184;36;21;2;12;31;34;21;2;2;1;1;2
31;201;Pamplona - Iruña;3-024 -B;573;0;0;573;442;0;442;3;2;48;212;50;18;1;7;22;42;31;3;1;2;0;0
31;201;Pamplona - Iruña;3-024 -C;561;0;0;561;411;0;411;4;4;52;197;37;10;5;6;30;44;16;1;2;0;3;0
31;201;Pamplona - Iruña;3-025 -A;570;0;0;570;391;0;391;2;5;78;139;32;40;2;9;26;31;21;0;2;3;1;0
31;201;Pamplona - Iruña;3-025 -B;661;0;0;661;461;0;461;4;10;85;157;34;34;4;17;13;60;29;1;4;6;1;2
31;201;Pamplona - Iruña;3-025 -C;582;0;0;582;443;0;443;3;9;81;169;41;33;2;19;16;34;20;2;5;7;0;2
31;201;Pamplona - Iruña;3-026 -A;578;0;0;578;378;0;378;4;1;51;98;35;45;2;16;16;87;15;1;2;2;1;2
31;201;Pamplona - Iruña;3-026 -B;481;0;0;481;339;0;339;3;2;57;67;38;38;0;18;6;73;17;3;4;3;5;5
31;201;Pamplona - Iruña;3-027 -A;582;0;0;582;424;0;424;5;16;72;162;37;26;3;12;17;44;19;1;4;3;2;1
31;201;Pamplona - Iruña;3-027 -B;612;0;0;612;446;0;446;2;7;58;198;39;16;4;16;28;44;25;0;7;1;0;1
31;201;Pamplona - Iruña;4-001 -A;564;1;0;565;329;0;329;0;6;35;197;15;24;0;9;19;15;4;0;3;0;1;1
31;201;Pamplona - Iruña;4-001 -B;567;0;0;567;347;0;347;3;8;42;172;23;24;1;16;23;21;9;0;2;3;0;0
31;201;Pamplona - Iruña;4-002 -A;715;0;0;715;505;0;505;4;10;64;196;56;59;4;12;25;52;13;0;3;1;3;3
31;201;Pamplona - Iruña;4-002 -B;726;0;0;726;483;0;483;5;5;83;181;34;51;3;12;34;56;11;1;3;1;0;3
31;201;Pamplona - Iruña;4-003 -A;572;0;0;572;415;0;415;2;4;68;158;49;36;1;16;14;44;10;2;2;3;5;1
31;201;Pamplona - Iruña;4-003 -B;524;0;0;524;382;0;382;2;4;56;154;50;22;0;16;20;35;13;1;3;1;2;3
31;201;Pamplona - Iruña;4-004 -A;415;0;0;415;337;0;337;1;8;41;184;14;13;10;11;16;15;16;2;5;1;0;0
31;201;Pamplona - Iruña;4-004 -B;435;0;0;435;334;0;334;2;5;41;187;17;19;2;7;23;11;16;0;3;0;0;1
31;201;Pamplona - Iruña;4-005 -A;464;0;0;464;337;0;337;3;9;58;135;26;31;1;12;14;37;7;1;1;0;2;0
31;201;Pamplona - Iruña;4-005 -B;530;0;0;530;391;0;391;5;4;58;163;37;29;2;14;19;39;16;0;2;0;1;2
31;201;Pamplona - Iruña;4-006 -U;688;0;0;688;539;0;539;0;6;63;303;22;25;1;8;47;25;24;4;6;1;3;1
31;201;Pamplona - Iruña;4-007 -A;519;0;0;519;413;0;413;1;5;74;210;26;21;0;10;25;23;10;2;2;1;1;2
31;201;Pamplona - Iruña;4-007 -B;522;0;0;522;400;0;400;1;16;60;181;21;19;1;12;22;38;17;0;7;1;2;2
31;201;Pamplona - Iruña;4-008 -A;704;0;0;704;551;0;551;3;8;112;218;46;45;1;18;19;50;20;0;5;1;5;0
31;201;Pamplona - Iruña;4-008 -B;680;0;0;680;542;0;542;4;10;91;219;45;42;5;16;18;57;22;3;4;3;2;1
31;201;Pamplona - Iruña;4-009 -A;394;0;0;394;295;0;295;2;4;52;120;27;23;2;12;15;27;5;0;4;1;0;1
31;201;Pamplona - Iruña;4-009 -B;359;0;0;359;231;0;231;2;5;43;80;28;20;1;5;15;21;9;0;0;0;1;1
31;201;Pamplona - Iruña;4-010 -A;666;0;0;666;526;0;526;8;10;83;215;44;66;0;10;17;47;16;3;4;1;1;1
31;201;Pamplona - Iruña;4-010 -B;642;0;0;642;502;0;502;1;15;71;216;55;35;1;20;24;41;15;0;1;2;2;3
31;201;Pamplona - Iruña;4-011 -A;546;0;0;546;356;0;356;5;2;56;110;36;48;1;16;10;57;9;0;2;2;2;0
31;201;Pamplona - Iruña;4-011 -B;548;0;0;548;348;0;348;1;2;55;118;53;44;2;11;12;37;5;0;0;2;3;3
31;201;Pamplona - Iruña;4-012 -A;411;0;0;411;206;0;206;2;2;17;25;51;47;0;3;6;37;5;1;2;3;1;4
31;201;Pamplona - Iruña;4-012 -B;430;0;0;430;208;0;208;2;2;18;32;59;24;1;8;9;44;0;0;2;3;1;3
31;201;Pamplona - Iruña;4-013 -A;541;0;0;541;310;0;310;4;5;40;73;55;32;1;12;13;60;8;0;0;2;4;1
31;201;Pamplona - Iruña;4-013 -B;570;0;0;570;337;0;337;1;4;54;67;54;44;4;12;12;60;13;1;3;4;3;1
31;201;Pamplona - Iruña;4-014 -A;546;0;0;546;414;0;414;4;9;72;169;26;37;1;10;17;43;15;1;3;3;4;0
31;201;Pamplona - Iruña;4-014 -B;577;0;0;577;454;0;454;4;9;79;171;41;27;1;16;27;50;14;1;6;3;0;5
31;201;Pamplona - Iruña;4-015 -A;476;0;0;476;346;0;346;1;5;61;157;29;31;1;7;12;25;10;0;1;3;2;1
31;201;Pamplona - Iruña;4-015 -B;485;0;0;485;349;0;349;1;3;63;142;31;38;1;10;16;26;9;1;5;0;3;0
31;201;Pamplona - Iruña;4-016 -U;602;0;0;602;488;0;488;6;13;81;234;35;23;3;8;18;38;17;1;3;2;5;1
31;201;Pamplona - Iruña;4-017 -A;535;0;0;535;400;0;400;1;9;69;164;31;28;3;9;13;48;14;3;1;0;7;0
31;201;Pamplona - Iruña;4-017 -B;493;0;0;493;373;0;373;3;14;55;167;32;26;5;4;9;39;13;0;3;0;3;0
31;201;Pamplona - Iruña;4-017 -C;496;0;0;496;357;0;357;2;6;48;166;26;31;3;10;18;26;6;1;5;2;6;1
31;201;Pamplona - Iruña;4-018 -A;538;0;0;538;410;0;410;3;5;75;168;32;30;2;14;21;38;13;2;1;1;3;2
31;201;Pamplona - Iruña;4-018 -B;557;0;0;557;429;0;429;3;8;68;189;46;26;2;10;15;41;11;0;5;4;1;0
31;201;Pamplona - Iruña;4-018 -C;475;0;0;475;351;0;351;2;4;71;135;34;19;1;7;15;44;12;0;2;1;2;2
31;201;Pamplona - Iruña;4-019 -A;545;0;0;545;428;0;428;0;3;93;163;41;42;0;16;17;40;8;1;2;0;2;0
31;201;Pamplona - Iruña;4-019 -B;496;0;0;496;367;0;367;4;5;63;150;37;32;0;7;10;36;14;0;3;1;2;3
31;201;Pamplona - Iruña;4-020 -A;424;0;0;424;318;0;318;1;8;65;118;25;27;1;10;11;36;9;2;4;0;1;0
31;201;Pamplona - Iruña;4-020 -B;413;0;0;413;322;0;322;2;5;47;130;36;23;0;3;12;36;18;0;3;5;2;0
31;201;Pamplona - Iruña;4-021 -A;577;0;0;577;434;0;434;5;9;80;98;47;71;4;13;13;64;17;7;4;1;1;0
31;201;Pamplona - Iruña;4-021 -B;607;0;0;607;449;0;449;6;15;79;77;41;79;4;23;12;73;21;4;6;6;0;3
31;201;Pamplona - Iruña;4-021 -C;550;0;0;550;419;0;419;4;21;92;101;38;53;2;18;13;56;13;0;4;1;1;2
31;201;Pamplona - Iruña;4-022 -A;404;0;0;404;299;0;299;1;5;62;101;22;34;1;14;11;29;10;0;4;1;3;1
31;201;Pamplona - Iruña;4-022 -B;372;0;0;372;268;0;268;4;6;47;91;35;26;1;6;14;23;7;0;2;2;4;0
31;201;Pamplona - Iruña;4-024 -A;673;0;0;673;539;0;539;1;8;68;266;47;37;4;12;34;32;22;3;3;1;1;0
31;201;Pamplona - Iruña;4-024 -B;599;0;0;599;492;0;492;1;7;71;247;47;20;0;10;27;37;19;0;5;0;0;1
31;201;Pamplona - Iruña;4-025 -A;549;0;0;549;406;0;406;3;9;93;100;32;68;0;27;14;46;6;0;2;3;2;1
31;201;Pamplona - Iruña;4-025 -B;607;0;0;607;415;0;415;5;5;92;85;44;79;0;18;9;50;19;2;1;3;1;2
31;201;Pamplona - Iruña;4-025 -C;572;0;0;572;398;0;398;1;9;81;93;43;58;0;14;8;62;14;3;4;4;1;3
31;201;Pamplona - Iruña;4-026 -A;521;0;0;521;326;0;326;2;6;47;95;34;41;4;12;18;47;13;1;0;2;1;3
31;201;Pamplona - Iruña;4-026 -B;608;0;0;608;385;0;385;2;2;69;96;48;37;5;15;20;62;15;1;5;4;1;3
31;201;Pamplona - Iruña;4-026 -C;582;0;0;582;356;0;356;6;8;52;87;46;29;4;15;18;56;23;0;5;3;2;2
31;201;Pamplona - Iruña;5-001 -A;409;0;0;409;264;0;264;2;5;22;112;21;10;6;8;43;15;11;0;3;1;1;4
31;201;Pamplona - Iruña;5-001 -B;383;0;0;383;243;0;243;2;5;26;79;16;20;5;3;43;20;13;0;4;3;1;3
31;201;Pamplona - Iruña;5-002 -U;757;0;0;757;439;0;439;6;4;97;100;54;75;3;21;7;54;5;0;1;4;5;3
31;201;Pamplona - Iruña;5-003 -U;638;0;0;638;395;0;395;3;3;67;111;37;38;4;16;24;54;21;0;6;1;10;0
31;201;Pamplona - Iruña;5-004 -A;455;0;0;455;282;0;282;1;5;39;73;32;54;1;15;3;45;6;2;1;3;0;2
31;201;Pamplona - Iruña;5-004 -B;460;0;0;460;293;0;293;0;8;50;70;38;52;1;20;10;34;2;1;0;3;2;2
31;201;Pamplona - Iruña;5-005 -A;426;0;0;426;254;0;254;1;5;38;52;34;46;0;13;8;46;7;0;2;2;0;0
31;201;Pamplona - Iruña;5-005 -B;393;0;0;393;220;0;220;2;3;39;60;27;29;0;9;11;26;6;0;3;2;2;1
31;201;Pamplona - Iruña;5-006 -A;498;0;0;498;303;0;303;2;5;35;65;43;65;1;11;14;41;6;1;7;3;1;3
31;201;Pamplona - Iruña;5-006 -B;477;0;0;477;236;0;236;3;3;34;58;45;32;0;3;12;28;6;4;5;0;2;1
31;201;Pamplona - Iruña;5-007 -A;639;0;0;639;436;0;436;4;6;73;94;57;77;3;14;18;68;18;0;1;0;3;0
31;201;Pamplona - Iruña;5-007 -B;625;0;0;625;383;0;383;2;5;68;91;44;51;2;20;13;53;16;2;7;4;4;1
31;201;Pamplona - Iruña;5-008 -A;827;0;0;827;590;0;590;6;7;112;201;45;59;4;16;32;75;18;0;4;3;5;3
31;201;Pamplona - Iruña;5-008 -B;855;0;0;855;614;0;614;1;7;87;221;50;61;3;14;29;94;28;2;12;4;0;1
31;201;Pamplona - Iruña;5-009 -A;770;0;0;770;578;0;578;3;9;98;247;36;60;3;18;20;50;19;0;5;3;3;4
31;201;Pamplona - Iruña;5-009 -B;759;0;0;759;546;0;546;4;9;93;214;37;50;4;22;19;59;24;1;2;2;2;4
31;201;Pamplona - Iruña;5-010 -A;541;0;0;541;350;0;350;0;3;67;113;33;44;3;9;12;51;9;0;2;2;0;2
31;201;Pamplona - Iruña;5-010 -B;579;0;0;579;393;0;393;4;5;83;99;50;44;1;11;26;54;8;0;4;0;1;3
31;201;Pamplona - Iruña;5-011 -A;573;0;0;573;418;0;418;3;2;79;126;44;40;1;20;14;52;22;1;4;4;5;1
31;201;Pamplona - Iruña;5-011 -B;519;0;0;519;344;0;344;3;3;58;107;29;32;2;24;11;56;12;0;5;0;1;1
31;201;Pamplona - Iruña;5-012 -A;422;0;0;422;252;0;252;1;2;43;53;28;37;4;6;12;46;11;4;1;3;1;0
31;201;Pamplona - Iruña;5-012 -B;422;0;0;422;245;0;245;0;1;44;48;32;36;1;9;12;49;7;2;2;1;1;0
31;201;Pamplona - Iruña;6-001 -A;569;0;0;569;377;0;377;2;5;71;85;29;79;1;11;14;64;5;1;6;0;2;2
31;201;Pamplona - Iruña;6-001 -B;602;0;0;602;398;0;398;0;9;92;71;30;101;2;8;10;60;6;3;1;3;0;2
31;201;Pamplona - Iruña;6-002 -A;729;0;0;729;462;0;462;5;6;84;78;64;68;1;23;20;89;10;1;2;5;2;4
31;201;Pamplona - Iruña;6-002 -B;697;0;0;697;454;0;454;7;1;74;95;62;65;0;28;16;87;7;2;4;1;0;5
31;201;Pamplona - Iruña;6-003 -A;428;0;0;428;289;0;289;3;1;53;32;32;98;1;12;11;39;2;3;0;2;0;0
31;201;Pamplona - Iruña;6-003 -B;375;0;0;375;234;0;234;1;4;51;20;33;71;0;10;3;38;1;0;0;2;0;0
31;201;Pamplona - Iruña;6-004 -A;358;0;0;358;248;0;248;2;2;50;31;34;67;0;7;7;40;2;0;1;3;1;1
31;201;Pamplona - Iruña;6-004 -B;388;0;0;388;267;0;267;4;2;48;36;34;80;0;13;2;39;5;0;2;1;1;0
31;201;Pamplona - Iruña;6-005 -A;400;0;0;400;282;0;282;5;6;54;55;34;66;1;10;12;28;7;0;2;0;1;1
31;201;Pamplona - Iruña;6-005 -B;437;0;0;437;296;0;296;4;4;64;61;31;52;1;14;7;44;9;0;3;0;0;2
31;201;Pamplona - Iruña;6-006 -A;407;0;0;407;299;0;299;1;1;58;44;22;95;0;16;4;52;4;0;2;0;0;0
31;201;Pamplona - Iruña;6-006 -B;396;0;0;396;289;0;289;0;2;82;22;29;96;0;11;4;39;0;1;1;2;0;0
31;201;Pamplona - Iruña;6-007 -A;743;0;0;743;533;0;533;2;7;126;63;51;150;0;22;5;92;5;1;6;0;1;2
31;201;Pamplona - Iruña;6-007 -B;732;0;0;732;555;0;555;5;9;109;88;60;126;3;23;15;94;11;1;6;0;0;5
31;201;Pamplona - Iruña;6-009 -U;629;0;0;629;421;0;421;4;5;64;71;54;109;1;20;13;61;7;3;4;3;0;2
31;201;Pamplona - Iruña;6-010 -A;538;0;0;538;394;0;394;0;6;64;78;59;95;3;18;7;52;4;2;2;2;1;1
31;201;Pamplona - Iruña;6-010 -B;480;0;0;480;335;0;335;1;3;57;82;39;67;0;12;19;43;3;2;4;0;1;2
31;201;Pamplona - Iruña;6-011 -U;602;0;0;602;349;0;349;3;1;63;64;47;87;1;13;9;50;2;3;2;3;1;0
31;201;Pamplona - Iruña;6-012 -A;620;0;0;620;462;0;462;7;3;103;60;50;119;1;20;11;76;4;0;2;4;0;2
31;201;Pamplona - Iruña;6-012 -B;603;0;0;603;462;0;462;5;0;137;45;51;99;2;20;13;75;4;0;3;6;1;1
31;201;Pamplona - Iruña;6-013 -A;415;0;0;415;272;0;272;0;1;47;51;39;57;2;14;12;41;3;0;2;0;0;3
31;201;Pamplona - Iruña;6-013 -B;432;0;0;432;267;0;267;3;4;39;50;44;39;1;22;6;52;1;1;2;0;0;3
31;201;Pamplona - Iruña;6-014 -U;724;0;0;724;506;0;506;0;4;70;96;56;137;1;30;15;81;6;3;2;1;2;2
31;201;Pamplona - Iruña;6-015 -A;540;0;0;540;372;0;372;10;6;55;82;38;65;1;14;12;71;8;0;1;1;6;2
31;201;Pamplona - Iruña;6-015 -B;512;0;0;512;347;0;347;2;6;50;86;52;50;0;13;17;56;8;1;2;1;2;1
31;201;Pamplona - Iruña;6-016 -A;787;0;0;787;573;0;573;3;7;117;107;45;103;3;25;13;103;22;3;4;8;1;9
31;201;Pamplona - Iruña;6-016 -B;872;0;0;872;623;0;623;6;3;105;114;55;119;2;26;10;147;16;1;6;9;1;3
31;201;Pamplona - Iruña;7-001 -A;462;0;0;462;291;0;291;1;1;57;44;42;48;2;11;4;68;6;0;0;3;1;3
31;201;Pamplona - Iruña;7-001 -B;437;0;0;437;273;0;273;0;6;58;49;41;38;0;9;4;61;2;0;0;3;0;2
31;201;Pamplona - Iruña;7-002 -A;510;0;0;510;298;0;298;2;6;52;49;39;53;0;10;11;60;9;3;0;3;0;1
31;201;Pamplona - Iruña;7-002 -B;475;0;0;475;297;0;297;4;5;52;34;45;53;2;11;9;62;8;1;6;1;2;2
31;201;Pamplona - Iruña;7-002 -C;524;0;0;524;312;0;312;1;6;55;37;49;48;3;9;8;78;4;0;4;5;0;5
31;201;Pamplona - Iruña;7-003 -A;603;0;0;603;378;0;378;3;1;65;60;50;76;2;18;13;65;11;0;4;4;1;5
31;201;Pamplona - Iruña;7-003 -B;621;0;0;621;408;0;408;2;0;57;41;78;91;0;21;9;88;5;1;3;6;1;5
31;201;Pamplona - Iruña;7-004 -A;398;0;0;398;229;0;229;2;4;30;48;29;34;2;6;7;55;6;1;2;3;0;0
31;201;Pamplona - Iruña;7-004 -B;410;0;0;410;261;0;261;1;2;45;45;35;52;1;10;10;51;7;0;0;1;0;1
31;201;Pamplona - Iruña;7-005 -A;505;0;0;505;389;0;389;1;6;96;71;32;78;1;19;11;53;13;1;3;2;1;1
31;201;Pamplona - Iruña;7-005 -B;582;0;0;582;431;0;431;2;7;108;68;37;79;1;14;17;72;16;0;4;3;3;0
31;201;Pamplona - Iruña;7-005 -C;541;0;0;541;385;0;385;3;4;85;68;46;66;2;12;5;68;16;1;6;1;0;2
31;201;Pamplona - Iruña;7-006 -A;609;0;0;609;430;0;430;9;4;90;45;50;89;4;22;7;84;13;3;3;5;1;1
31;201;Pamplona - Iruña;7-006 -B;664;0;0;664;471;0;471;6;5;104;67;60;97;1;14;14;83;9;0;3;3;3;2
31;201;Pamplona - Iruña;7-006 -C;656;0;0;656;445;0;445;5;7;103;67;56;76;4;18;13;69;12;1;4;5;2;3
31;201;Pamplona - Iruña;7-007 -A;634;1;0;635;419;0;419;4;7;77;59;43;93;2;19;4;87;12;2;3;3;1;3
31;201;Pamplona - Iruña;7-007 -B;718;0;0;718;488;0;488;1;7;116;60;43;101;2;22;17;106;6;0;1;5;0;1
31;201;Pamplona - Iruña;7-007 -C;631;0;0;631;421;0;421;5;6;70;45;50;99;1;18;9;98;9;0;6;3;0;2
31;201;Pamplona - Iruña;7-008 -A;544;0;0;544;352;0;352;4;4;65;51;57;71;3;13;7;63;7;2;3;1;0;1
31;201;Pamplona - Iruña;7-008 -B;597;0;0;597;380;0;380;2;5;79;66;55;62;0;26;11;60;6;1;0;2;2;3
31;201;Pamplona - Iruña;7-009 -A;577;0;0;577;350;0;350;3;2;61;80;42;49;4;11;13;63;19;0;1;1;1;0
31;201;Pamplona - Iruña;7-009 -B;678;0;0;678;424;0;424;2;8;91;91;37;41;1;19;18;74;21;0;4;13;3;1
31;201;Pamplona - Iruña;7-009 -C;632;0;0;632;393;0;393;1;7;68;77;36;54;2;23;15;81;17;0;5;5;2;0
31;201;Pamplona - Iruña;7-010 -A;674;0;0;674;405;0;405;3;8;74;42;51;75;0;23;15;92;14;0;3;2;0;3
31;201;Pamplona - Iruña;7-010 -B;784;0;0;784;451;0;451;0;5;78;63;73;67;2;27;22;93;10;0;1;5;1;4
31;201;Pamplona - Iruña;7-011 -A;493;0;0;493;314;0;314;1;4;43;55;62;46;0;23;12;57;3;0;2;3;1;2
31;201;Pamplona - Iruña;7-011 -B;579;0;0;579;343;0;343;0;2;62;58;63;48;2;19;16;63;7;1;2;0;0;0
31;201;Pamplona - Iruña;7-011 -C;594;0;0;594;385;0;385;0;4;60;55;73;51;3;25;23;72;10;1;1;3;2;2
31;201;Pamplona - Iruña;7-012 -A;558;0;0;558;380;0;380;6;6;55;68;76;71;1;15;12;59;3;1;2;2;2;1
31;201;Pamplona - Iruña;7-012 -B;580;0;0;580;386;0;386;4;3;66;63;63;60;3;30;16;66;8;0;0;2;1;1
31;201;Pamplona - Iruña;7-013 -A;410;0;0;410;290;0;290;2;0;47;48;52;37;2;20;16;56;7;0;1;1;1;0
31;201;Pamplona - Iruña;7-013 -B;415;0;0;415;287;0;287;5;4;36;43;54;36;2;9;11;75;6;1;1;2;0;2
31;201;Pamplona - Iruña;7-014 -A;561;0;0;561;351;0;351;0;7;56;66;65;50;0;14;14;64;10;0;0;3;1;1
31;201;Pamplona - Iruña;7-014 -B;530;0;0;530;317;0;317;3;6;39;66;58;39;1;15;11;68;3;0;0;2;5;1
31;201;Pamplona - Iruña;7-015 -A;576;0;0;576;418;0;418;5;7;73;73;61;65;3;19;14;75;11;1;2;3;1;5
31;201;Pamplona - Iruña;7-015 -B;626;0;0;626;416;0;416;3;5;79;80;59;60;0;19;9;83;13;0;3;2;0;1
31;201;Pamplona - Iruña;7-016 -U;718;0;0;718;456;0;456;3;1;71;88;87;66;5;19;20;78;5;1;2;6;0;4
31;201;Pamplona - Iruña;7-017 -U;551;0;0;551;379;0;379;3;3;69;62;76;49;0;11;10;82;7;2;2;0;1;2
31;201;Pamplona - Iruña;7-018 -A;539;0;0;539;369;0;369;2;3;84;58;46;79;0;14;13;57;9;1;0;1;0;2
31;201;Pamplona - Iruña;7-018 -B;497;0;0;497;329;0;329;2;3;82;53;41;59;0;13;9;59;3;0;2;3;0;0
31;201;Pamplona - Iruña;7-019 -A;691;0;0;691;496;0;496;5;5;81;76;54;116;4;25;11;98;8;1;4;3;1;4
31;201;Pamplona - Iruña;7-019 -B;765;0;0;765;527;0;527;8;11;88;90;75;89;3;32;9;97;11;2;5;2;0;5
31;201;Pamplona - Iruña;7-020 -A;597;0;0;597;420;0;420;5;4;75;86;46;47;2;22;10;92;19;2;4;1;2;3
31;201;Pamplona - Iruña;7-020 -B;689;0;0;689;466;0;466;4;4;86;73;57;72;1;22;12;104;20;1;3;5;2;0
31;201;Pamplona - Iruña;7-021 -A;465;0;0;465;304;0;304;1;4;69;36;32;48;1;15;10;70;11;1;1;3;1;1
31;201;Pamplona - Iruña;7-021 -B;475;0;0;475;327;0;327;1;5;83;37;40;62;0;8;13;74;1;0;1;1;0;1
31;201;Pamplona - Iruña;7-022 -A;548;0;0;548;371;0;371;4;6;94;73;30;56;2;17;9;56;18;0;2;1;2;1
31;201;Pamplona - Iruña;7-022 -B;561;0;0;561;389;0;389;4;7;95;56;33;52;1;22;8;83;18;2;2;5;0;1
31;201;Pamplona - Iruña;7-023 -A;719;0;0;719;428;0;428;1;10;93;59;50;47;6;22;17;85;26;2;1;5;0;4
31;201;Pamplona - Iruña;7-023 -B;712;0;0;712;421;0;421;3;5;83;76;41;64;3;29;5;80;17;1;3;8;3;3
31;201;Pamplona - Iruña;7-023 -C;594;0;0;594;366;0;366;3;7;85;48;38;46;2;14;5;81;20;0;6;0;3;8
31;201;Pamplona - Iruña;7-023 -D;815;0;0;815;478;0;478;4;8;82;80;38;75;2;21;15;112;29;1;6;3;1;1
31;201;Pamplona - Iruña;8-001 -A;506;0;0;506;352;0;352;3;5;79;47;34;57;1;16;7;88;10;0;1;3;1;0
31;201;Pamplona - Iruña;8-001 -B;578;0;0;578;414;0;414;5;8;64;54;41;68;4;21;7;109;11;1;13;3;1;4
31;201;Pamplona - Iruña;8-002 -A;620;0;0;620;468;0;468;5;6;118;77;35;92;1;23;8;76;10;3;4;5;1;4
31;201;Pamplona - Iruña;8-002 -B;675;0;0;675;499;0;499;7;9;99;98;42;72;3;18;13;98;19;2;3;7;5;4
31;201;Pamplona - Iruña;8-002 -C;649;0;0;649;462;0;462;3;10;98;78;38;70;4;17;17;99;10;1;2;4;7;4
31;201;Pamplona - Iruña;8-003 -A;593;0;0;593;430;0;430;4;6;105;49;40;65;6;24;6;97;10;2;7;6;1;2
31;201;Pamplona - Iruña;8-003 -B;699;0;0;699;512;0;512;5;1;131;65;51;73;4;15;14;119;20;1;2;5;0;6
31;201;Pamplona - Iruña;8-003 -C;669;0;0;669;487;0;487;1;2;89;71;58;78;1;27;13;113;21;1;7;3;1;1
31;201;Pamplona - Iruña;8-004 -A;589;0;0;589;441;0;441;4;12;99;48;37;87;1;20;9;101;11;3;5;3;0;1
31;201;Pamplona - Iruña;8-004 -B;544;0;0;544;405;0;405;2;5;85;71;38;73;3;24;9;81;6;1;4;1;1;1
31;201;Pamplona - Iruña;8-005 -A;489;0;0;489;370;0;370;3;6;94;60;39;47;1;26;7;64;11;1;4;1;2;4
31;201;Pamplona - Iruña;8-005 -B;473;0;0;473;362;0;362;3;5;86;59;35;42;2;17;9;74;13;5;3;5;1;3
31;201;Pamplona - Iruña;8-006 -A;486;0;0;486;341;0;341;2;7;64;90;36;25;3;18;9;59;11;1;8;3;3;2
31;201;Pamplona - Iruña;8-006 -B;514;0;0;514;379;0;379;2;13;57;89;39;31;8;12;19;67;26;2;2;6;2;4
31;202;Peralta - Azkoien;1-001 -A;393;0;0;393;272;0;272;4;7;15;128;43;13;1;10;13;26;6;0;2;2;0;2
31;202;Peralta - Azkoien;1-001 -B;452;0;0;452;302;0;302;7;11;21;123;60;9;2;9;17;31;7;0;1;1;1;2
31;202;Peralta - Azkoien;1-002 -A;699;0;0;699;513;0;513;14;15;60;163;103;12;3;34;15;79;9;0;1;2;0;3
31;202;Peralta - Azkoien;1-002 -B;665;0;0;665;502;0;502;4;15;49;171;94;24;3;35;14;77;12;1;0;2;0;1
31;202;Peralta - Azkoien;2-001 -A;709;0;0;709;542;0;542;9;15;45;217;84;23;4;31;11;70;21;0;4;4;2;2
31;202;Peralta - Azkoien;2-001 -B;711;0;0;711;556;0;556;6;22;35;236;86;12;4;18;25;81;27;0;2;1;0;1
31;202;Peralta - Azkoien;2-001 -C;689;0;0;689;521;0;521;12;11;51;175;87;15;1;41;10;88;20;2;4;3;1;0
31;203;Petilla de Aragón;1-001 -U;39;0;0;39;32;0;32;0;1;5;8;7;0;1;1;3;1;4;0;0;0;0;1
31;204;Piedramillera;1-001 -U;38;0;0;38;33;0;33;0;1;3;16;1;4;0;1;4;2;1;0;0;0;0;0
31;205;Pitillas;1-001 -U;439;0;0;439;312;0;312;2;10;26;69;94;31;1;8;16;45;6;1;1;1;1;0
31;206;Puente la Reina - Gares;1-001 -A;512;0;0;512;416;0;416;9;10;64;102;39;75;1;21;15;55;4;7;2;6;3;3
31;206;Puente la Reina - Gares;1-001 -B;506;0;0;506;383;0;383;6;13;64;105;28;84;3;8;12;43;4;2;3;2;5;1
31;206;Puente la Reina - Gares;1-002 -A;539;0;0;539;417;0;417;6;16;80;106;25;77;3;16;20;46;14;0;4;0;1;3
31;206;Puente la Reina - Gares;1-002 -B;548;0;0;548;425;0;425;8;19;67;103;40;71;5;7;24;55;16;2;1;5;0;2
31;207;Pueyo;1-001 -U;275;0;0;275;206;0;206;4;2;24;48;14;70;2;5;6;23;1;3;0;1;0;3
31;208;Ribaforada;1-001 -A;412;0;0;412;342;0;342;15;6;27;92;104;4;0;30;21;26;10;1;1;2;1;2
31;208;Ribaforada;1-001 -B;515;0;0;515;415;0;415;8;7;30;106;129;2;3;32;41;42;9;1;2;1;0;2
31;208;Ribaforada;2-001 -A;507;0;0;507;397;0;397;5;9;49;86;129;8;1;21;25;53;2;1;0;4;0;4
31;208;Ribaforada;2-001 -B;552;0;0;552;409;0;409;5;5;41;57;185;8;0;20;23;54;8;0;1;1;1;0
31;208;Ribaforada;2-001 -C;592;0;0;592;451;0;451;8;6;28;103;173;8;3;24;30;52;12;0;0;2;0;2
31;209;Romanzado;1-001 -U;156;0;0;156;111;0;111;4;2;14;24;7;24;1;3;4;27;0;0;0;0;0;1
31;210;Roncal - Erronkari;1-001 -U;203;0;0;203;165;0;165;1;5;39;37;21;34;2;5;6;11;3;0;0;0;1;0
31;212;Sada;1-001 -U;158;0;0;158;109;0;109;0;4;7;67;14;2;0;1;3;11;0;0;0;0;0;0
31;213;Saldías;1-001 -U;108;0;0;108;67;0;67;0;0;15;4;1;33;0;0;2;11;1;0;0;0;0;0
31;214;Salinas de Oro - Jaitz;1-001 -U;94;0;0;94;64;0;64;1;0;18;11;5;13;0;5;2;5;2;0;0;2;0;0
31;215;San Adrián;1-001 -A;579;0;0;579;384;0;384;3;10;12;146;122;8;0;3;19;43;12;0;2;2;0;2
31;215;San Adrián;1-001 -B;506;0;0;506;345;0;345;5;9;18;121;96;6;1;6;21;38;15;1;0;4;1;3
31;215;San Adrián;1-002 -A;766;0;0;766;550;1;551;20;20;17;193;174;5;2;8;41;44;20;0;3;3;0;1
31;215;San Adrián;1-002 -B;724;0;0;724;532;0;532;10;10;19;191;185;6;7;2;34;41;20;0;2;3;2;0
31;215;San Adrián;2-001 -A;646;0;0;646;450;0;450;9;5;11;159;153;12;1;2;27;41;14;0;2;10;1;3
31;215;San Adrián;2-001 -B;563;0;0;563;398;0;398;11;8;10;144;117;1;1;7;23;59;14;1;1;1;0;0
31;215;San Adrián;2-002 -A;462;0;0;462;321;0;321;10;4;11;114;117;5;1;4;7;31;11;0;1;3;0;2
31;215;San Adrián;2-002 -B;407;0;0;407;277;0;277;10;8;6;81;87;5;1;5;20;36;13;0;1;2;1;1
31;217;San Martín de Unx;1-001 -U;342;0;0;342;235;0;235;5;6;17;86;30;27;0;6;17;27;1;4;2;7;0;0
31;216;Sangüesa - Zangoza;1-001 -A;700;0;0;700;492;0;492;3;20;80;151;58;58;4;14;16;66;15;1;2;2;0;2
31;216;Sangüesa - Zangoza;1-001 -B;742;0;0;742;518;0;518;8;20;90;165;61;54;3;12;13;63;10;5;3;6;0;5
31;216;Sangüesa - Zangoza;2-001 -A;396;0;0;396;291;0;291;1;2;41;90;26;36;2;15;17;47;3;3;2;2;0;4
31;216;Sangüesa - Zangoza;2-001 -B;397;0;0;397;317;0;317;4;4;55;101;34;37;2;19;5;44;5;1;2;1;0;3
31;216;Sangüesa - Zangoza;2-002 -A;502;0;0;502;341;0;341;2;11;57;94;32;42;3;13;5;65;8;1;1;5;0;2
31;216;Sangüesa - Zangoza;2-002 -B;627;0;0;627;402;1;403;7;7;67;105;52;52;1;16;9;66;7;3;0;2;0;9
31;216;Sangüesa - Zangoza;2-002 -C;528;0;0;528;362;0;362;2;9;58;115;41;33;0;7;12;58;14;1;2;5;0;5
31;219;Sansol;1-001 -U;87;0;0;87;66;0;66;2;2;6;23;18;3;2;2;2;4;0;0;0;1;0;1
31;220;Santacara;1-001 -A;361;0;0;361;280;0;280;2;5;10;120;54;10;1;9;23;33;5;2;1;1;1;3
31;220;Santacara;1-001 -B;387;0;0;387;308;0;308;6;5;14;133;55;8;1;8;11;51;14;1;0;1;0;0
31;222;Sarriés - Sartze;1-001 -U;63;0;0;63;39;0;39;0;4;9;1;5;11;1;3;0;4;0;0;0;0;0;1
31;223;Sartaguda;1-001 -A;412;0;0;412;303;0;303;5;7;20;94;62;39;2;10;11;33;10;1;0;6;0;3
31;223;Sartaguda;1-001 -B;597;0;0;597;449;0;449;8;5;46;104;97;97;1;9;15;58;4;0;0;5;0;0
31;224;Sesma;1-001 -A;467;0;0;467;337;0;337;2;7;15;101;132;10;0;17;14;32;5;1;1;0;0;0
31;224;Sesma;1-001 -B;454;0;0;454;345;0;345;3;8;15;110;143;10;0;13;13;27;2;0;0;0;1;0
31;225;Sorlada;1-001 -U;36;0;0;36;32;0;32;0;0;8;6;8;2;0;0;1;4;3;0;0;0;0;0
31;226;Sunbilla;1-001 -U;582;0;0;582;350;0;350;5;3;133;24;12;141;1;2;6;22;1;0;0;0;0;0
31;227;Tafalla;1-001 -U;552;0;0;552;508;1;509;4;12;64;181;49;109;1;11;6;53;12;1;1;1;0;4
31;227;Tafalla;1-002 -A;685;0;0;685;424;0;424;6;11;66;125;52;92;1;8;7;45;4;1;2;2;1;1
31;227;Tafalla;1-002 -B;619;0;0;619;458;0;458;13;5;76;140;51;94;1;13;8;48;3;1;4;1;0;0
31;227;Tafalla;1-002 -C;497;0;0;497;373;1;374;8;9;42;121;47;65;0;12;6;41;13;1;4;1;1;3
31;227;Tafalla;1-003 -A;451;0;0;451;306;0;306;1;6;55;73;50;58;2;12;3;40;2;0;0;2;1;1
31;227;Tafalla;1-003 -B;546;0;0;546;374;1;375;12;7;44;68;68;96;0;13;4;56;3;1;2;1;0;0
31;227;Tafalla;1-003 -C;505;0;0;505;366;1;367;6;5;37;82;76;70;1;12;8;49;7;0;2;8;0;4
31;227;Tafalla;2-001 -A;489;0;0;489;380;0;380;11;10;47;84;35;95;0;9;7;74;4;0;2;0;0;2
31;227;Tafalla;2-001 -B;535;0;0;535;421;0;421;8;9;66;87;59;94;1;9;6;65;8;1;4;2;0;2
31;227;Tafalla;2-001 -C;470;0;0;470;365;1;366;11;7;40;100;38;99;1;3;5;51;5;3;0;2;0;1
31;227;Tafalla;2-002 -A;631;0;0;631;458;1;459;6;15;44;68;43;180;0;16;3;67;8;0;0;5;2;2
31;227;Tafalla;2-002 -B;655;0;0;655;469;0;469;3;12;40;85;59;160;1;12;6;71;7;3;3;3;1;3
31;227;Tafalla;2-003 -A;491;0;0;491;351;1;352;2;8;38;58;66;95;1;22;3;50;1;0;3;3;2;0
31;227;Tafalla;2-003 -B;439;0;0;439;309;1;310;1;4;27;41;67;100;1;9;3;46;4;0;4;2;0;1
31;227;Tafalla;2-004 -U;696;0;0;696;502;1;503;6;12;66;87;55;120;0;23;10;100;10;4;3;3;1;3
31;228;Tiebas-Muruarte de Reta;1-001 -U;489;0;0;489;377;0;377;4;13;55;85;50;23;4;14;16;72;24;2;5;6;0;4
31;229;Tirapu;1-001 -U;49;0;0;49;38;0;38;0;0;1;6;2;6;0;0;12;8;2;0;0;0;1;0
31;230;Torralba del Río;1-001 -U;107;0;0;107;84;0;84;0;1;12;39;9;4;0;2;6;11;0;0;0;0;0;0
31;231;Torres del Río;1-001 -U;118;0;0;118;84;0;84;0;2;3;36;12;3;0;2;6;14;6;0;0;0;0;0
31;232;Tudela;1-001 -A;679;0;0;679;399;0;399;6;9;16;117;82;17;8;37;25;63;11;1;2;4;0;1
31;232;Tudela;1-001 -B;623;0;0;623;382;0;382;6;10;28;102;50;19;9;41;31;58;15;4;3;3;2;1
31;232;Tudela;1-002 -A;456;0;0;456;302;0;302;7;13;18;84;44;19;4;26;21;43;12;0;3;5;1;2
31;232;Tudela;1-002 -B;475;0;0;475;336;0;336;7;7;24;83;43;30;6;42;20;41;20;2;5;4;0;2
31;232;Tudela;2-001 -A;464;0;0;464;295;0;295;6;6;22;70;37;20;5;25;16;68;13;2;2;3;0;0
31;232;Tudela;2-001 -B;467;0;0;467;310;0;310;5;8;20;76;67;23;2;33;11;39;13;4;2;3;1;3
31;232;Tudela;2-001 -C;307;0;0;307;233;0;233;2;4;6;95;28;13;5;17;18;30;10;2;0;2;1;0
31;232;Tudela;2-002 -A;683;0;0;683;444;0;444;2;11;29;146;63;25;8;33;27;59;27;0;5;2;2;5
31;232;Tudela;2-002 -B;747;0;0;747;461;0;461;2;5;23;140;70;18;6;42;37;71;35;1;4;4;1;2
31;232;Tudela;2-003 -A;446;0;0;446;315;0;315;6;3;20;149;38;8;2;18;32;16;18;0;3;1;0;1
31;232;Tudela;2-003 -B;513;0;0;513;349;0;349;8;9;13;151;44;2;3;21;51;16;23;0;2;3;0;3
31;232;Tudela;2-004 -A;672;0;0;672;439;0;439;9;14;32;109;69;10;9;40;36;65;34;1;4;4;0;3
31;232;Tudela;2-004 -B;715;0;0;715;439;0;439;5;17;25;107;82;18;5;34;34;60;38;3;6;3;0;2
31;232;Tudela;2-004 -C;722;0;0;722;483;0;483;9;14;39;115;72;22;7;63;30;66;29;2;6;6;1;2
31;232;Tudela;2-005 -U;687;0;0;687;452;0;452;11;8;23;188;64;14;6;31;31;57;16;0;1;1;0;1
31;232;Tudela;2-006 -A;467;0;0;467;323;0;323;5;8;19;70;67;8;6;32;19;55;22;0;4;7;0;1
31;232;Tudela;2-006 -B;459;0;0;459;330;0;330;8;7;17;88;57;18;10;31;23;49;12;0;3;6;1;0
31;232;Tudela;3-001 -A;598;1;0;599;395;0;395;2;6;24;176;58;7;2;14;41;41;17;0;2;2;1;2
31;232;Tudela;3-001 -B;689;0;0;689;455;0;455;14;16;17;179;51;12;8;21;46;62;22;0;2;4;1;0
31;232;Tudela;3-002 -A;479;0;0;479;325;0;325;6;10;19;96;67;11;2;27;31;41;9;0;3;3;0;0
31;232;Tudela;3-002 -B;420;0;0;420;283;0;283;3;6;16;89;60;8;3;27;27;25;13;0;1;2;1;2
31;232;Tudela;3-003 -A;547;0;0;547;374;0;374;5;12;24;102;67;12;3;35;30;54;27;0;2;1;0;0
31;232;Tudela;3-003 -B;615;0;0;615;402;0;402;9;8;31;114;69;12;5;43;35;56;17;0;2;0;0;1
31;232;Tudela;3-004 -A;477;0;0;477;319;0;319;3;11;18;119;53;4;5;16;29;36;20;0;4;1;0;0
31;232;Tudela;3-004 -B;565;0;0;565;384;0;384;5;9;25;136;64;11;3;38;31;41;14;2;2;3;0;0
31;232;Tudela;3-004 -C;465;0;0;465;305;0;305;3;12;25;94;42;6;6;18;33;36;23;1;1;3;0;2
31;232;Tudela;3-005 -A;627;0;0;627;414;0;414;7;11;23;96;79;18;7;30;36;59;34;1;1;10;0;2
31;232;Tudela;3-005 -B;741;0;0;741;491;0;491;9;9;37;111;88;14;12;36;39;93;33;0;2;6;1;1
31;232;Tudela;3-005 -C;649;0;0;649;414;0;414;8;10;31;78;97;8;8;40;27;72;29;2;0;4;0;0
31;232;Tudela;3-006 -U;706;0;0;706;430;0;430;6;4;18;130;112;10;8;32;19;70;11;2;3;4;0;1
31;232;Tudela;3-007 -A;646;0;0;646;458;0;458;8;23;41;135;47;16;8;38;45;52;32;1;4;6;1;1
31;232;Tudela;3-007 -B;648;0;0;648;487;0;487;15;20;33;150;69;11;12;39;37;59;34;2;4;1;0;1
31;232;Tudela;4-001 -U;617;0;0;617;387;0;387;3;9;11;109;66;20;8;27;39;74;18;1;2;0;0;0
31;232;Tudela;4-002 -A;586;1;0;587;356;0;356;8;8;18;65;99;12;4;38;31;48;11;2;0;9;1;2
31;232;Tudela;4-002 -B;622;0;0;622;388;0;388;8;9;17;71;116;14;5;35;27;61;15;1;0;7;0;2
31;232;Tudela;4-003 -A;588;0;0;588;366;0;366;7;11;17;80;68;13;8;33;39;63;15;0;3;7;1;1
31;232;Tudela;4-003 -B;568;0;0;568;403;0;403;5;5;21;97;81;15;9;40;25;75;15;0;4;8;1;2
31;232;Tudela;4-004 -A;631;0;0;631;375;0;375;21;5;21;78;86;13;5;32;18;69;15;2;3;4;2;1
31;232;Tudela;4-004 -B;732;0;0;732;506;0;506;17;7;35;101;106;16;7;54;28;105;21;1;1;5;2;0
31;232;Tudela;4-005 -A;448;0;0;448;304;0;304;4;15;26;80;48;16;10;21;29;33;18;0;0;2;0;2
31;232;Tudela;4-005 -B;483;0;0;483;313;0;313;4;11;16;89;59;15;3;15;30;49;18;1;1;1;0;1
31;232;Tudela;4-006 -A;725;0;0;725;519;0;519;9;12;34;113;80;20;4;56;27;108;38;1;3;12;1;1
31;232;Tudela;4-006 -B;693;0;0;693;479;0;479;10;10;29;129;71;28;4;48;23;92;15;1;4;13;0;2
31;233;Tulebras;1-001 -U;99;0;0;99;76;0;76;2;0;3;28;15;0;0;3;12;7;3;2;0;1;0;0
31;234;Ucar;1-001 -U;147;0;0;147;104;0;104;0;2;13;32;12;8;1;5;5;20;4;0;0;0;1;1
31;123;Uharte Arakil;1-001 -U;663;0;0;663;435;0;435;7;7;87;80;25;155;0;4;15;39;5;1;2;1;3;4
31;235;Ujué;1-001 -U;167;0;0;167;129;0;129;3;4;17;23;19;34;0;3;3;18;3;0;1;0;1;0
31;236;Ultzama;1-001 -A;668;0;0;668;457;0;457;3;19;118;131;14;101;2;2;15;39;7;2;2;1;0;1
31;236;Ultzama;1-001 -B;657;0;0;657;490;0;490;9;6;117;123;12;118;2;16;31;48;4;0;0;1;1;2
31;237;Unciti;1-001 -U;193;0;0;193;156;0;156;1;2;35;56;9;7;0;8;3;19;10;2;0;2;0;2
31;238;Unzué - Untzue;1-001 -U;110;0;0;110;95;0;95;1;3;13;18;11;16;0;4;0;22;6;1;0;0;0;0
31;239;Urdazubi - Urdax;1-001 -U;313;0;0;313;274;0;274;7;14;102;65;7;45;0;2;8;12;9;1;0;2;0;0
31;240;Urdiain;1-001 -U;534;0;0;534;341;0;341;0;9;92;24;10;153;0;4;4;37;3;1;0;4;0;0
31;241;Urraul Alto;1-001 -U;135;0;0;135;113;0;113;2;7;19;37;6;9;0;9;7;12;4;0;1;0;0;0
31;242;Urraul Bajo;1-001 -U;253;0;0;253;173;0;173;2;5;19;64;5;31;0;4;8;24;7;1;1;0;0;2
31;244;Urroz;1-001 -U;158;0;0;158;101;0;101;0;5;32;9;5;27;1;2;4;7;3;3;1;0;1;1
31;243;Urroz-Villa;1-001 -U;323;0;0;323;241;0;241;6;8;35;61;15;66;1;7;1;27;10;0;4;0;0;0
31;245;Urzainqui - Urzainki;1-001 -U;84;0;0;84;55;0;55;0;3;11;20;2;12;0;3;0;2;0;2;0;0;0;0
31;246;Uterga;1-001 -U;140;0;0;140;104;0;104;0;5;18;28;4;16;0;9;2;17;3;0;0;1;0;1
31;247;Uztárroz - Uztarroze;1-001 -U;155;0;0;155;113;0;113;0;0;21;37;4;39;0;2;2;6;1;0;1;0;0;0
31;86;Valle de Egüés - Eguesibar;1-001 -A;356;0;0;356;271;0;271;2;4;44;125;11;37;2;7;5;15;12;0;4;1;1;1
31;86;Valle de Egüés - Eguesibar;1-001 -B;422;0;0;422;305;0;305;1;4;57;141;9;24;3;5;13;23;19;0;3;1;2;0
31;86;Valle de Egüés - Eguesibar;1-001 -C;318;0;0;318;246;0;246;0;3;74;57;10;29;1;10;7;38;9;1;1;3;1;2
31;86;Valle de Egüés - Eguesibar;1-001 -D;562;0;0;562;420;0;420;3;4;69;159;24;42;4;8;13;59;25;0;7;1;1;1
31;86;Valle de Egüés - Eguesibar;1-004 -A;745;0;0;745;572;0;572;2;11;59;317;24;12;4;9;51;19;50;2;3;6;2;1
31;86;Valle de Egüés - Eguesibar;1-004 -B;733;0;0;733;524;0;524;4;18;59;272;25;13;9;3;62;14;36;0;5;1;2;1
31;86;Valle de Egüés - Eguesibar;1-005 -A;462;0;0;462;372;0;372;2;7;36;206;15;9;0;6;28;28;31;0;2;1;1;0
31;86;Valle de Egüés - Eguesibar;1-005 -B;525;0;0;525;395;0;395;4;8;45;208;14;7;3;8;39;16;38;1;1;0;2;1
31;86;Valle de Egüés - Eguesibar;1-006 -A;725;0;0;725;546;0;546;2;9;145;70;62;56;1;34;12;121;15;1;7;3;2;6
31;86;Valle de Egüés - Eguesibar;1-006 -B;807;5;0;812;593;0;593;1;8;133;98;47;52;1;40;14;152;22;2;5;10;3;5
31;86;Valle de Egüés - Eguesibar;1-007 -A;756;0;0;756;563;0;563;4;11;144;99;44;81;2;31;16;95;20;0;9;1;3;3
31;86;Valle de Egüés - Eguesibar;1-007 -B;797;0;0;797;585;0;585;4;7;123;109;35;72;2;25;16;141;27;0;14;5;2;3
31;86;Valle de Egüés - Eguesibar;1-008 -A;541;0;0;541;392;0;392;0;6;100;51;18;63;2;18;7;89;25;2;4;4;3;0
31;86;Valle de Egüés - Eguesibar;1-008 -B;552;0;0;552;399;0;399;0;9;103;59;27;54;2;29;12;76;12;3;4;5;3;1
31;86;Valle de Egüés - Eguesibar;1-009 -A;611;0;0;611;456;0;456;3;14;108;70;34;70;1;23;8;92;20;1;4;4;1;3
31;86;Valle de Egüés - Eguesibar;1-009 -B;682;0;0;682;508;0;508;2;8;127;65;41;89;4;24;7;106;22;1;6;4;1;1
31;86;Valle de Egüés - Eguesibar;1-009 -C;602;0;0;602;419;0;419;1;6;96;57;36;65;3;20;7;102;14;1;4;1;1;5
31;86;Valle de Egüés - Eguesibar;1-010 -A;807;0;0;807;597;0;597;3;5;155;84;35;88;2;33;11;129;28;0;0;5;6;13
31;86;Valle de Egüés - Eguesibar;1-010 -B;856;0;0;856;597;0;597;3;12;142;71;56;83;2;33;11;136;21;1;11;3;4;8
31;86;Valle de Egüés - Eguesibar;1-011 -A;523;0;0;523;390;0;390;7;10;89;53;32;53;3;25;4;84;16;2;6;1;3;2
31;86;Valle de Egüés - Eguesibar;1-011 -B;569;0;0;569;418;0;418;8;6;99;65;33;51;4;27;7;72;17;2;7;14;4;2
31;260;Valle de Yerri - Deierri;1-001 -A;440;0;0;440;280;0;280;2;11;54;71;17;72;1;7;10;26;4;0;4;0;0;1
31;260;Valle de Yerri - Deierri;1-001 -B;396;0;0;396;269;0;269;4;5;33;84;23;60;2;7;15;27;4;2;1;1;0;1
31;260;Valle de Yerri - Deierri;1-001 -C;402;0;0;402;268;0;268;2;5;36;87;17;67;0;3;7;30;6;2;0;3;0;3
31;249;Valtierra;1-001 -A;610;0;0;610;424;0;424;16;15;14;120;190;8;1;10;7;36;4;0;0;2;0;1
31;249;Valtierra;1-001 -B;515;0;0;515;366;1;367;19;11;18;127;126;10;1;15;7;28;3;0;2;0;0;0
31;249;Valtierra;2-001 -A;393;0;0;393;307;1;308;15;7;21;72;132;16;2;6;4;22;9;0;0;0;0;2
31;249;Valtierra;2-001 -B;366;0;0;366;289;0;289;8;12;12;84;108;9;0;14;8;29;3;0;1;1;0;0
31;251;Viana;1-001 -A;513;0;0;513;371;0;371;7;2;62;142;45;36;2;7;14;36;13;0;1;3;0;1
31;251;Viana;1-001 -B;529;0;0;529;386;0;386;12;4;59;146;75;21;2;7;12;27;17;0;2;1;1;0
31;251;Viana;1-001 -C;419;0;0;419;308;0;308;2;4;43;112;51;23;1;4;8;43;7;2;3;3;1;1
31;251;Viana;1-002 -A;532;0;0;532;385;0;385;7;12;57;94;81;44;3;7;3;53;13;1;5;3;1;1
31;251;Viana;1-002 -B;579;0;0;579;415;0;415;10;8;60;103;97;29;2;5;12;67;17;1;0;4;0;0
31;251;Viana;2-001 -U;560;0;0;560;386;0;386;4;12;45;97;98;38;0;5;17;42;14;0;4;7;0;3
31;252;Vidángoz - Bidankoze;1-001 -U;88;0;0;88;62;0;62;0;0;12;18;0;22;1;0;4;4;0;1;0;0;0;0
31;254;Villafranca;1-001 -A;560;0;0;560;435;0;435;5;2;24;194;124;21;0;4;8;41;9;0;1;0;1;1
31;254;Villafranca;1-001 -B;572;0;0;572;457;0;457;5;3;33;176;148;11;0;9;7;53;10;0;2;0;0;0
31;254;Villafranca;2-001 -A;387;0;0;387;295;0;295;3;7;18;90;88;22;2;15;6;33;6;0;0;3;1;1
31;254;Villafranca;2-001 -B;403;0;0;403;326;0;326;2;1;23;92;97;22;1;13;4;54;12;1;1;1;1;1
31;255;Villamayor de Monjardín;1-001 -U;100;0;0;100;73;0;73;1;1;5;32;13;6;0;2;1;10;1;0;0;0;1;0
31;257;Villatuerta;1-001 -A;457;0;0;457;340;0;340;10;10;58;93;44;43;2;4;11;45;9;0;1;6;0;4
31;257;Villatuerta;1-001 -B;401;0;0;401;307;0;307;0;8;64;80;46;35;2;11;3;36;12;3;2;4;0;1
31;258;Villava - Atarrabia;1-001 -A;614;0;0;614;437;0;437;3;5;96;89;24;112;3;17;6;62;9;0;2;2;2;5
31;258;Villava - Atarrabia;1-001 -B;634;0;0;634;445;0;445;5;8;91;82;34;113;0;12;10;69;12;2;2;3;0;2
31;258;Villava - Atarrabia;1-001 -C;512;0;0;512;357;0;357;7;5;78;55;28;100;0;12;11;49;4;2;1;2;0;3
31;258;Villava - Atarrabia;2-001 -A;629;0;0;629;451;0;451;6;4;104;70;32;140;3;20;3;43;13;2;6;4;0;1
31;258;Villava - Atarrabia;2-001 -B;631;0;0;631;463;0;463;4;6;95;75;29;133;4;26;3;69;9;2;1;5;0;2
31;258;Villava - Atarrabia;2-002 -A;575;0;0;575;431;0;431;5;5;80;67;58;108;0;16;4;62;9;3;3;7;1;3
31;258;Villava - Atarrabia;2-002 -B;580;0;0;580;414;0;414;4;5;78;70;51;88;2;16;8;69;13;0;5;3;2;0
31;258;Villava - Atarrabia;2-002 -C;514;0;0;514;366;0;366;3;8;83;53;39;80;1;19;5;59;9;2;2;1;0;2
31;258;Villava - Atarrabia;2-003 -A;811;0;0;811;603;0;603;6;7;149;146;34;128;1;24;8;72;13;5;2;7;1;0
31;258;Villava - Atarrabia;2-003 -B;818;0;0;818;595;0;595;4;4;143;128;48;133;0;19;13;81;10;1;3;6;0;2
31;258;Villava - Atarrabia;2-004 -A;760;0;0;760;588;0;588;6;6;151;72;72;157;3;27;3;76;6;2;2;2;1;2
31;258;Villava - Atarrabia;2-004 -B;737;0;0;737;566;0;566;7;8;112;77;68;129;1;19;9;96;14;3;4;9;4;6
31;261;Yesa;1-001 -U;241;0;0;241;195;0;195;2;4;18;68;27;21;2;8;10;20;5;1;2;3;0;4
31;262;Zabalza - Zabaltza;1-001 -U;212;0;0;212;178;0;178;1;1;41;44;2;34;0;8;3;38;0;1;3;1;0;1
31;73;Ziordia;1-001 -U;326;0;0;326;263;0;263;5;1;55;31;8;120;0;2;10;22;5;0;3;0;0;1
31;907;Zizur Mayor - Zizur Nagusia;1-001 -A;540;0;0;540;415;0;415;4;16;79;154;18;46;3;6;14;49;19;0;4;0;0;3
31;907;Zizur Mayor - Zizur Nagusia;1-001 -B;562;0;0;562;426;0;426;2;9;66;189;31;38;5;10;9;40;16;1;5;0;1;4
31;907;Zizur Mayor - Zizur Nagusia;1-002 -A;678;0;0;678;490;0;490;4;10;104;139;46;48;2;14;20;62;22;1;6;5;5;2
31;907;Zizur Mayor - Zizur Nagusia;1-002 -B;674;0;0;674;463;0;463;2;11;87;137;49;65;1;20;13;44;19;0;5;5;1;4
31;907;Zizur Mayor - Zizur Nagusia;1-003 -A;531;0;0;531;377;0;377;3;8;87;60;43;65;0;15;10;64;10;2;2;4;1;3
31;907;Zizur Mayor - Zizur Nagusia;1-003 -B;523;0;0;523;393;0;393;4;6;74;66;53;54;2;29;9;72;10;1;5;5;0;3
31;907;Zizur Mayor - Zizur Nagusia;1-003 -C;527;0;0;527;390;0;390;5;7;73;75;51;52;2;12;10;77;7;1;6;6;0;6
31;907;Zizur Mayor - Zizur Nagusia;1-004 -A;648;0;0;648;479;0;479;5;8;109;123;25;78;1;16;15;61;17;3;4;5;1;8
31;907;Zizur Mayor - Zizur Nagusia;1-004 -B;686;0;0;686;492;0;492;4;5;114;111;26;94;0;13;21;65;30;1;3;2;3;0
31;907;Zizur Mayor - Zizur Nagusia;1-004 -C;625;0;0;625;472;0;472;8;19;89;98;25;68;2;24;17;86;16;6;5;3;3;3
31;907;Zizur Mayor - Zizur Nagusia;1-005 -A;633;0;0;633;452;0;452;4;9;125;96;27;53;2;12;10;74;17;1;7;8;1;6
31;907;Zizur Mayor - Zizur Nagusia;1-005 -B;597;0;0;597;464;0;464;3;3;122;97;31;59;3;16;14;82;21;3;6;2;0;2
31;907;Zizur Mayor - Zizur Nagusia;1-006 -U;580;0;0;580;441;0;441;3;12;124;67;32;64;3;13;6;90;20;0;1;4;1;1
31;907;Zizur Mayor - Zizur Nagusia;1-007 -A;622;0;0;622;458;0;458;2;14;104;121;25;48;6;21;18;70;19;0;2;6;1;1
31;907;Zizur Mayor - Zizur Nagusia;1-007 -B;633;0;0;633;470;0;470;2;6;127;103;35;40;2;18;9;93;26;0;4;3;2;0
31;907;Zizur Mayor - Zizur Nagusia;1-008 -A;753;0;0;753;574;0;574;4;22;112;96;42;64;3;19;19;136;33;1;11;6;0;6
31;907;Zizur Mayor - Zizur Nagusia;1-008 -B;752;0;0;752;598;0;598;5;15;112;109;48;72;2;30;15;139;30;0;12;4;1;4
31;263;Zubieta;1-001 -U;241;0;0;241;191;0;191;1;4;56;7;9;89;0;0;11;12;1;0;0;1;0;0
31;264;Zugarramurdi;1-001 -U;180;0;0;180;114;0;114;1;3;23;20;2;33;0;2;6;21;1;0;1;0;0;1
31;265;Zúñiga;1-001 -U;85;0;0;85;56;0;56;1;3;13;9;2;15;0;4;2;3;3;1;0;0;0;0
31;990;Residentes Ausentes Navarra;99-001 -U;23156;0;0;23156;814;0;814;2;1;76;168;94;132;13;19;86;148;27;2;22;18;1;5
Total;;;;501252;15;0;501267;342088;85;342173;4280;6610;53497;92705;45164;48166;1740;12482;13289;46207;9993;955;2170;2304;880;1733
