ELECCIONES AL PARLAMENTO DE NAVARRA POR MESAS 1999;;;;;;;;;;;;;;;;;;;

C휷IGO;MUNICIPIO;DISTRITO;SECCI흁;MESA;CENSO_ELECTORAL;ABSTENCIONES;V.EMITIDOS;NULOS;V.V첿IDOS;BLANCOS;A_CAND.;UPN;PSN-PSOE;CDN;IU-EB;EH;EA-EAJ_PNV;EKA;IN
1;ABAIGAR;1;1;U;77;19;58;0;58;2;56;31;7;4;5;6;2;1;0
2;ABARZUZA;1;1;U;452;227;225;1;224;0;224;115;16;34;9;38;11;0;1
3;ABAURREGAINA / ABAURREA ALTA;1;1;U;155;43;112;5;107;4;103;39;14;4;3;39;3;0;1
4;ABAURREPEA / ABAURREA BAJA;1;1;U;44;14;30;0;30;1;29;12;3;6;2;3;1;0;2
5;ABERIN;1;1;U;305;140;165;2;163;2;161;93;33;0;11;23;1;0;0
6;ABLITAS;1;1;U;505;122;383;2;381;5;376;144;196;9;25;2;0;0;0
6;ABLITAS;2;1;A;737;150;587;4;583;6;577;290;203;12;47;13;3;4;5
6;ABLITAS;2;1;B;702;124;578;3;575;18;557;247;234;23;38;7;7;0;1
7;ADIOS;1;1;U;114;27;87;2;85;0;85;54;6;3;9;12;0;1;0
8;AGUILAR DE CODES;1;1;U;99;43;56;0;56;0;56;41;8;2;2;2;0;0;1
9;AIBAR / OIBAR;1;1;A;406;130;276;0;276;8;268;107;64;16;25;46;7;0;3
9;AIBAR / OIBAR;1;1;B;381;108;273;2;271;3;268;102;69;17;20;53;6;1;0
10;ALTSASU / ALSASUA;1;1;A;709;230;479;1;478;12;466;110;57;31;34;151;78;1;4
10;ALTSASU / ALSASUA;1;1;B;711;249;462;4;458;5;453;95;65;33;34;133;86;4;3
10;ALTSASU / ALSASUA;1;2;A;475;178;297;3;294;9;285;73;52;14;30;72;43;0;1
10;ALTSASU / ALSASUA;1;2;B;515;198;317;11;306;8;298;64;54;12;30;101;36;0;1
10;ALTSASU / ALSASUA;2;1;A;521;180;341;5;336;9;327;73;48;16;32;105;51;0;2
10;ALTSASU / ALSASUA;2;1;B;526;154;372;9;363;9;354;67;77;19;44;95;51;0;1
10;ALTSASU / ALSASUA;2;2;A;523;185;338;9;329;1;328;63;100;15;41;72;33;0;4
10;ALTSASU / ALSASUA;2;2;B;531;201;330;9;321;6;315;57;82;11;57;83;23;0;2
10;ALTSASU / ALSASUA;2;2;C;517;197;320;8;312;7;305;48;101;13;44;77;18;1;3
10;ALTSASU / ALSASUA;2;3;U;779;336;443;10;433;4;429;117;94;21;47;95;53;0;2
11;ALLIN;1;1;A;371;151;220;0;220;6;214;125;33;9;14;19;12;1;1
11;ALLIN;1;1;B;368;129;239;1;238;6;232;142;13;19;15;28;6;0;9
12;ALLO;1;1;A;458;118;340;7;333;6;327;178;63;11;48;20;5;0;2
12;ALLO;1;1;B;478;109;369;3;366;7;359;174;86;14;54;25;5;0;1
13;AMESCOA BAJA;1;1;A;361;171;190;4;186;6;180;118;19;8;10;25;0;0;0
13;AMESCOA BAJA;1;1;B;365;186;179;3;176;4;172;104;21;5;7;25;8;1;1
14;ANCIN;1;1;U;261;103;158;0;158;3;155;97;19;8;10;10;10;0;1
15;ANDOSILLA;1;1;A;423;117;306;1;305;6;299;130;54;43;17;23;5;2;25
15;ANDOSILLA;1;1;B;494;154;340;6;334;5;329;123;82;40;6;30;4;5;39
15;ANDOSILLA;2;1;A;578;185;393;5;388;9;379;164;85;35;14;25;2;2;52
15;ANDOSILLA;2;1;B;597;133;464;1;463;18;445;161;132;24;21;35;7;1;64
16;ANSOAIN;1;1;A;756;325;431;1;430;8;422;60;123;32;53;143;7;2;2
16;ANSOAIN;1;1;B;823;367;456;2;454;10;444;79;149;25;53;127;6;1;4
16;ANSOAIN;1;2;A;770;314;456;6;450;11;439;84;112;26;60;135;18;2;2
16;ANSOAIN;1;2;B;893;369;524;2;522;15;507;102;130;40;81;141;10;0;3
16;ANSOAIN;1;3;A;1.135;484;651;7;644;20;624;128;175;42;97;160;17;2;3
16;ANSOAIN;1;3;B;1.124;466;658;8;650;23;627;122;203;35;64;179;19;1;4
17;ANUE;1;1;U;374;145;229;0;229;6;223;88;18;31;11;57;17;0;1
18;A헲RBE;1;1;U;390;68;322;2;320;8;312;152;69;46;19;20;3;0;3
19;AOIZ / AGOITZ;1;1;U;631;117;514;9;505;29;476;190;48;18;33;153;32;1;1
19;AOIZ / AGOITZ;2;1;U;927;180;747;7;740;17;723;238;95;46;37;253;48;2;4
20;ARAITZ;1;1;U;552;187;365;9;356;8;348;90;1;19;5;189;42;0;2
21;ARANARACHE;1;1;U;89;31;58;0;58;3;55;32;12;0;1;9;1;0;0
22;ARANTZA;1;1;U;611;122;489;5;484;12;472;53;10;11;8;276;114;0;0
23;ARANGUREN;1;1;A;735;194;541;3;538;15;523;174;132;46;67;78;20;0;6
23;ARANGUREN;1;1;B;725;209;516;6;510;21;489;177;94;38;56;103;17;0;4
23;ARANGUREN;1;2;A;846;220;626;8;618;23;595;300;61;72;48;68;42;2;2
23;ARANGUREN;1;2;B;258;69;189;0;189;7;182;76;8;18;10;63;6;0;1
24;ARANO;1;1;U;142;63;79;0;79;2;77;10;3;6;0;39;17;2;0
25;ARAKIL;1;1;A;323;86;237;3;234;10;224;118;15;17;23;41;7;2;1
25;ARAKIL;1;1;B;418;170;248;1;247;3;244;91;24;23;16;69;20;0;1
26;ARAS;1;1;U;217;66;151;3;148;0;148;71;36;21;10;9;0;1;0
27;ARBIZU;1;1;U;745;109;636;3;633;5;628;82;4;16;13;317;194;1;1
28;ARCE / ARTZI;1;1;U;264;78;186;3;183;5;178;54;12;27;16;64;4;0;1
29;ARCOS (LOS);1;1;A;638;157;481;8;473;7;466;275;85;23;22;38;5;1;17
29;ARCOS (LOS);1;1;B;527;133;394;7;387;7;380;227;63;14;21;28;3;4;20
30;ARELLANO;1;1;U;182;66;116;0;116;4;112;41;23;8;9;23;5;1;2
31;ARESO;1;1;U;256;24;232;4;228;5;223;36;6;67;1;88;25;0;0
32;ARGUEDAS;1;1;A;622;127;495;0;495;11;484;267;174;9;15;15;1;1;2
32;ARGUEDAS;1;1;B;691;132;559;3;556;12;544;329;168;10;9;18;6;1;3
32;ARGUEDAS;2;1;U;573;120;453;5;448;6;442;254;130;27;18;8;2;0;3
33;ARIA;1;1;U;57;27;30;0;30;1;29;12;1;4;3;7;2;0;0
34;ARIBE;1;1;U;56;20;36;0;36;2;34;15;0;1;3;10;5;0;0
35;ARMA헤NZAS;1;1;U;93;27;66;2;64;1;63;30;20;1;3;4;3;1;1
36;ARRONIZ;1;1;A;565;185;380;4;376;8;368;161;90;13;33;55;16;0;0
36;ARRONIZ;1;1;B;459;127;332;7;325;10;315;134;75;13;32;51;8;0;2
37;ARRUAZU;1;1;U;95;26;69;0;69;0;69;18;1;2;2;17;28;0;1
38;ARTAJONA;1;1;A;713;180;533;8;525;16;509;270;128;45;19;29;11;3;4
38;ARTAJONA;1;1;B;703;160;543;3;540;22;518;211;131;59;29;61;16;4;7
39;ARTAZU;1;1;U;87;33;54;2;52;2;50;26;4;5;3;9;2;0;1
40;ATEZ;1;1;U;196;44;152;1;151;1;150;64;16;20;11;24;14;0;1
41;AYEGUI;1;1;U;768;227;541;0;541;18;523;229;77;34;46;73;50;8;6
42;AZAGRA;1;1;A;652;119;533;10;523;12;511;268;205;9;10;4;1;0;14
42;AZAGRA;1;1;B;762;122;640;15;625;6;619;342;240;12;16;4;3;0;2
42;AZAGRA;2;1;A;461;85;376;7;369;7;362;141;196;5;15;3;1;1;0
42;AZAGRA;2;1;B;478;89;389;8;381;13;368;149;197;4;11;0;0;1;6
42;AZAGRA;2;1;C;486;107;379;4;375;9;366;124;217;2;16;2;2;0;3
43;AZUELO;1;1;U;58;13;45;0;45;4;41;29;3;6;1;1;0;0;1
44;BAKAIKU;1;1;U;306;53;253;1;252;2;250;36;12;22;4;136;38;0;2
45;BARASOAIN;1;1;U;381;109;272;0;272;2;270;110;53;60;19;24;3;0;1
46;BARBARIN;1;1;U;92;25;67;2;65;3;62;52;6;2;1;0;1;0;0
47;BARGOTA;1;1;U;356;129;227;0;227;4;223;105;53;10;2;26;20;7;0
48;BARILLAS;1;1;U;173;31;142;2;140;4;136;109;13;5;5;3;1;0;0
49;BASABURUA;1;1;U;607;147;460;4;456;5;451;140;8;32;7;188;69;0;7
50;BAZTAN;1;1;A;432;125;307;3;304;2;302;92;4;12;4;90;100;0;0
50;BAZTAN;1;1;B;545;156;389;0;389;4;385;192;6;20;6;77;84;0;0
50;BAZTAN;1;1;C;397;114;283;2;281;0;281;84;5;11;0;53;128;0;0
50;BAZTAN;2;1;A;601;188;413;1;412;5;407;155;24;30;8;72;118;0;0
50;BAZTAN;2;1;B;519;156;363;2;361;6;355;131;19;19;5;71;109;0;1
50;BAZTAN;2;1;C;663;207;456;2;454;2;452;187;28;31;14;84;107;1;0
50;BAZTAN;2;2;A;498;156;342;1;341;9;332;131;30;23;7;64;77;0;0
50;BAZTAN;2;2;B;572;184;388;2;386;13;373;159;32;28;9;61;82;1;1
50;BAZTAN;2;2;C;492;130;362;1;361;4;357;143;11;8;2;72;121;0;0
50;BAZTAN;3;1;A;696;202;494;6;488;9;479;217;22;27;10;63;139;0;1
50;BAZTAN;3;1;B;595;167;428;9;419;7;412;166;17;13;3;99;114;0;0
50;BAZTAN;3;2;A;236;62;174;2;172;2;170;61;4;10;2;40;53;0;0
50;BAZTAN;3;2;B;270;99;171;1;170;3;167;64;3;5;0;47;48;0;0
51;BEIRE;1;1;U;277;89;188;1;187;1;186;89;55;12;3;27;0;0;0
52;BELASCOAIN;1;1;U;87;23;64;0;64;1;63;33;8;3;8;4;2;3;2
53;BERBINZANA;1;1;U;620;130;490;4;486;9;477;228;158;18;13;53;3;0;4
54;BERTIZARANA;1;1;U;537;119;418;9;409;18;391;110;19;31;8;88;134;0;1
55;BETELU;1;1;U;305;29;276;0;276;17;259;35;17;44;2;94;63;1;3
56;BIURRUN-OLCOZ;1;1;U;161;51;110;0;110;8;102;49;10;17;11;12;1;1;1
57;BU헷EL;1;1;A;512;91;421;7;414;8;406;241;135;16;6;6;1;0;1
57;BU헷EL;1;1;B;508;96;412;7;405;9;396;234;147;7;5;2;0;1;0
57;BU헷EL;2;1;A;469;74;395;3;392;8;384;216;155;5;5;1;1;1;0
57;BU헷EL;2;1;B;496;94;402;8;394;2;392;209;175;3;1;4;0;0;0
58;AURITZ / BURGUETE;1;1;U;282;38;244;2;242;9;233;108;18;29;9;37;31;0;1
59;BURGUI;1;1;U;209;80;129;1;128;1;127;44;25;23;2;29;3;0;1
60;BURLADA / BURLATA;1;1;B;694;317;377;4;373;14;359;91;78;26;33;100;19;0;12
60;BURLADA / BURLATA;1;1;C;555;233;322;0;322;12;310;100;62;17;24;91;9;0;7
60;BURLADA / BURLATA;1;1;A;609;282;327;1;326;14;312;86;58;23;36;94;8;2;5
60;BURLADA / BURLATA;1;2;A;562;257;305;2;303;11;292;133;40;21;19;65;6;2;6
60;BURLADA / BURLATA;1;2;B;596;249;347;0;347;8;339;128;71;30;31;61;9;0;9
60;BURLADA / BURLATA;1;3;A;508;235;273;1;272;4;268;81;58;24;31;59;11;0;4
60;BURLADA / BURLATA;1;3;B;526;261;265;1;264;7;257;87;68;16;22;45;13;1;5
60;BURLADA / BURLATA;1;4;A;610;263;347;1;346;4;342;115;64;25;28;83;21;0;6
60;BURLADA / BURLATA;1;4;B;644;298;346;5;341;8;333;125;60;24;21;84;16;1;2
60;BURLADA / BURLATA;1;5;A;717;298;419;1;418;12;406;142;62;38;43;99;15;0;7
60;BURLADA / BURLATA;1;5;B;734;333;401;3;398;10;388;125;70;31;55;85;16;0;6
60;BURLADA / BURLATA;2;1;A;611;282;329;2;327;4;323;99;85;31;42;51;6;1;8
60;BURLADA / BURLATA;2;1;B;638;306;332;4;328;8;320;127;71;12;26;71;5;2;6
60;BURLADA / BURLATA;2;2;A;539;243;296;5;291;7;284;107;60;24;21;61;6;0;5
60;BURLADA / BURLATA;2;2;B;547;261;286;5;281;7;274;92;69;20;27;50;11;1;4
60;BURLADA / BURLATA;2;3;A;456;204;252;2;250;2;248;80;59;15;17;59;12;1;5
60;BURLADA / BURLATA;2;3;B;444;185;259;2;257;10;247;89;47;16;23;58;11;1;2
60;BURLADA / BURLATA;2;4;A;680;304;376;0;376;9;367;125;54;38;34;104;11;0;1
60;BURLADA / BURLATA;2;4;B;650;264;386;0;386;15;371;142;70;31;34;71;15;1;7
60;BURLADA / BURLATA;2;5;A;672;261;411;2;409;7;402;125;97;41;34;86;14;1;4
60;BURLADA / BURLATA;2;5;B;702;264;438;9;429;25;404;136;71;38;43;88;13;3;12
60;BURLADA / BURLATA;2;6;A;443;217;226;1;225;6;219;80;43;11;21;52;5;0;7
60;BURLADA / BURLATA;2;6;B;460;193;267;1;266;3;263;94;56;24;28;48;2;0;11
61;BUSTO (EL);1;1;U;92;20;72;0;72;0;72;30;19;20;0;1;1;0;1
62;CABANILLAS;1;1;A;608;59;549;0;549;9;540;199;297;7;15;15;2;1;4
62;CABANILLAS;1;1;B;590;62;528;2;526;8;518;207;282;6;12;10;0;0;1
63;CABREDO;1;1;U;127;36;91;1;90;2;88;59;12;6;2;6;2;0;1
64;CADREITA;1;1;C;588;92;496;3;493;9;484;176;187;17;33;40;5;0;26
64;CADREITA;1;1;A;537;68;469;5;464;7;457;211;164;14;15;15;3;0;35
64;CADREITA;1;1;B;410;58;352;8;344;7;337;150;114;4;19;15;2;0;33
65;CAPARROSO;1;1;U;717;106;611;2;609;3;606;380;160;22;5;30;8;1;0
65;CAPARROSO;2;1;A;604;63;541;6;535;14;521;240;228;1;8;40;4;0;0
65;CAPARROSO;2;1;B;634;92;542;4;538;10;528;245;220;6;10;40;7;0;0
66;CARCAR;1;1;A;513;76;437;8;429;13;416;211;173;9;9;10;2;1;1
66;CARCAR;1;1;B;565;62;503;3;500;11;489;247;186;21;14;14;4;0;3
67;CARCASTILLO;1;1;A;457;100;357;8;349;14;335;174;88;10;17;37;7;0;2
67;CARCASTILLO;1;1;B;401;90;311;6;305;9;296;129;107;19;11;18;5;0;7
67;CARCASTILLO;1;1;C;311;39;272;3;269;11;258;113;64;6;71;2;0;0;2
67;CARCASTILLO;2;1;A;519;124;395;5;390;17;373;150;128;25;28;25;7;0;10
67;CARCASTILLO;2;1;B;454;101;353;9;344;7;337;150;104;32;23;16;5;2;5
68;CASCANTE;1;1;A;552;106;446;4;442;8;434;199;189;12;17;12;2;3;0
68;CASCANTE;1;1;B;593;141;452;3;449;5;444;183;202;13;23;20;1;1;1
68;CASCANTE;2;1;A;653;141;512;11;501;6;495;266;168;7;29;19;2;1;3
68;CASCANTE;2;1;B;560;116;444;10;434;9;425;180;189;9;27;17;3;0;0
68;CASCANTE;2;1;C;714;138;576;2;574;6;568;259;249;5;33;12;4;4;2
69;CASEDA;1;1;A;469;69;400;4;396;10;386;176;79;68;22;33;5;1;2
69;CASEDA;1;1;B;377;53;324;7;317;8;309;148;69;42;19;27;3;0;1
69;CASEDA;1;1;C;40;6;34;0;34;2;32;22;3;0;5;1;0;0;1
70;CASTEJON;1;1;A;718;186;532;11;521;13;508;185;224;3;70;11;1;0;14
70;CASTEJON;1;1;B;702;162;540;4;536;14;522;169;252;9;64;9;4;0;15
70;CASTEJON;1;2;U;820;212;608;6;602;5;597;238;228;6;95;18;0;0;12
70;CASTEJON;2;1;U;486;135;351;6;345;10;335;128;164;9;25;8;0;0;1
71;CASTILLO-NUEVO;1;1;U;27;5;22;0;22;0;22;8;13;1;0;0;0;0;0
72;CINTRUENIGO;1;1;A;640;164;476;4;472;14;458;283;134;5;16;14;5;0;1
72;CINTRUENIGO;1;1;B;584;151;433;2;431;10;421;251;145;2;11;9;0;2;1
72;CINTRUENIGO;2;1;C;564;143;421;3;418;6;412;245;142;4;8;7;1;1;4
72;CINTRUENIGO;2;1;A;541;127;414;3;411;5;406;203;172;7;12;10;2;0;0
72;CINTRUENIGO;2;1;B;798;165;633;5;628;12;616;339;237;6;19;13;2;0;0
72;CINTRUENIGO;2;2;A;784;193;591;3;588;10;578;369;186;6;13;1;2;0;1
72;CINTRUENIGO;2;2;B;762;165;597;3;594;8;586;380;165;5;21;12;2;0;1
73;ZIORDIA;1;1;U;333;111;222;1;221;5;216;48;18;17;3;112;18;0;0
74;CIRAUQUI;1;1;U;416;93;323;5;318;8;310;120;41;10;25;68;16;29;1
75;CIRIZA;1;1;U;61;16;45;0;45;1;44;19;5;5;2;13;0;0;0
76;CIZUR;1;1;A;592;107;485;4;481;12;469;304;50;49;18;21;25;1;1
76;CIZUR;1;1;B;417;100;317;0;317;11;306;163;28;37;16;47;10;2;3
77;CORELLA;1;1;A;761;143;618;5;613;6;607;413;151;3;24;13;1;0;2
77;CORELLA;1;1;B;736;164;572;10;562;6;556;383;125;3;32;10;2;0;1
77;CORELLA;1;2;A;565;104;461;1;460;2;458;308;115;1;23;6;3;0;2
77;CORELLA;1;2;B;559;94;465;3;462;3;459;334;97;4;17;5;2;0;0
77;CORELLA;1;2;C;720;146;574;2;572;6;566;397;124;5;29;7;3;0;1
77;CORELLA;2;1;A;394;85;309;0;309;1;308;218;66;4;13;3;2;1;1
77;CORELLA;2;1;B;405;107;298;2;296;3;293;216;58;2;7;8;2;0;0
77;CORELLA;2;2;A;667;181;486;4;482;0;482;380;67;5;16;9;2;1;2
77;CORELLA;2;2;B;677;149;528;4;524;6;518;385;104;3;17;5;2;1;1
78;CORTES;1;1;A;541;130;411;6;405;13;392;204;127;9;21;27;0;1;3
78;CORTES;1;1;B;587;108;479;12;467;15;452;216;158;16;16;38;4;0;4
78;CORTES;2;1;A;773;172;601;10;591;12;579;274;222;6;23;43;5;0;6
78;CORTES;2;1;B;805;156;649;15;634;25;609;290;212;13;40;47;1;0;6
79;DESOJO;1;1;U;130;31;99;0;99;1;98;67;9;7;8;3;1;2;1
80;DICASTILLO;1;1;U;620;170;450;2;448;13;435;191;113;20;46;46;9;4;6
81;DONAMARIA;1;1;U;311;26;285;2;283;8;275;83;9;21;4;59;97;1;1
82;ETXALAR;1;1;U;666;174;492;3;489;29;460;112;17;28;10;155;136;0;2
83;ECHARRI;1;1;U;47;15;32;0;32;2;30;20;0;0;2;8;0;0;0
84;ETXARRI-ARANATZ;1;1;A;514;133;381;2;379;5;374;86;7;19;9;153;99;0;1
84;ETXARRI-ARANATZ;1;1;B;395;100;295;2;293;6;287;68;6;15;6;131;59;0;2
84;ETXARRI-ARANATZ;1;1;C;29;7;22;0;22;0;22;0;0;0;0;20;2;0;0
84;ETXARRI-ARANATZ;2;1;A;480;132;348;0;348;2;346;44;8;12;10;206;57;7;2
84;ETXARRI-ARANATZ;2;1;B;475;103;372;10;362;4;358;54;10;7;7;204;75;0;1
85;ETXAURI;1;1;U;360;46;314;5;309;14;295;79;19;42;20;115;18;0;2
86;EGUES;1;1;A;496;131;365;0;365;4;361;232;24;34;14;36;19;0;2
86;EGUES;1;1;B;1.018;275;743;2;741;19;722;367;51;90;42;106;46;0;20
87;ELGORRIAGA;1;1;U;171;27;144;3;141;1;140;45;6;6;2;47;33;0;1
88;NOAIN (VALLE DE ELORZ) / NOAIN;1;1;A;432;136;296;2;294;15;279;117;34;72;16;34;5;0;1
88;NOAIN (VALLE DE ELORZ) / NOAIN;1;1;B;549;226;323;4;319;15;304;134;51;28;40;42;6;1;2
88;NOAIN (VALLE DE ELORZ) / NOAIN;1;1;C;501;215;286;3;283;6;277;111;51;16;41;53;5;0;0
88;NOAIN (VALLE DE ELORZ) / NOAIN;1;2;A;521;209;312;4;308;15;293;141;41;23;47;33;5;1;2
88;NOAIN (VALLE DE ELORZ) / NOAIN;1;2;B;580;207;373;8;365;11;354;142;68;35;41;52;7;0;9
88;NOAIN (VALLE DE ELORZ) / NOAIN;1;2;C;548;189;359;5;354;10;344;145;65;25;52;46;7;2;2
89;ENERIZ;1;1;U;168;31;137;4;133;2;131;79;8;35;4;5;0;0;0
90;ERATSUN;1;1;U;162;43;119;0;119;4;115;38;0;17;5;23;31;1;0
91;ERGOIEN;1;1;U;439;164;275;1;274;5;269;32;16;10;5;162;37;6;1
92;ERRO;1;1;A;261;80;181;1;180;5;175;84;16;31;9;18;7;1;9
92;ERRO;1;1;B;443;125;318;4;314;7;307;118;25;30;17;91;24;0;2
93;EZCAROZ;1;1;U;322;132;190;2;188;4;184;65;47;14;6;46;5;0;1
94;ESLAVA;1;1;U;166;52;114;0;114;5;109;60;23;9;6;7;3;0;1
95;ESPARZA;1;1;U;116;16;100;1;99;1;98;22;28;3;8;30;7;0;0
96;ESPRONCEDA;1;1;U;165;16;149;1;148;11;137;90;17;7;2;18;1;0;2
97;ESTELLA / LIZARRA;1;1;A;413;138;275;3;272;11;261;99;62;9;18;46;23;1;3
97;ESTELLA / LIZARRA;1;1;B;449;165;284;3;281;12;269;122;64;9;19;41;12;1;1
97;ESTELLA / LIZARRA;1;2;A;604;258;346;0;346;8;338;149;69;21;31;43;24;0;1
97;ESTELLA / LIZARRA;1;2;B;587;242;345;10;335;6;329;124;91;14;25;56;18;1;0
97;ESTELLA / LIZARRA;2;1;A;398;186;212;5;207;9;198;60;38;6;14;61;14;2;3
97;ESTELLA / LIZARRA;2;1;B;441;195;246;4;242;5;237;104;43;9;16;53;10;0;2
97;ESTELLA / LIZARRA;2;2;A;533;194;339;4;335;6;329;154;59;8;22;54;23;6;3
97;ESTELLA / LIZARRA;2;2;B;568;222;346;2;344;7;337;146;75;10;32;47;24;2;1
97;ESTELLA / LIZARRA;2;3;A;455;145;310;4;306;2;304;128;66;12;24;49;23;1;1
97;ESTELLA / LIZARRA;2;3;B;454;142;312;2;310;5;305;138;55;18;16;46;26;3;3
97;ESTELLA / LIZARRA;2;4;A;489;159;330;0;330;13;317;126;63;12;19;68;25;2;2
97;ESTELLA / LIZARRA;2;4;B;570;216;354;6;348;11;337;132;76;16;26;45;36;3;3
97;ESTELLA / LIZARRA;2;4;C;489;166;323;1;322;13;309;108;72;19;26;54;28;1;1
97;ESTELLA / LIZARRA;2;5;A;533;165;368;4;364;7;357;188;52;22;24;30;37;0;4
97;ESTELLA / LIZARRA;2;5;B;552;171;381;2;379;6;373;211;53;16;22;41;29;1;0
97;ESTELLA / LIZARRA;2;6;A;516;138;378;4;374;9;365;214;50;20;10;30;38;0;3
97;ESTELLA / LIZARRA;2;6;B;555;150;405;1;404;6;398;225;60;20;19;43;28;1;2
97;ESTELLA / LIZARRA;2;6;C;551;176;375;4;371;4;367;206;57;12;20;25;42;0;5
97;ESTELLA / LIZARRA;2;7;A;403;127;276;1;275;4;271;122;39;6;14;60;28;1;1
97;ESTELLA / LIZARRA;2;7;B;404;123;281;2;279;7;272;131;43;13;23;45;13;3;1
97;ESTELLA / LIZARRA;3;1;U;707;262;445;3;442;9;433;173;84;13;40;71;51;0;1
98;ESTERIBAR;1;1;A;482;167;315;16;299;9;290;132;16;26;23;71;13;1;8
98;ESTERIBAR;1;1;B;462;143;319;5;314;11;303;135;31;37;17;57;23;1;2
98;ESTERIBAR;1;1;C;342;121;221;0;221;5;216;92;24;14;12;60;13;1;0
99;ETAYO;1;1;U;87;8;79;0;79;3;76;47;11;1;7;3;6;0;1
100;EULATE;1;1;U;339;153;186;2;184;4;180;128;15;4;6;17;8;0;2
101;EZCABARTE;1;1;A;518;233;285;5;280;4;276;116;34;33;24;60;9;0;0
101;EZCABARTE;1;1;B;460;160;300;1;299;15;284;116;18;26;14;85;23;1;1
102;EZKURRA;1;1;U;216;112;104;0;104;1;103;24;3;13;1;46;16;0;0
103;EZPROGUI;1;1;U;55;16;39;0;39;3;36;23;7;4;0;1;1;0;0
104;FALCES;1;1;A;519;113;406;9;397;10;387;165;143;14;20;28;6;0;11
104;FALCES;1;1;B;517;118;399;7;392;7;385;141;147;14;35;31;5;0;12
104;FALCES;2;1;A;642;182;460;4;456;9;447;204;134;16;33;44;8;0;8
104;FALCES;2;1;B;552;132;420;4;416;6;410;193;124;10;35;36;4;0;8
105;FITERO;1;1;U;759;92;667;3;664;8;656;406;221;6;7;14;0;0;2
105;FITERO;2;1;A;516;65;451;6;445;4;441;230;199;1;5;4;0;0;2
105;FITERO;2;1;B;525;83;442;6;436;4;432;287;133;3;5;3;1;0;0
106;FONTELLAS;1;1;U;577;84;493;2;491;11;480;226;118;6;11;12;4;0;103
107;FUNES;1;1;A;406;43;363;3;360;4;356;255;69;13;8;4;2;0;5
107;FUNES;1;1;B;370;54;316;3;313;6;307;208;80;5;12;0;0;0;2
107;FUNES;2;1;A;500;74;426;2;424;9;415;295;94;8;6;2;3;1;6
107;FUNES;2;1;B;474;77;397;5;392;4;388;281;77;12;10;4;1;1;2
108;FUSTI헤NA;1;1;A;521;94;427;4;423;13;410;252;122;8;17;7;2;2;0
108;FUSTI헤NA;1;1;B;471;97;374;2;372;12;360;200;124;2;18;9;5;1;1
108;FUSTI헤NA;2;1;A;533;115;418;3;415;12;403;218;153;6;9;11;1;2;3
108;FUSTI헤NA;2;1;B;407;72;335;5;330;7;323;158;137;7;8;9;0;1;3
109;GALAR;1;1;A;416;119;297;5;292;6;286;135;24;25;20;68;10;1;3
109;GALAR;1;1;B;560;199;361;1;360;9;351;131;38;70;38;56;5;1;12
110;GALLIPIENZO;1;1;U;161;72;89;0;89;4;85;36;31;7;1;9;0;0;1
111;GALLUES;1;1;U;114;31;83;0;83;3;80;34;9;11;7;15;3;0;1
112;GARAIOA;1;1;U;118;34;84;0;84;0;84;42;5;4;2;16;15;0;0
113;GARDE;1;1;U;191;87;104;0;104;2;102;41;28;10;4;14;5;0;0
114;GARINOAIN;1;1;U;279;63;216;3;213;1;212;91;43;21;23;19;9;3;3
115;GARRALDA;1;1;U;200;67;133;0;133;3;130;53;3;12;7;41;14;0;0
116;GENEVILLA;1;1;U;119;20;99;0;99;5;94;64;3;2;1;11;11;0;2
117;GOIZUETA;1;1;A;375;101;274;5;269;9;260;11;3;11;2;191;42;0;0
117;GOIZUETA;1;1;B;424;140;284;7;277;4;273;7;3;11;4;184;64;0;0
118;GO헬;1;1;U;186;76;110;2;108;1;107;45;7;15;15;24;0;0;1
119;GUESA;1;1;U;76;25;51;0;51;3;48;26;6;9;3;2;2;0;0
120;GUESALAZ;1;1;U;428;147;281;0;281;13;268;127;20;31;13;60;8;1;8
121;GUIRGUILLANO;1;1;U;79;16;63;1;62;4;58;22;5;14;8;6;2;0;1
122;HUARTE / UHARTE;1;1;A;588;164;424;6;418;11;407;111;42;92;22;96;43;0;1
122;HUARTE / UHARTE;1;1;B;585;168;417;3;414;5;409;144;46;79;15;84;37;2;2
122;HUARTE / UHARTE;1;2;A;573;182;391;2;389;15;374;84;39;88;27;99;35;1;1
122;HUARTE / UHARTE;1;2;B;556;195;361;1;360;5;355;125;37;61;21;89;22;0;0
123;UHARTE-ARAKIL;1;1;U;624;309;315;2;313;4;309;116;36;30;9;72;43;2;1
124;IBARGOITI;1;1;U;215;51;164;1;163;5;158;108;4;13;5;18;4;0;6
125;IGUZQUIZA;1;1;U;298;107;191;0;191;5;186;114;21;15;1;20;10;5;0
126;IMOTZ;1;1;U;370;115;255;0;255;2;253;60;18;13;4;108;50;0;0
127;IRA헨TA;1;1;U;129;35;94;0;94;3;91;45;5;8;3;17;10;0;3
128;ISABA / IZABA;1;1;U;468;116;352;1;351;12;339;137;46;16;37;80;19;1;3
129;ITUREN;1;1;U;384;62;322;4;318;4;314;33;4;11;1;124;141;0;0
130;ITURMENDI;1;1;U;316;105;211;1;210;3;207;118;12;12;0;47;13;2;3
131;IZA;1;1;A;227;75;152;2;150;7;143;65;8;9;19;29;11;0;2
131;IZA;1;1;B;379;139;240;6;234;7;227;112;35;28;12;32;8;0;0
132;IZAGAONDOA;1;1;U;152;47;105;2;103;7;96;53;6;6;4;24;1;0;2
133;IZALZU;1;1;U;46;11;35;0;35;0;35;7;7;1;2;11;7;0;0
134;JAURRIETA;1;1;U;244;100;144;0;144;2;142;68;14;14;6;38;1;0;1
135;JAVIER;1;1;U;115;115;0;0;0;0;0;0;0;0;0;0;0;0;0
136;JUSLAPE헤;1;1;A;179;77;102;2;100;2;98;42;10;6;3;33;3;0;1
136;JUSLAPE헤;1;1;B;235;116;119;0;119;7;112;44;6;8;8;35;8;0;3
137;LABAIEN;1;1;U;247;108;139;1;138;2;136;68;10;24;1;24;8;0;1
138;LAKUNTZA;1;1;U;826;119;707;2;705;23;682;126;52;31;20;305;147;0;1
139;LANA;1;1;U;199;94;105;0;105;1;104;69;7;8;6;10;4;0;0
140;LANTZ;1;1;U;112;36;76;0;76;2;74;33;1;16;2;13;8;0;1
141;LAPOBLACION;1;1;U;188;68;120;1;119;5;114;99;5;1;1;4;1;1;2
142;LARRAGA;1;1;A;603;213;390;2;388;5;383;163;76;39;34;63;3;1;4
142;LARRAGA;1;1;B;418;146;272;2;270;6;264;131;61;19;13;37;0;2;1
142;LARRAGA;1;1;C;559;208;351;2;349;11;338;129;95;38;19;48;5;3;1
143;LARRAONA;1;1;U;148;61;87;0;87;4;83;68;5;0;3;2;3;0;2
144;LARRAUN;1;1;A;304;71;233;0;233;4;229;59;3;27;5;71;64;0;0
144;LARRAUN;1;1;B;394;150;244;0;244;4;240;36;4;19;2;99;80;0;0
144;LARRAUN;1;1;C;325;56;269;7;262;3;259;59;3;19;0;121;57;0;0
145;LAZAGURRIA;1;1;U;207;65;142;2;140;2;138;102;24;7;1;0;2;0;2
146;LEACHE;1;1;U;48;12;36;0;36;0;36;25;2;6;1;2;0;0;0
147;LEGARDA;1;1;U;69;15;54;0;54;3;51;33;4;6;4;3;0;0;1
148;LEGARIA;1;1;U;121;46;75;1;74;1;73;42;14;5;3;5;2;2;0
149;LEITZA;1;1;A;615;147;468;6;462;8;454;93;13;15;8;205;120;0;0
149;LEITZA;1;1;B;611;147;464;5;459;8;451;96;15;22;2;210;106;0;0
149;LEITZA;1;2;A;647;168;479;5;474;5;469;82;11;20;8;268;77;3;0
149;LEITZA;1;2;B;650;194;456;7;449;5;444;100;9;20;9;174;130;1;1
150;LEOZ;1;1;U;246;59;187;1;186;7;179;48;27;23;11;48;7;2;13
151;LERGA;1;1;U;92;25;67;2;65;1;64;46;3;6;1;8;0;0;0
152;LERIN;1;1;A;362;135;227;1;226;3;223;108;41;32;20;19;2;1;0
152;LERIN;1;1;B;434;156;278;5;273;9;264;120;51;46;13;22;8;3;1
152;LERIN;2;1;A;458;176;282;2;280;13;267;105;71;34;33;18;5;0;1
152;LERIN;2;1;B;420;161;259;4;255;4;251;97;59;41;23;19;7;4;1
153;LESAKA;1;1;A;507;149;358;2;356;7;349;61;21;17;5;101;142;2;0
153;LESAKA;1;1;B;492;143;349;4;345;11;334;43;25;15;9;113;128;1;0
153;LESAKA;2;1;A;593;166;427;8;419;13;406;93;5;9;4;128;165;0;2
153;LESAKA;2;1;B;743;227;516;7;509;8;501;87;16;14;10;170;202;2;0
154;LEZAUN;1;1;U;255;118;137;5;132;7;125;73;9;7;6;22;6;1;1
155;LIEDENA;1;1;U;289;82;207;2;205;3;202;81;79;22;9;7;3;0;1
156;LIZOAIN;1;1;U;207;37;170;1;169;4;165;76;20;26;9;30;2;0;2
157;LODOSA;1;1;A;587;183;404;6;398;9;389;201;134;11;18;16;7;0;2
157;LODOSA;1;1;B;533;172;361;5;356;9;347;156;125;16;16;23;8;0;3
157;LODOSA;1;2;A;687;166;521;6;515;10;505;321;125;18;12;25;3;0;1
157;LODOSA;1;2;B;697;180;517;2;515;8;507;313;120;14;26;22;8;1;3
157;LODOSA;2;1;A;612;198;414;3;411;12;399;206;127;14;21;24;7;0;0
157;LODOSA;2;1;B;636;195;441;3;438;6;432;214;153;15;19;29;2;0;0
158;LONGUIDA;1;1;U;274;58;216;1;215;11;204;96;7;18;21;56;6;0;0
159;LUMBIER;1;1;A;654;110;544;11;533;8;525;218;41;122;17;103;13;9;2
159;LUMBIER;1;1;B;579;124;455;5;450;9;441;186;20;92;25;87;10;20;1
160;LUQUIN;1;1;U;117;29;88;0;88;3;85;50;12;2;7;9;0;4;1
161;MA헨RU;1;1;U;308;118;190;0;190;3;187;68;47;4;11;34;7;14;2
162;MARA헲N;1;1;U;70;25;45;1;44;2;42;22;12;3;0;5;0;0;0
163;MARCILLA;1;1;U;838;218;620;3;617;8;609;268;166;13;141;6;3;0;12
163;MARCILLA;2;1;A;587;128;459;3;456;3;453;153;129;7;137;7;6;0;14
163;MARCILLA;2;1;B;597;121;476;3;473;7;466;171;145;14;110;7;7;0;12
164;MELIDA;1;1;A;412;78;334;2;332;7;325;162;142;5;8;4;2;0;2
164;MELIDA;1;1;B;330;55;275;8;267;3;264;130;117;6;6;4;0;1;0
165;MENDAVIA;1;1;B;390;90;300;6;294;4;290;136;105;4;33;7;3;0;2
165;MENDAVIA;1;1;A;490;123;367;5;362;18;344;143;124;11;48;11;2;1;4
165;MENDAVIA;1;1;C;547;127;420;8;412;9;403;188;147;6;50;10;2;0;0
165;MENDAVIA;2;1;A;541;115;426;1;425;19;406;180;156;9;38;13;5;0;5
165;MENDAVIA;2;1;B;471;116;355;6;349;12;337;189;99;12;26;9;1;0;1
165;MENDAVIA;2;1;C;593;128;465;5;460;17;443;222;137;15;49;11;7;0;2
166;MENDAZA;1;1;U;343;168;175;0;175;2;173;113;26;9;11;11;1;2;0
167;MENDIGORRIA;1;1;U;764;136;628;4;624;19;605;309;70;35;72;106;9;4;0
168;METAUTEN;1;1;U;283;104;179;3;176;3;173;85;26;11;13;22;13;1;2
169;MILAGRO;1;1;A;437;93;344;2;342;3;339;177;147;3;8;1;2;0;1
169;MILAGRO;1;1;B;351;351;0;0;0;0;0;0;0;0;0;0;0;0;0
169;MILAGRO;2;1;A;611;73;538;4;534;3;531;251;248;8;15;7;0;1;1
169;MILAGRO;2;1;B;739;111;628;0;628;8;620;290;309;7;13;1;0;0;0
170;MIRAFUENTES;1;1;U;51;11;40;1;39;1;38;16;3;12;0;6;1;0;0
171;MIRANDA DE ARGA;1;1;A;433;56;377;6;371;14;357;112;175;22;21;18;8;0;1
171;MIRANDA DE ARGA;1;1;B;428;75;353;5;348;7;341;123;151;14;26;21;4;1;1
172;MONREAL;1;1;U;250;72;178;0;178;9;169;105;19;27;3;9;5;0;1
173;MONTEAGUDO;1;1;A;407;35;372;2;370;3;367;203;139;4;18;3;0;0;0
173;MONTEAGUDO;1;1;B;592;51;541;9;532;10;522;282;212;9;13;5;0;0;1
174;MORENTIN;1;1;U;108;52;56;0;56;2;54;36;9;1;3;4;0;0;1
175;MUES;1;1;U;113;35;78;1;77;2;75;44;12;9;1;4;4;0;1
176;MURCHANTE;1;1;A;816;214;602;6;596;12;584;291;227;10;30;15;7;0;4
176;MURCHANTE;1;1;B;810;214;596;10;586;13;573;295;212;16;29;13;2;0;6
176;MURCHANTE;2;1;U;903;236;667;15;652;17;635;337;226;22;26;15;0;1;8
177;MURIETA;1;1;U;250;97;153;0;153;3;150;77;20;14;10;22;6;1;0
178;MURILLO EL CUENDE;1;1;A;72;23;49;0;49;0;49;25;21;1;1;0;1;0;0
178;MURILLO EL CUENDE;1;1;B;424;111;313;3;310;9;301;140;81;4;7;7;3;0;59
178;MURILLO EL CUENDE;1;1;C;67;9;58;1;57;2;55;44;6;2;0;3;0;0;0
179;MURILLO EL FRUTO;1;1;U;667;102;565;8;557;17;540;265;218;18;13;20;4;0;2
180;MURUZABAL;1;1;U;217;60;157;0;157;4;153;107;9;7;10;17;1;0;2
181;NAVASCUES;1;1;U;200;52;148;2;146;5;141;63;15;14;9;38;2;0;0
182;NAZAR;1;1;U;52;20;32;0;32;0;32;14;6;0;5;3;3;0;1
183;OBANOS;1;1;U;614;89;525;1;524;11;513;275;68;23;46;58;37;3;3
184;OCO;1;1;U;78;29;49;0;49;0;49;34;0;3;2;8;2;0;0
185;OCHAGAVIA;1;1;U;626;101;525;5;520;15;505;260;25;47;36;113;22;1;1
186;ODIETA;1;1;U;268;120;148;1;147;4;143;57;7;15;6;47;10;0;1
187;OITZ;1;1;U;126;45;81;2;79;1;78;12;3;9;0;25;27;2;0
188;OLAIBAR;1;1;U;148;59;89;1;88;4;84;38;9;14;0;16;5;0;2
189;OLAZTI / OLAZAGUTIA;1;1;A;425;124;301;4;297;9;288;76;42;19;16;103;30;0;2
189;OLAZTI / OLAZAGUTIA;1;1;B;455;131;324;4;320;16;304;65;58;20;17;115;27;2;0
189;OLAZTI / OLAZAGUTIA;1;1;C;521;170;351;6;345;15;330;81;60;22;27;117;22;1;0
190;OLEJUA;1;1;U;50;17;33;0;33;1;32;23;1;2;1;2;1;0;2
191;OLITE;1;1;A;791;185;606;6;600;9;591;229;224;36;23;52;17;7;3
191;OLITE;1;1;B;756;196;560;3;557;9;548;202;211;44;25;39;21;5;1
191;OLITE;2;1;A;479;113;366;2;364;8;356;136;149;8;18;24;18;3;0
191;OLITE;2;1;B;519;144;375;2;373;4;369;161;139;21;16;17;14;1;0
192;OLORIZ;1;1;U;161;45;116;1;115;2;113;52;22;16;8;9;3;3;0
193;OLZA;1;1;A;270;60;210;7;203;14;189;76;20;23;10;56;2;2;0
193;OLZA;1;1;B;447;119;328;3;325;8;317;153;31;32;10;76;10;0;5
193;OLZA;1;1;C;376;88;288;3;285;11;274;133;29;25;18;56;8;0;5
194;OLLO;1;1;U;352;102;250;1;249;12;237;82;17;40;20;65;7;3;3
195;ORBAITZETA;1;1;U;211;73;138;1;137;4;133;50;2;12;0;53;16;0;0
196;ORBARA;1;1;U;56;11;45;0;45;2;43;13;5;6;2;16;1;0;0
197;ORISOAIN;1;1;U;87;37;50;0;50;2;48;27;12;4;1;1;3;0;0
198;ORONZ;1;1;U;47;15;32;0;32;1;31;7;5;7;2;9;0;1;0
199;OROZ-BETELU;1;1;U;213;78;135;5;130;3;127;52;25;7;2;33;8;0;0
200;OTEIZA;1;1;U;797;193;604;11;593;22;571;196;118;41;54;121;32;1;8
201;PAMPLONA / IRU헤;1;1;U;769;304;465;5;460;4;456;121;55;24;26;200;26;1;3
201;PAMPLONA / IRU헤;1;2;U;579;199;380;1;379;6;373;105;40;19;27;168;13;1;0
201;PAMPLONA / IRU헤;1;3;U;727;286;441;1;440;7;433;124;41;38;35;157;32;1;5
201;PAMPLONA / IRU헤;1;4;A;401;137;264;1;263;10;253;66;31;27;11;100;15;0;3
201;PAMPLONA / IRU헤;1;4;B;385;138;247;4;243;5;238;65;35;13;21;87;17;0;0
201;PAMPLONA / IRU헤;1;5;B;478;189;289;7;282;5;277;72;44;19;12;108;17;0;5
201;PAMPLONA / IRU헤;1;5;A;454;170;284;3;281;4;277;67;41;24;9;122;14;0;0
201;PAMPLONA / IRU헤;1;6;U;666;239;427;2;425;9;416;168;33;29;22;124;37;2;1
201;PAMPLONA / IRU헤;1;7;U;639;248;391;0;391;4;387;119;43;21;40;130;33;1;0
201;PAMPLONA / IRU헤;1;8;U;751;315;436;4;432;9;423;193;38;40;23;106;21;0;2
201;PAMPLONA / IRU헤;1;9;A;463;151;312;2;310;8;302;124;37;23;15;87;15;0;1
201;PAMPLONA / IRU헤;1;9;B;387;138;249;1;248;0;248;89;27;23;23;55;23;6;2
201;PAMPLONA / IRU헤;1;10;A;412;130;282;2;280;6;274;101;33;24;24;79;13;0;0
201;PAMPLONA / IRU헤;1;10;B;458;154;304;1;303;6;297;111;29;38;27;72;14;0;6
201;PAMPLONA / IRU헤;1;11;A;398;181;217;2;215;2;213;47;18;10;9;117;12;0;0
201;PAMPLONA / IRU헤;1;11;B;393;167;226;1;225;3;222;56;28;18;29;80;5;2;4
201;PAMPLONA / IRU헤;1;12;U;696;335;361;2;359;3;356;79;56;18;22;160;17;2;2
201;PAMPLONA / IRU헤;1;13;A;471;172;299;1;298;1;297;71;50;18;20;122;14;0;2
201;PAMPLONA / IRU헤;1;13;B;515;214;301;1;300;2;298;72;30;36;20;122;13;2;3
201;PAMPLONA / IRU헤;2;1;A;563;204;359;3;356;8;348;196;23;32;24;43;30;0;0
201;PAMPLONA / IRU헤;2;1;B;549;194;355;2;353;11;342;166;30;40;25;48;30;0;3
201;PAMPLONA / IRU헤;2;2;A;460;130;330;0;330;8;322;222;13;42;7;19;17;1;1
201;PAMPLONA / IRU헤;2;2;B;436;136;300;1;299;3;296;199;18;34;5;18;19;0;3
201;PAMPLONA / IRU헤;2;3;B;542;174;368;1;367;5;362;230;34;32;9;26;28;1;2
201;PAMPLONA / IRU헤;2;3;A;343;84;259;0;259;3;256;186;10;26;3;11;13;5;2
201;PAMPLONA / IRU헤;2;4;A;640;198;442;3;439;10;429;335;19;22;10;22;21;0;0
201;PAMPLONA / IRU헤;2;4;B;577;182;395;0;395;6;389;292;17;26;11;19;23;0;1
201;PAMPLONA / IRU헤;2;4;C;581;204;377;0;377;8;369;300;18;18;8;12;11;1;1
201;PAMPLONA / IRU헤;2;5;B;588;163;425;5;420;8;412;253;32;43;17;36;27;0;4
201;PAMPLONA / IRU헤;2;5;C;516;141;375;2;373;11;362;225;37;34;14;20;26;0;6
201;PAMPLONA / IRU헤;2;5;A;460;120;340;0;340;12;328;212;21;31;7;19;34;0;4
201;PAMPLONA / IRU헤;2;6;B;580;190;390;1;389;7;382;229;22;34;18;38;33;0;8
201;PAMPLONA / IRU헤;2;6;A;619;207;412;0;412;12;400;232;24;46;21;39;37;0;1
201;PAMPLONA / IRU헤;2;7;A;461;140;321;1;320;10;310;186;18;29;10;44;20;1;2
201;PAMPLONA / IRU헤;2;7;B;504;161;343;1;342;8;334;211;22;33;19;35;14;0;0
201;PAMPLONA / IRU헤;2;8;A;566;183;383;5;378;8;370;189;36;45;15;54;28;0;3
201;PAMPLONA / IRU헤;2;8;B;568;174;394;4;390;6;384;196;45;42;19;43;36;1;2
201;PAMPLONA / IRU헤;2;9;A;585;207;378;3;375;10;365;160;50;34;17;76;23;0;5
201;PAMPLONA / IRU헤;2;9;B;539;215;324;2;322;3;319;127;50;29;38;40;30;1;4
201;PAMPLONA / IRU헤;2;10;A;589;208;381;1;380;14;366;201;45;24;27;39;28;0;2
201;PAMPLONA / IRU헤;2;10;B;589;189;400;3;397;14;383;204;30;40;27;53;27;1;1
201;PAMPLONA / IRU헤;2;11;A;623;210;413;2;411;12;399;194;52;47;22;45;35;1;3
201;PAMPLONA / IRU헤;2;11;B;612;195;417;1;416;11;405;150;42;56;36;46;40;30;5
201;PAMPLONA / IRU헤;2;12;A;678;222;456;1;455;5;450;242;61;43;18;56;28;1;1
201;PAMPLONA / IRU헤;2;12;B;651;204;447;2;445;16;429;245;58;28;11;55;30;0;2
201;PAMPLONA / IRU헤;2;13;A;426;142;284;3;281;8;273;195;9;26;6;14;20;0;3
201;PAMPLONA / IRU헤;2;13;B;397;119;278;1;277;8;269;175;19;19;11;19;24;1;1
201;PAMPLONA / IRU헤;2;14;A;656;187;469;2;467;6;461;295;25;34;13;53;38;0;3
201;PAMPLONA / IRU헤;2;14;B;592;179;413;3;410;14;396;255;32;30;10;29;36;1;3
201;PAMPLONA / IRU헤;2;15;A;429;128;301;1;300;5;295;166;28;19;13;50;19;0;0
201;PAMPLONA / IRU헤;2;15;B;462;153;309;1;308;10;298;182;34;18;18;32;14;0;0
201;PAMPLONA / IRU헤;2;16;A;429;166;263;0;263;11;252;106;28;19;22;53;20;0;4
201;PAMPLONA / IRU헤;2;16;B;414;149;265;0;265;12;253;117;29;17;23;47;16;0;4
201;PAMPLONA / IRU헤;2;17;A;448;164;284;0;284;3;281;180;32;30;12;15;11;0;1
201;PAMPLONA / IRU헤;2;17;B;379;124;255;4;251;4;247;157;29;25;7;14;12;1;2
201;PAMPLONA / IRU헤;3;1;A;431;157;274;0;274;4;270;122;35;26;25;46;14;1;1
201;PAMPLONA / IRU헤;3;1;B;445;168;277;0;277;5;272;115;37;25;16;61;16;1;1
201;PAMPLONA / IRU헤;3;2;B;467;142;325;2;323;8;315;193;17;29;19;30;24;3;0
201;PAMPLONA / IRU헤;3;2;A;450;160;290;1;289;10;279;172;21;23;11;31;20;0;1
201;PAMPLONA / IRU헤;3;3;A;527;165;362;1;361;6;355;142;51;44;33;66;15;0;4
201;PAMPLONA / IRU헤;3;3;B;642;213;429;1;428;7;421;183;50;41;36;83;28;0;0
201;PAMPLONA / IRU헤;3;3;C;609;206;403;3;400;6;394;174;48;46;41;70;9;1;5
201;PAMPLONA / IRU헤;3;4;A;410;161;249;2;247;3;244;84;40;21;18;67;13;0;1
201;PAMPLONA / IRU헤;3;4;B;383;158;225;0;225;2;223;80;46;18;15;54;10;0;0
201;PAMPLONA / IRU헤;3;5;A;517;204;313;1;312;9;303;122;37;29;27;65;22;0;1
201;PAMPLONA / IRU헤;3;5;B;533;175;358;1;357;4;353;200;38;39;15;41;19;0;1
201;PAMPLONA / IRU헤;3;6;A;517;165;352;2;350;13;337;199;20;46;17;35;17;1;2
201;PAMPLONA / IRU헤;3;6;B;552;163;389;2;387;7;380;237;22;39;15;36;25;0;6
201;PAMPLONA / IRU헤;3;6;C;531;177;354;2;352;5;347;200;32;41;16;37;17;3;1
201;PAMPLONA / IRU헤;3;7;A;602;151;451;1;450;16;434;280;36;41;21;30;22;0;4
201;PAMPLONA / IRU헤;3;7;B;608;169;439;2;437;12;425;292;43;30;24;25;7;0;4
201;PAMPLONA / IRU헤;3;8;A;430;189;241;0;241;4;237;96;36;21;19;52;12;0;1
201;PAMPLONA / IRU헤;3;8;B;506;189;317;0;317;4;313;133;52;22;30;62;11;1;2
201;PAMPLONA / IRU헤;3;8;C;432;169;263;0;263;0;263;114;38;17;17;64;12;0;1
201;PAMPLONA / IRU헤;3;9;A;605;240;365;2;363;5;358;148;47;25;22;99;15;1;1
201;PAMPLONA / IRU헤;3;9;B;552;218;334;1;333;11;322;138;55;32;26;57;10;4;0
201;PAMPLONA / IRU헤;3;10;A;579;210;369;2;367;6;361;152;62;37;32;60;16;0;2
201;PAMPLONA / IRU헤;3;10;B;618;237;381;5;376;10;366;177;58;39;21;53;13;3;2
201;PAMPLONA / IRU헤;3;11;A;620;166;454;0;454;18;436;267;39;40;32;38;19;0;1
201;PAMPLONA / IRU헤;3;11;B;555;142;413;3;410;21;389;230;39;41;27;24;24;0;4
201;PAMPLONA / IRU헤;3;12;A;523;187;336;4;332;5;327;158;34;43;21;51;18;1;1
201;PAMPLONA / IRU헤;3;12;B;539;187;352;2;350;11;339;174;40;38;19;43;22;0;3
201;PAMPLONA / IRU헤;3;13;A;581;241;340;3;337;9;328;91;76;33;26;81;21;0;0
201;PAMPLONA / IRU헤;3;13;B;588;226;362;1;361;7;354;103;76;32;25;100;11;0;7
201;PAMPLONA / IRU헤;3;14;C;549;189;360;2;358;13;345;191;38;41;29;30;10;2;4
201;PAMPLONA / IRU헤;3;14;A;550;182;368;0;368;7;361;197;44;33;21;41;21;0;4
201;PAMPLONA / IRU헤;3;14;B;491;193;298;3;295;4;291;166;36;29;15;31;11;0;3
201;PAMPLONA / IRU헤;3;15;A;522;158;364;2;362;7;355;212;37;41;6;30;26;1;2
201;PAMPLONA / IRU헤;3;15;B;598;208;390;2;388;2;386;231;36;46;16;37;16;0;4
201;PAMPLONA / IRU헤;3;15;C;564;205;359;2;357;11;346;222;21;39;19;28;13;2;2
201;PAMPLONA / IRU헤;3;16;A;514;167;347;4;343;13;330;216;28;38;13;15;15;2;3
201;PAMPLONA / IRU헤;3;16;B;532;185;347;2;345;8;337;209;27;24;13;26;32;2;4
201;PAMPLONA / IRU헤;3;17;A;582;188;394;0;394;9;385;253;23;35;16;27;27;2;2
201;PAMPLONA / IRU헤;3;17;B;564;157;407;2;405;12;393;277;26;33;12;26;18;0;1
201;PAMPLONA / IRU헤;3;18;A;513;171;342;1;341;6;335;155;51;31;22;59;15;0;2
201;PAMPLONA / IRU헤;3;18;B;578;198;380;4;376;12;364;151;69;47;19;63;12;0;3
201;PAMPLONA / IRU헤;3;19;A;532;179;353;1;352;3;349;120;64;34;29;87;13;0;2
201;PAMPLONA / IRU헤;3;19;B;648;224;424;4;420;8;412;134;79;48;30;97;20;0;4
201;PAMPLONA / IRU헤;3;19;C;640;217;423;7;416;7;409;171;68;36;40;79;8;0;7
201;PAMPLONA / IRU헤;3;20;A;766;265;501;0;501;14;487;281;67;33;17;49;34;3;3
201;PAMPLONA / IRU헤;3;20;B;693;246;447;0;447;11;436;224;59;37;31;52;30;0;3
201;PAMPLONA / IRU헤;3;21;A;610;176;434;3;431;8;423;140;55;53;27;124;21;0;3
201;PAMPLONA / IRU헤;3;21;B;719;235;484;4;480;16;464;157;68;64;44;105;21;0;5
201;PAMPLONA / IRU헤;3;22;A;400;150;250;0;250;9;241;61;49;17;26;74;11;0;3
201;PAMPLONA / IRU헤;3;22;B;371;117;254;1;253;7;246;45;60;17;28;75;16;2;3
201;PAMPLONA / IRU헤;3;23;B;713;220;493;4;489;9;480;292;51;24;25;41;43;0;4
201;PAMPLONA / IRU헤;3;23;A;740;244;496;1;495;12;483;289;48;43;19;38;39;1;6
201;PAMPLONA / IRU헤;3;24;A;677;226;451;3;448;8;440;258;60;46;12;46;18;0;0
201;PAMPLONA / IRU헤;3;24;B;687;237;450;5;445;11;434;261;70;40;21;24;17;1;0
201;PAMPLONA / IRU헤;3;25;A;816;305;511;7;504;15;489;242;63;54;32;56;34;2;6
201;PAMPLONA / IRU헤;3;25;B;812;302;510;0;510;12;498;228;88;61;36;60;22;0;3
201;PAMPLONA / IRU헤;3;26;A;662;303;359;1;358;11;347;97;83;23;34;93;15;2;0
201;PAMPLONA / IRU헤;3;26;B;625;297;328;1;327;7;320;90;91;26;30;68;10;0;5
201;PAMPLONA / IRU헤;3;27;A;466;177;289;1;288;12;276;140;43;22;17;29;24;0;1
201;PAMPLONA / IRU헤;3;27;B;477;201;276;1;275;10;265;123;49;35;21;25;9;0;3
201;PAMPLONA / IRU헤;4;1;B;661;292;369;0;369;5;364;227;38;37;11;26;23;0;2
201;PAMPLONA / IRU헤;4;1;A;717;287;430;2;428;14;414;253;24;61;20;31;21;1;3
201;PAMPLONA / IRU헤;4;2;A;483;168;315;1;314;12;302;167;37;22;21;42;11;0;2
201;PAMPLONA / IRU헤;4;2;B;620;209;411;4;407;7;400;230;40;35;27;40;25;0;3
201;PAMPLONA / IRU헤;4;2;C;500;188;312;1;311;9;302;165;40;28;16;34;16;0;3
201;PAMPLONA / IRU헤;4;3;A;674;255;419;3;416;8;408;183;69;54;25;51;21;2;3
201;PAMPLONA / IRU헤;4;3;B;652;241;411;1;410;15;395;190;71;44;31;40;17;0;2
201;PAMPLONA / IRU헤;4;4;A;529;165;364;0;364;15;349;231;10;44;17;23;21;0;3
201;PAMPLONA / IRU헤;4;4;B;585;164;421;2;419;16;403;271;17;55;16;29;14;0;1
201;PAMPLONA / IRU헤;4;5;A;573;167;406;1;405;9;396;194;55;39;33;48;22;0;5
201;PAMPLONA / IRU헤;4;5;B;634;202;432;4;428;10;418;204;60;61;23;42;27;0;1
201;PAMPLONA / IRU헤;4;6;A;474;122;352;0;352;10;342;220;20;37;13;23;28;0;1
201;PAMPLONA / IRU헤;4;6;B;417;141;276;2;274;4;270;180;13;33;6;23;15;0;0
201;PAMPLONA / IRU헤;4;7;A;604;200;404;2;402;9;393;246;29;35;14;30;37;0;2
201;PAMPLONA / IRU헤;4;7;B;655;204;451;2;449;19;430;263;40;37;13;50;22;0;5
201;PAMPLONA / IRU헤;4;8;A;738;200;538;2;536;15;521;228;74;59;25;83;50;0;2
201;PAMPLONA / IRU헤;4;8;B;705;206;499;0;499;20;479;245;40;57;33;70;28;1;5
201;PAMPLONA / IRU헤;4;9;A;561;219;342;0;342;8;334;176;53;28;21;37;17;2;0
201;PAMPLONA / IRU헤;4;9;B;411;127;284;0;284;9;275;124;44;27;20;41;12;1;6
201;PAMPLONA / IRU헤;4;10;A;716;215;501;3;498;18;480;261;52;42;19;70;28;2;6
201;PAMPLONA / IRU헤;4;10;B;774;263;511;4;507;15;492;266;61;54;34;44;33;0;0
201;PAMPLONA / IRU헤;4;11;A;641;269;372;2;370;7;363;166;63;34;30;50;18;0;2
201;PAMPLONA / IRU헤;4;11;B;671;251;420;4;416;10;406;169;80;44;27;59;25;1;1
201;PAMPLONA / IRU헤;4;12;A;514;266;248;2;246;5;241;43;90;18;36;42;8;3;1
201;PAMPLONA / IRU헤;4;12;B;576;300;276;3;273;8;265;50;131;11;24;41;6;0;2
201;PAMPLONA / IRU헤;4;13;A;650;296;354;1;353;3;350;93;120;7;46;75;8;0;1
201;PAMPLONA / IRU헤;4;13;B;669;328;341;1;340;1;339;100;100;9;50;74;4;0;2
201;PAMPLONA / IRU헤;4;14;A;594;170;424;2;422;12;410;208;44;53;28;52;21;1;3
201;PAMPLONA / IRU헤;4;14;B;674;200;474;3;471;19;452;218;49;42;32;79;27;5;0
201;PAMPLONA / IRU헤;4;15;U;698;237;461;1;460;8;452;215;59;47;29;78;21;1;2
201;PAMPLONA / IRU헤;4;16;A;394;117;277;3;274;5;269;154;26;36;9;26;14;0;4
201;PAMPLONA / IRU헤;4;16;B;465;138;327;2;325;12;313;171;43;35;18;32;12;1;1
201;PAMPLONA / IRU헤;4;17;C;537;173;364;3;361;14;347;209;35;30;21;36;14;0;2
201;PAMPLONA / IRU헤;4;17;A;588;182;406;1;405;15;390;199;47;42;25;48;27;1;1
201;PAMPLONA / IRU헤;4;17;B;570;183;387;2;385;12;373;214;43;36;12;43;19;2;4
201;PAMPLONA / IRU헤;4;18;A;574;194;380;1;379;8;371;207;34;47;24;27;30;1;1
201;PAMPLONA / IRU헤;4;18;B;621;197;424;0;424;11;413;229;43;59;22;29;25;1;5
201;PAMPLONA / IRU헤;4;18;C;529;175;354;2;352;7;345;209;41;31;17;28;14;3;2
201;PAMPLONA / IRU헤;4;19;A;514;136;378;0;378;8;370;173;54;32;26;56;26;0;3
201;PAMPLONA / IRU헤;4;19;B;509;157;352;1;351;10;341;176;45;24;18;48;28;0;2
201;PAMPLONA / IRU헤;4;20;A;424;136;288;2;286;10;276;124;37;26;16;54;19;0;0
201;PAMPLONA / IRU헤;4;20;B;437;123;314;3;311;8;303;158;34;28;27;39;16;0;1
201;PAMPLONA / IRU헤;4;21;A;514;180;334;1;333;6;327;111;74;47;28;45;19;1;2
201;PAMPLONA / IRU헤;4;21;B;544;190;354;1;353;11;342;114;68;39;45;55;15;1;5
201;PAMPLONA / IRU헤;4;21;C;495;167;328;2;326;8;318;132;49;46;27;45;15;0;4
201;PAMPLONA / IRU헤;4;22;A;478;165;313;2;311;6;305;130;41;33;15;62;23;0;1
201;PAMPLONA / IRU헤;4;22;B;432;137;295;3;292;13;279;116;42;29;25;45;19;0;3
201;PAMPLONA / IRU헤;4;23;U;541;156;385;0;385;16;369;225;35;32;15;33;26;0;3
201;PAMPLONA / IRU헤;4;24;A;763;233;530;7;523;13;510;299;54;48;16;52;39;0;2
201;PAMPLONA / IRU헤;4;24;B;744;208;536;3;533;13;520;320;52;52;25;34;35;0;2
201;PAMPLONA / IRU헤;4;25;A;508;175;333;0;333;13;320;120;46;43;34;55;19;0;3
201;PAMPLONA / IRU헤;4;25;B;577;218;359;3;356;10;346;126;55;30;26;78;25;4;2
201;PAMPLONA / IRU헤;4;25;C;504;205;299;1;298;8;290;109;50;26;26;63;13;0;3
201;PAMPLONA / IRU헤;4;26;A;560;259;301;3;298;4;294;111;57;30;22;55;19;0;0
201;PAMPLONA / IRU헤;4;26;B;561;246;315;3;312;3;309;141;59;21;34;43;9;0;2
201;PAMPLONA / IRU헤;5;1;A;488;190;298;0;298;1;297;209;45;12;6;20;5;0;0
201;PAMPLONA / IRU헤;5;1;B;478;192;286;2;284;3;281;204;29;12;11;15;6;2;2
201;PAMPLONA / IRU헤;5;2;A;503;186;317;1;316;2;314;119;57;33;30;62;10;0;3
201;PAMPLONA / IRU헤;5;2;B;486;187;299;0;299;4;295;105;46;25;24;64;25;2;4
201;PAMPLONA / IRU헤;5;3;U;677;264;413;5;408;8;400;201;64;37;35;51;8;1;3
201;PAMPLONA / IRU헤;5;4;A;532;190;342;3;339;9;330;129;59;29;22;68;16;3;4
201;PAMPLONA / IRU헤;5;4;B;512;202;310;2;308;9;299;101;77;30;22;56;11;1;1
201;PAMPLONA / IRU헤;5;5;A;546;254;292;0;292;5;287;95;79;23;29;45;12;1;3
201;PAMPLONA / IRU헤;5;5;B;509;196;313;4;309;3;306;117;74;41;20;38;14;0;2
201;PAMPLONA / IRU헤;5;6;A;609;253;356;4;352;10;342;134;65;30;13;84;11;1;4
201;PAMPLONA / IRU헤;5;6;B;572;217;355;8;347;9;338;131;59;38;30;70;7;0;3
201;PAMPLONA / IRU헤;5;7;A;609;269;340;1;339;2;337;116;88;21;20;74;15;0;3
201;PAMPLONA / IRU헤;5;7;B;639;290;349;1;348;8;340;122;65;34;26;77;11;0;5
201;PAMPLONA / IRU헤;5;8;A;441;159;282;3;279;4;275;168;36;17;12;22;18;0;2
201;PAMPLONA / IRU헤;5;8;B;453;174;279;1;278;3;275;156;40;17;25;21;13;1;2
201;PAMPLONA / IRU헤;5;9;A;717;223;494;4;490;9;481;255;48;38;21;81;33;1;4
201;PAMPLONA / IRU헤;5;9;B;684;264;420;2;418;12;406;210;53;29;33;52;24;0;5
201;PAMPLONA / IRU헤;5;10;A;614;204;410;3;407;9;398;158;72;36;36;80;15;0;1
201;PAMPLONA / IRU헤;5;10;B;639;228;411;1;410;13;397;144;74;45;25;67;31;1;10
201;PAMPLONA / IRU헤;5;11;A;636;271;365;0;365;6;359;145;54;41;25;69;23;0;2
201;PAMPLONA / IRU헤;5;11;B;562;227;335;3;332;12;320;138;46;33;21;59;21;0;2
201;PAMPLONA / IRU헤;5;12;A;454;194;260;4;256;5;251;75;45;25;22;63;12;6;3
201;PAMPLONA / IRU헤;5;12;B;429;177;252;1;251;4;247;83;47;23;29;60;5;0;0
201;PAMPLONA / IRU헤;6;1;A;537;255;282;1;281;8;273;91;53;17;16;81;13;1;1
201;PAMPLONA / IRU헤;6;1;B;586;259;327;4;323;12;311;90;59;22;24;103;10;2;1
201;PAMPLONA / IRU헤;6;2;A;610;298;312;4;308;6;302;81;69;24;40;75;6;3;4
201;PAMPLONA / IRU헤;6;2;B;669;336;333;1;332;11;321;111;69;23;30;75;11;0;2
201;PAMPLONA / IRU헤;6;2;C;512;253;259;8;251;4;247;80;60;14;22;55;13;3;0
201;PAMPLONA / IRU헤;6;3;A;575;219;356;1;355;5;350;64;72;23;43;134;13;1;0
201;PAMPLONA / IRU헤;6;3;B;537;231;306;2;304;3;301;74;68;18;28;101;11;1;0
201;PAMPLONA / IRU헤;6;4;A;478;188;290;2;288;3;285;74;84;16;25;71;12;0;3
201;PAMPLONA / IRU헤;6;4;B;513;226;287;3;284;2;282;60;88;16;21;76;17;0;4
201;PAMPLONA / IRU헤;6;5;A;639;267;372;1;371;7;364;98;67;30;30;119;16;1;3
201;PAMPLONA / IRU헤;6;5;B;682;304;378;2;376;10;366;118;86;24;29;97;10;0;2
201;PAMPLONA / IRU헤;6;6;A;401;168;233;0;233;3;230;53;45;13;14;91;11;0;3
201;PAMPLONA / IRU헤;6;6;B;387;176;211;0;211;2;209;43;42;11;21;83;9;0;0
201;PAMPLONA / IRU헤;6;7;A;482;174;308;3;305;4;301;85;65;23;27;98;3;0;0
201;PAMPLONA / IRU헤;6;7;B;547;210;337;2;335;2;333;73;87;19;32;110;12;0;0
201;PAMPLONA / IRU헤;6;7;C;542;219;323;2;321;8;313;97;65;23;19;100;7;0;2
201;PAMPLONA / IRU헤;6;9;A;456;158;298;2;296;4;292;92;59;22;30;66;19;0;4
201;PAMPLONA / IRU헤;6;9;B;459;163;296;4;292;4;288;80;74;22;18;83;8;0;3
201;PAMPLONA / IRU헤;6;10;A;696;275;421;1;420;7;413;122;67;34;34;136;16;0;4
201;PAMPLONA / IRU헤;6;10;B;617;216;401;0;401;5;396;135;57;34;41;107;17;0;5
201;PAMPLONA / IRU헤;6;11;A;434;182;252;0;252;1;251;100;63;15;25;45;3;0;0
201;PAMPLONA / IRU헤;6;11;B;427;165;262;1;261;7;254;71;63;20;27;64;8;0;1
201;PAMPLONA / IRU헤;6;12;A;728;289;439;1;438;16;422;115;75;33;39;138;19;0;3
201;PAMPLONA / IRU헤;6;12;B;775;301;474;3;471;17;454;105;104;31;57;141;10;0;6
201;PAMPLONA / IRU헤;6;13;A;617;272;345;3;342;6;336;89;74;24;33;98;14;3;1
201;PAMPLONA / IRU헤;6;13;B;615;268;347;0;347;6;341;89;82;20;39;99;12;0;0
201;PAMPLONA / IRU헤;6;14;A;478;165;313;6;307;7;300;69;50;19;44;101;9;1;7
201;PAMPLONA / IRU헤;6;14;B;512;194;318;3;315;8;307;87;63;25;36;87;8;0;1
201;PAMPLONA / IRU헤;6;15;A;746;292;454;1;453;11;442;131;74;34;52;127;20;1;3
201;PAMPLONA / IRU헤;6;15;B;728;283;445;4;441;21;420;166;84;23;47;92;5;0;3
201;PAMPLONA / IRU헤;7;1;A;634;283;351;7;344;4;340;87;77;29;59;78;9;0;1
201;PAMPLONA / IRU헤;7;1;B;674;295;379;3;376;5;371;102;92;30;46;94;6;0;1
201;PAMPLONA / IRU헤;7;2;A;650;324;326;2;324;6;318;84;87;24;36;73;13;0;1
201;PAMPLONA / IRU헤;7;2;B;565;259;306;5;301;4;297;84;91;16;33;61;10;0;2
201;PAMPLONA / IRU헤;7;3;A;768;337;431;8;423;5;418;120;106;25;40;114;11;2;0
201;PAMPLONA / IRU헤;7;3;B;760;333;427;1;426;10;416;101;124;30;26;115;14;0;6
201;PAMPLONA / IRU헤;7;4;A;587;290;297;2;295;8;287;79;75;18;39;65;9;1;1
201;PAMPLONA / IRU헤;7;4;B;617;299;318;0;318;5;313;62;96;19;36;91;4;0;5
201;PAMPLONA / IRU헤;7;5;A;452;185;267;1;266;6;260;80;49;23;33;69;6;0;0
201;PAMPLONA / IRU헤;7;5;B;509;219;290;2;288;7;281;85;70;22;28;62;9;2;3
201;PAMPLONA / IRU헤;7;6;A;639;282;357;8;349;5;344;77;81;21;45;103;16;0;1
201;PAMPLONA / IRU헤;7;6;B;703;324;379;3;376;5;371;94;87;18;43;107;21;1;0
201;PAMPLONA / IRU헤;7;7;B;645;311;334;4;330;4;326;69;87;16;45;91;15;0;3
201;PAMPLONA / IRU헤;7;7;C;546;268;278;3;275;4;271;57;75;13;31;86;6;0;3
201;PAMPLONA / IRU헤;7;7;A;563;289;274;5;269;6;263;51;71;18;25;83;8;4;3
201;PAMPLONA / IRU헤;7;8;B;645;285;360;1;359;4;355;85;106;20;38;91;13;0;2
201;PAMPLONA / IRU헤;7;8;A;661;326;335;5;330;4;326;56;91;30;39;97;10;0;3
201;PAMPLONA / IRU헤;7;9;A;581;341;240;1;239;2;237;85;50;15;19;58;4;0;6
201;PAMPLONA / IRU헤;7;9;B;585;335;250;0;250;5;245;87;48;13;30;59;8;0;0
201;PAMPLONA / IRU헤;7;10;A;396;197;199;2;197;5;192;54;47;9;21;51;9;0;1
201;PAMPLONA / IRU헤;7;10;B;435;229;206;3;203;2;201;49;65;11;13;49;8;1;5
201;PAMPLONA / IRU헤;7;11;C;539;237;302;4;298;11;287;83;70;26;31;74;3;0;0
201;PAMPLONA / IRU헤;7;11;A;486;230;256;0;256;8;248;71;54;20;33;61;9;0;0
201;PAMPLONA / IRU헤;7;11;B;632;293;339;4;335;11;324;98;72;26;33;76;15;0;4
201;PAMPLONA / IRU헤;7;12;A;545;211;334;5;329;10;319;94;81;16;26;90;10;0;2
201;PAMPLONA / IRU헤;7;12;B;626;274;352;1;351;13;338;86;96;18;35;85;17;0;1
201;PAMPLONA / IRU헤;7;13;A;539;230;309;0;309;6;303;72;98;23;34;69;4;0;3
201;PAMPLONA / IRU헤;7;13;B;558;242;316;2;314;7;307;80;90;22;38;67;8;1;1
201;PAMPLONA / IRU헤;7;14;A;755;341;414;4;410;8;402;117;115;39;39;78;13;0;1
201;PAMPLONA / IRU헤;7;14;B;752;348;404;2;402;4;398;133;99;28;40;88;7;0;3
201;PAMPLONA / IRU헤;7;15;A;548;214;334;4;330;4;326;94;72;27;40;78;13;0;2
201;PAMPLONA / IRU헤;7;15;B;566;208;358;2;356;9;347;102;95;23;43;66;16;0;2
201;PAMPLONA / IRU헤;7;16;A;507;223;284;2;282;10;272;83;72;15;28;60;13;1;0
201;PAMPLONA / IRU헤;7;16;B;519;220;299;1;298;2;296;83;88;15;25;72;9;0;4
201;PAMPLONA / IRU헤;7;17;U;747;318;429;5;424;18;406;107;116;17;44;112;7;0;3
201;PAMPLONA / IRU헤;7;18;A;629;264;365;1;364;8;356;100;79;29;34;97;12;1;4
201;PAMPLONA / IRU헤;7;18;B;636;283;353;3;350;11;339;117;68;25;31;87;9;0;2
201;PAMPLONA / IRU헤;7;19;A;582;239;343;2;341;2;339;86;68;40;34;97;9;1;4
201;PAMPLONA / IRU헤;7;19;B;677;310;367;2;365;4;361;108;96;32;31;79;11;0;4
201;PAMPLONA / IRU헤;8;1;A;494;215;279;2;277;10;267;58;62;23;32;61;24;2;5
201;PAMPLONA / IRU헤;8;1;B;557;227;330;3;327;4;323;73;84;33;35;80;13;0;5
201;PAMPLONA / IRU헤;8;2;A;522;199;323;0;323;11;312;118;60;35;44;31;21;0;3
201;PAMPLONA / IRU헤;8;2;B;608;201;407;2;405;18;387;127;47;45;55;88;22;0;3
201;PAMPLONA / IRU헤;8;2;C;551;232;319;4;315;3;312;84;65;30;32;83;16;1;1
201;PAMPLONA / IRU헤;8;3;A;547;216;331;2;329;10;319;78;49;25;58;88;16;0;5
201;PAMPLONA / IRU헤;8;3;B;585;222;363;0;363;3;360;96;66;35;61;75;17;1;9
201;PAMPLONA / IRU헤;8;3;C;558;219;339;1;338;12;326;94;63;24;49;83;10;1;2
201;PAMPLONA / IRU헤;8;4;A;514;202;312;2;310;4;306;68;52;34;42;96;13;0;1
201;PAMPLONA / IRU헤;8;4;B;485;176;309;1;308;8;300;60;42;39;61;84;12;2;0
201;PAMPLONA / IRU헤;8;5;A;429;164;265;1;264;6;258;73;37;23;46;64;15;0;0
201;PAMPLONA / IRU헤;8;5;B;462;201;261;2;259;5;254;63;51;25;49;49;15;0;2
202;PERALTA;1;1;A;513;136;377;3;374;6;368;208;72;14;49;12;1;3;9
202;PERALTA;1;1;B;540;133;407;8;399;7;392;209;105;14;41;3;3;3;14
202;PERALTA;1;2;A;754;167;587;6;581;13;568;241;140;23;100;16;5;4;39
202;PERALTA;1;2;B;599;141;458;0;458;13;445;158;108;33;94;14;5;0;33
202;PERALTA;2;1;A;730;162;568;3;565;18;547;297;96;32;89;13;5;0;15
202;PERALTA;2;1;B;720;164;556;4;552;21;531;273;119;21;85;11;6;0;16
203;PETILLA DE ARAGON;1;1;U;44;18;26;0;26;1;25;9;10;1;0;2;3;0;0
204;PIEDRAMILLERA;1;1;U;71;17;54;0;54;1;53;37;5;3;3;3;1;0;1
205;PITILLAS;1;1;U;511;123;388;3;385;11;374;169;110;38;29;22;5;0;1
206;PUENTE LA REINA / GARES;1;1;A;621;125;496;3;493;8;485;201;63;45;36;90;33;15;2
206;PUENTE LA REINA / GARES;1;1;B;677;139;538;4;534;14;520;247;83;34;30;83;29;12;2
206;PUENTE LA REINA / GARES;1;1;C;567;110;457;2;455;12;443;212;63;38;21;69;26;12;2
207;PUEYO;1;1;U;292;82;210;1;209;8;201;92;21;14;8;55;8;0;3
208;RIBAFORADA;1;1;A;360;73;287;2;285;2;283;143;76;8;44;7;1;0;4
208;RIBAFORADA;1;1;B;477;74;403;9;394;5;389;224;115;10;34;3;2;0;1
208;RIBAFORADA;2;1;A;563;115;448;6;442;6;436;187;173;6;55;10;1;0;4
208;RIBAFORADA;2;1;B;594;99;495;9;486;6;480;141;237;7;75;9;1;2;8
208;RIBAFORADA;2;1;C;587;83;504;7;497;5;492;203;194;13;70;7;0;0;5
209;ROMANZADO;1;1;U;144;46;98;0;98;0;98;53;15;8;6;13;2;0;1
210;RONCAL;1;1;U;311;49;262;1;261;18;243;103;35;39;9;39;15;1;2
211;ORREAGA / RONCESVALLES;1;1;U;27;4;23;0;23;0;23;17;0;6;0;0;0;0;0
212;SADA;1;1;U;226;98;128;1;127;1;126;91;12;8;4;6;4;0;1
213;SALDIAS;1;1;U;124;29;95;1;94;3;91;21;1;6;0;35;28;0;0
214;SALINAS DE ORO;1;1;U;94;33;61;1;60;1;59;26;8;5;3;9;6;0;2
215;SAN ADRIAN;1;1;A;595;175;420;5;415;14;401;177;181;9;21;7;3;0;3
215;SAN ADRIAN;1;1;B;525;127;398;0;398;13;385;191;146;11;24;6;0;1;6
215;SAN ADRIAN;1;2;A;639;175;464;0;464;8;456;213;191;8;30;3;3;1;7
215;SAN ADRIAN;1;2;B;574;574;0;0;0;0;0;0;0;0;0;0;0;0;0
215;SAN ADRIAN;2;1;A;661;192;469;1;468;15;453;196;219;8;21;3;2;0;4
215;SAN ADRIAN;2;1;B;651;166;485;1;484;11;473;219;201;16;21;8;5;0;3
215;SAN ADRIAN;2;2;U;746;185;561;8;553;9;544;233;252;15;30;3;5;3;3
216;SANG㏊SA / ZANGOZA;1;1;A;694;214;480;0;480;8;472;193;93;102;31;41;9;1;2
216;SANG㏊SA / ZANGOZA;1;1;B;748;204;544;4;540;17;523;200;92;103;53;40;24;3;8
216;SANG㏊SA / ZANGOZA;2;1;A;430;100;330;2;328;6;322;137;38;66;27;41;8;4;1
216;SANG㏊SA / ZANGOZA;2;1;B;439;104;335;1;334;4;330;140;66;53;38;19;12;1;1
216;SANG㏊SA / ZANGOZA;2;2;A;768;220;548;3;545;13;532;180;68;149;50;52;19;10;4
216;SANG㏊SA / ZANGOZA;2;2;B;796;257;539;2;537;9;528;189;93;137;32;49;20;5;3
217;SAN MARTIN DE UNX;1;1;U;460;153;307;4;303;10;293;162;70;16;16;15;13;0;1
219;SANSOL;1;1;U;118;38;80;0;80;2;78;32;32;2;5;4;0;0;3
220;SANTACARA;1;1;A;429;125;304;7;297;16;281;146;82;25;6;14;4;0;4
220;SANTACARA;1;1;B;464;133;331;7;324;7;317;165;99;18;21;10;3;0;1
221;DONEZTEBE / SANTESTEBAN;1;1;A;514;85;429;3;426;4;422;105;25;23;20;82;166;0;1
221;DONEZTEBE / SANTESTEBAN;1;1;B;521;115;406;6;400;7;393;110;30;31;10;53;158;0;1
222;SARRIES;1;1;U;74;24;50;0;50;2;48;22;7;7;3;8;1;0;0
223;SARTAGUDA;1;1;A;459;96;363;4;359;9;350;154;133;5;11;45;2;0;0
223;SARTAGUDA;1;1;B;725;138;587;1;586;20;566;189;244;9;25;91;4;0;4
224;SESMA;1;1;A;631;134;497;4;493;5;488;291;148;11;14;15;7;1;1
224;SESMA;1;1;B;587;127;460;2;458;14;444;263;136;8;17;14;3;0;3
225;SORLADA;1;1;U;47;15;32;0;32;1;31;17;7;1;1;1;4;0;0
226;SUNBILLA;1;1;U;572;144;428;11;417;7;410;85;9;20;5;99;191;0;1
227;TAFALLA;1;1;A;407;89;318;3;315;7;308;138;59;21;17;41;31;0;1
227;TAFALLA;1;1;B;409;102;307;1;306;4;302;153;56;20;12;40;20;1;0
227;TAFALLA;1;2;A;647;174;473;3;470;6;464;209;108;35;15;72;20;1;4
227;TAFALLA;1;2;B;768;175;593;7;586;13;573;266;134;31;20;90;26;3;3
227;TAFALLA;1;3;A;502;136;366;2;364;6;358;113;101;22;25;67;28;2;0
227;TAFALLA;1;3;B;599;168;431;5;426;6;420;144;134;14;33;77;16;1;1
227;TAFALLA;1;3;C;563;170;393;2;391;16;375;129;120;22;26;65;13;0;0
227;TAFALLA;2;1;A;628;203;425;1;424;16;408;135;104;19;38;86;25;1;0
227;TAFALLA;2;1;B;700;195;505;2;503;8;495;168;147;23;34;91;29;0;3
227;TAFALLA;2;1;C;601;147;454;2;452;9;443;175;113;19;21;94;20;1;0
227;TAFALLA;2;2;A;728;213;515;1;514;12;502;166;121;23;29;122;38;1;2
227;TAFALLA;2;2;B;725;226;499;3;496;12;484;177;112;25;31;110;23;5;1
227;TAFALLA;2;3;A;642;239;403;5;398;7;391;90;128;10;50;97;15;0;1
227;TAFALLA;2;3;B;605;217;388;2;386;4;382;113;132;13;25;84;15;0;0
228;TIEBAS-MURUARTE DE RETA;1;1;U;496;182;314;7;307;16;291;125;68;28;18;27;12;11;2
229;TIRAPU;1;1;U;60;13;47;0;47;1;46;25;1;7;4;9;0;0;0
230;TORRALBA DEL RIO;1;1;U;147;28;119;2;117;4;113;70;14;9;8;7;2;1;2
231;TORRES DEL RIO;1;1;U;179;54;125;2;123;4;119;84;21;6;3;4;1;0;0
232;TUDELA;1;1;A;591;229;362;4;358;8;350;151;120;30;19;24;2;4;0
232;TUDELA;1;1;B;508;173;335;2;333;13;320;163;94;11;21;23;4;0;4
232;TUDELA;1;2;A;510;168;342;9;333;18;315;148;90;17;26;28;2;1;3
232;TUDELA;1;2;B;483;131;352;6;346;14;332;149;103;10;40;22;3;0;5
232;TUDELA;1;3;U;504;169;335;4;331;5;326;190;68;14;19;27;2;1;5
232;TUDELA;2;1;A;861;295;566;14;552;15;537;287;116;13;65;48;2;1;5
232;TUDELA;2;1;B;959;341;618;11;607;15;592;282;161;28;61;43;5;1;11
232;TUDELA;2;2;A;553;176;377;2;375;9;366;213;76;9;24;30;4;2;8
232;TUDELA;2;2;B;552;189;363;1;362;8;354;212;73;13;21;28;2;1;4
232;TUDELA;2;3;A;525;167;358;5;353;15;338;238;55;14;19;8;2;1;1
232;TUDELA;2;3;B;627;192;435;9;426;17;409;280;70;17;19;11;6;2;4
232;TUDELA;2;4;U;924;311;613;1;612;23;589;303;172;20;34;40;8;0;12
232;TUDELA;2;5;U;647;202;445;3;442;9;433;314;69;13;17;11;2;2;5
232;TUDELA;3;1;A;711;248;463;6;457;7;450;300;84;20;21;16;3;4;2
232;TUDELA;3;1;B;729;226;503;6;497;10;487;306;98;22;31;14;7;4;5
232;TUDELA;3;2;A;827;253;574;9;565;24;541;159;275;26;38;31;7;2;3
232;TUDELA;3;2;B;710;203;507;8;499;19;480;250;141;20;31;33;3;0;2
232;TUDELA;3;3;A;610;187;423;6;417;21;396;199;127;10;27;16;4;3;10
232;TUDELA;3;3;B;687;243;444;7;437;9;428;234;123;1;37;26;3;1;3
232;TUDELA;3;4;A;562;203;359;3;356;5;351;222;78;15;17;16;1;1;1
232;TUDELA;3;4;B;697;217;480;4;476;10;466;290;104;16;24;22;5;4;1
232;TUDELA;3;4;C;566;183;383;1;382;11;371;225;83;18;22;19;1;1;2
232;TUDELA;3;5;A;610;237;373;4;369;7;362;163;111;4;37;32;8;0;7
232;TUDELA;3;5;B;716;229;487;4;483;23;460;221;138;14;48;32;4;1;2
232;TUDELA;3;6;U;832;283;549;13;536;15;521;241;186;14;40;36;2;1;1
232;TUDELA;4;1;U;785;244;541;1;540;11;529;252;173;15;33;42;7;4;3
232;TUDELA;4;2;B;576;179;397;6;391;12;379;152;142;11;41;27;0;2;4
232;TUDELA;4;2;C;512;147;365;2;363;5;358;160;127;10;26;28;4;1;2
232;TUDELA;4;2;A;520;177;343;5;338;2;336;143;124;6;35;22;2;1;3
232;TUDELA;4;3;A;483;155;328;4;324;8;316;158;102;3;23;28;1;1;0
232;TUDELA;4;3;B;573;180;393;3;390;8;382;182;136;11;25;21;3;2;2
232;TUDELA;4;3;C;542;147;395;8;387;11;376;192;106;9;32;30;2;0;5
232;TUDELA;4;4;A;617;216;401;2;399;16;383;156;128;7;52;30;7;1;2
232;TUDELA;4;4;B;682;239;443;10;433;12;421;169;159;15;43;31;2;2;0
232;TUDELA;4;5;U;958;330;628;6;622;18;604;334;170;17;36;32;7;2;6
233;TULEBRAS;1;1;U;96;16;80;0;80;2;78;44;20;2;4;2;4;1;1
234;UCAR;1;1;U;107;37;70;0;70;0;70;36;12;6;2;8;4;0;2
235;UJUE;1;1;U;231;83;148;1;147;4;143;58;26;17;17;22;3;0;0
236;ULTZAMA;1;1;A;690;249;441;4;437;15;422;203;22;37;19;96;39;0;6
236;ULTZAMA;1;1;B;642;226;416;0;416;22;394;205;18;43;15;74;35;0;4
237;UNCITI;1;1;U;205;62;143;0;143;3;140;73;13;31;11;8;4;0;0
238;UNZUE;1;1;U;125;28;97;0;97;2;95;33;13;16;7;23;3;0;0
239;URDAZUBI / URDAX;1;1;U;343;167;176;1;175;5;170;105;7;3;5;34;15;0;1
240;URDIAIN;1;1;U;578;255;323;2;321;1;320;59;19;17;7;179;39;0;0
241;URRAUL ALTO;1;1;U;152;54;98;2;96;3;93;55;3;8;2;17;7;0;1
242;URRAUL BAJO;1;1;U;259;102;157;0;157;7;150;92;8;13;6;20;5;5;1
243;URROZ;1;1;U;295;112;183;0;183;8;175;82;33;11;10;33;4;0;2
244;URROTZ;1;1;U;173;65;108;0;108;3;105;54;0;10;1;20;19;0;1
245;URZAINQUI;1;1;U;102;22;80;0;80;6;74;38;5;9;3;14;4;0;1
246;UTERGA;1;1;U;128;44;84;0;84;2;82;34;18;14;8;6;2;0;0
247;UZTARROZ / UZTARROZE;1;1;U;263;84;179;0;179;7;172;80;11;6;19;53;3;0;0
248;LUZAIDE / VALCARLOS;1;1;U;400;65;335;3;332;13;319;131;49;32;5;68;32;1;1
249;VALTIERRA;1;1;A;615;132;483;6;477;1;476;139;263;57;8;4;1;0;4
249;VALTIERRA;1;1;B;540;98;442;7;435;6;429;170;182;56;9;4;0;0;8
249;VALTIERRA;2;1;B;453;102;351;0;351;10;341;80;222;25;7;4;3;0;0
249;VALTIERRA;2;1;A;467;91;376;1;375;7;368;75;252;25;5;8;2;0;1
250;BERA / VERA DE BIDASOA;1;1;A;467;131;336;0;336;5;331;87;21;31;8;111;68;1;4
250;BERA / VERA DE BIDASOA;1;1;B;610;170;440;2;438;9;429;108;44;31;18;127;100;0;1
250;BERA / VERA DE BIDASOA;1;1;C;560;176;384;5;379;4;375;114;25;13;15;132;73;0;3
250;BERA / VERA DE BIDASOA;1;2;U;626;186;440;3;437;9;428;81;22;36;8;158;115;2;6
250;BERA / VERA DE BIDASOA;2;1;U;658;204;454;5;449;14;435;77;15;30;6;169;135;1;2
251;VIANA;1;1;A;709;162;547;4;543;12;531;263;119;52;12;40;20;22;3
251;VIANA;1;1;B;631;163;468;11;457;14;443;217;112;51;6;29;20;7;1
251;VIANA;1;2;U;945;222;723;6;717;16;701;281;221;61;31;67;29;8;3
251;VIANA;2;1;U;646;189;457;6;451;8;443;167;179;28;19;32;16;0;2
252;VIDANGOZ;1;1;U;102;38;64;0;64;0;64;27;1;15;2;18;1;0;0
253;BIDAURRETA;1;1;U;99;37;62;0;62;1;61;17;7;5;8;22;2;0;0
254;VILLAFRANCA;1;1;A;635;118;517;3;514;10;504;237;192;13;29;30;0;0;3
254;VILLAFRANCA;1;1;B;606;126;480;6;474;8;466;197;204;12;26;27;0;0;0
254;VILLAFRANCA;2;1;A;395;84;311;5;306;4;302;125;119;6;25;23;1;0;3
254;VILLAFRANCA;2;1;B;504;116;388;3;385;2;383;104;183;8;57;28;0;0;3
255;VILLAMAYOR DE MONJARDIN;1;1;U;100;22;78;0;78;8;70;46;12;0;6;4;1;1;0
256;HIRIBERRI/VILLANUEVA DE AEZKOA;1;1;U;145;92;53;1;52;0;52;9;2;12;4;20;4;0;1
257;VILLATUERTA;1;1;U;662;219;443;8;435;22;413;192;87;32;29;44;18;4;7
258;VILLAVA / ATARRABIA;1;1;A;584;210;374;2;372;11;361;113;57;31;22;98;38;2;0
258;VILLAVA / ATARRABIA;1;1;B;600;261;339;1;338;3;335;90;65;19;41;91;25;2;2
258;VILLAVA / ATARRABIA;2;1;A;679;225;454;2;452;8;444;130;48;45;43;118;53;4;3
258;VILLAVA / ATARRABIA;2;1;B;611;200;411;5;406;7;399;123;38;29;41;124;39;1;4
258;VILLAVA / ATARRABIA;2;2;A;897;309;588;3;585;9;576;186;97;26;63;171;26;0;7
258;VILLAVA / ATARRABIA;2;2;B;998;376;622;9;613;15;598;180;77;51;71;169;46;0;4
258;VILLAVA / ATARRABIA;2;3;A;702;234;468;2;466;17;449;148;46;46;45;108;47;6;3
258;VILLAVA / ATARRABIA;2;3;B;659;207;452;3;449;6;443;137;70;35;52;108;37;2;2
258;VILLAVA / ATARRABIA;2;4;A;705;224;481;3;478;9;469;127;79;38;40;122;52;3;8
258;VILLAVA / ATARRABIA;2;4;B;638;202;436;1;435;9;426;125;81;26;28;115;44;0;7
259;IGANTZI;1;1;U;508;85;423;3;420;11;409;101;13;24;6;114;151;0;0
260;YERRI;1;1;A;539;188;351;5;346;10;336;197;33;20;12;57;13;0;4
260;YERRI;1;1;B;376;155;221;0;221;2;219;128;33;6;10;29;10;2;1
260;YERRI;1;1;C;390;148;242;1;241;6;235;135;11;11;13;58;5;0;2
261;YESA;1;1;U;275;41;234;3;231;5;226;118;59;19;6;12;10;0;2
262;ZABALZA;1;1;U;136;36;100;0;100;3;97;51;5;10;10;16;0;0;5
263;ZUBIETA;1;1;U;288;114;174;7;167;11;156;21;9;3;2;94;25;1;1
264;ZUGARRAMURDI ;1;1;U;214;38;176;1;175;5;170;105;7;3;5;34;15;0;1
265;ZU헬GA;1;1;U;114;22;92;0;92;3;89;38;11;15;6;13;4;0;2
899;C.E.R.A.;1;1;U;10.485;9107;1.378;3;1375;10;1.365;533;423;79;69;93;125;21;22
901;BARA헤IN;1;1;A;664;288;376;4;372;6;366;147;92;23;35;54;10;1;4
901;BARA헤IN;1;1;B;669;281;388;1;387;14;373;172;75;34;32;47;9;1;3
901;BARA헤IN;1;2;A;688;285;403;1;402;4;398;154;85;30;43;63;13;1;9
901;BARA헤IN;1;2;B;594;244;350;1;349;15;334;138;75;30;33;36;18;0;4
901;BARA헤IN;1;3;A;737;312;425;2;423;14;409;140;118;22;44;64;16;0;5
901;BARA헤IN;1;3;B;828;335;493;0;493;17;476;153;125;38;48;86;16;0;10
901;BARA헤IN;1;4;A;894;350;544;3;541;20;521;179;132;35;48;101;16;3;7
901;BARA헤IN;1;4;B;868;341;527;0;527;17;510;205;140;32;41;59;21;3;9
901;BARA헤IN;1;5;A;847;358;489;4;485;10;475;150;111;30;56;108;18;0;2
901;BARA헤IN;1;5;B;826;351;475;5;470;6;464;152;107;36;47;101;13;1;7
901;BARA헤IN;1;6;A;766;353;413;1;412;8;404;129;99;17;60;73;19;4;3
901;BARA헤IN;1;6;B;759;314;445;2;443;9;434;117;134;19;58;93;5;2;6
901;BARA헤IN;1;7;A;860;329;531;1;530;13;517;143;104;69;62;108;25;2;4
901;BARA헤IN;1;7;B;748;284;464;3;461;15;446;138;87;43;42;101;26;2;7
901;BARA헤IN;1;8;A;752;324;428;2;426;16;410;156;64;52;47;67;19;2;3
901;BARA헤IN;1;8;B;697;295;402;2;400;12;388;138;68;49;38;68;20;2;5
901;BARA헤IN;1;9;U;823;371;452;2;450;7;443;119;96;37;64;104;11;0;12
901;BARA헤IN;1;10;A;887;345;542;3;539;18;521;148;132;33;68;103;34;0;3
901;BARA헤IN;1;10;B;856;364;492;0;492;15;477;129;96;34;56;116;45;1;0
901;BARA헤IN;1;11;A;462;211;251;1;250;6;244;94;42;29;21;39;19;0;0
901;BARA헤IN;1;11;B;448;172;276;2;274;6;268;112;43;29;29;39;14;0;2
902;BERRIOPLANO;1;1;A;455;121;334;1;333;13;320;151;28;44;24;57;14;1;1
902;BERRIOPLANO;1;1;B;487;133;354;1;353;10;343;141;46;43;25;67;17;2;2
903;BERRIOZAR;1;1;U;506;198;308;1;307;8;299;73;46;31;22;111;12;4;0
903;BERRIOZAR;1;2;A;670;263;407;2;405;11;394;63;111;35;50;127;6;0;2
903;BERRIOZAR;1;2;B;512;208;304;1;303;6;297;46;80;33;53;79;5;0;1
903;BERRIOZAR;1;3;A;535;213;322;1;321;3;318;58;88;27;46;95;1;1;2
903;BERRIOZAR;1;3;B;615;252;363;4;359;10;349;87;112;25;43;80;1;0;1
903;BERRIOZAR;1;4;A;840;358;482;2;480;7;473;85;115;41;59;168;4;0;1
903;BERRIOZAR;1;4;B;755;283;472;4;468;9;459;81;148;27;55;140;4;1;3
904;IRURTZUN;1;1;A;803;262;541;8;533;19;514;169;82;35;28;164;34;0;2
904;IRURTZUN;1;1;B;810;256;554;8;546;16;530;205;86;26;38;140;22;1;12
905;BERIAIN;1;1;A;656;216;440;6;434;5;429;164;143;22;61;27;2;0;10
905;BERIAIN;1;1;B;643;214;429;2;427;6;421;131;151;28;63;28;4;1;15
905;BERIAIN;1;2;U;740;280;460;0;460;15;445;179;97;36;69;50;5;0;9
906;ORCOYEN;1;1;A;568;156;412;7;405;13;392;79;68;29;137;64;13;0;2
906;ORCOYEN;1;1;B;477;139;338;7;331;13;318;84;47;19;117;37;12;0;2
907;ZIZUR MAYOR / ZIZUR NAGUSIA;1;1;U;873;273;600;7;593;9;584;278;65;84;44;97;12;0;4
907;ZIZUR MAYOR / ZIZUR NAGUSIA;1;2;A;477;173;304;0;304;9;295;112;44;25;32;36;36;0;10
907;ZIZUR MAYOR / ZIZUR NAGUSIA;1;2;B;534;197;337;5;332;10;322;141;37;22;36;63;15;0;8
907;ZIZUR MAYOR / ZIZUR NAGUSIA;1;3;A;539;208;331;3;328;8;320;105;46;25;36;77;24;0;7
907;ZIZUR MAYOR / ZIZUR NAGUSIA;1;3;B;607;231;376;5;371;5;366;104;65;38;54;79;12;0;14
907;ZIZUR MAYOR / ZIZUR NAGUSIA;1;3;C;502;206;296;0;296;11;285;79;44;27;36;67;17;0;15
907;ZIZUR MAYOR / ZIZUR NAGUSIA;1;4;A;606;253;353;2;351;3;348;124;56;27;35;74;26;0;6
907;ZIZUR MAYOR / ZIZUR NAGUSIA;1;4;B;642;240;402;1;401;12;389;141;70;31;41;78;22;0;6
907;ZIZUR MAYOR / ZIZUR NAGUSIA;1;4;C;537;200;337;1;336;15;321;124;47;31;34;62;22;0;1
907;ZIZUR MAYOR / ZIZUR NAGUSIA;1;5;A;1.018;389;629;2;627;29;598;191;89;69;69;116;47;2;15
907;ZIZUR MAYOR / ZIZUR NAGUSIA;1;5;B;1.010;381;629;3;626;14;612;183;120;74;62;117;38;0;18
908;LEKUNBERRI;1;1;U;666;183;483;1;482;7;475;104;11;29;15;86;228;1;1
