Codcir;Codmun;Municipio;Mesa;Censo;Certif. Alta;Certif. Correc.;Censo Total;Votos Electores;Votos Interventores;Votos Totales;Votos Nulos;Votos Blancos;NA+;EH Bildu;I-E (n);PSN-PSOE;GBAI;SAIN;VOX;EQUO;RCN-NOK;Ln;PODEMOS
31;1;Abáigar;1-001 -U;80;0;0;80;59;0;59;0;0;18;10;0;4;19;0;0;0;1;0;7
31;2;Abárzuza / Abartzuza;1-001 -U;431;0;0;431;290;0;290;1;3;99;45;4;37;71;1;3;0;2;0;24
31;3;Abaurregaina / Abaurrea Alta;1-001 -U;117;0;0;117;94;0;94;0;1;21;33;1;12;21;2;0;0;0;0;3
31;4;Abaurrepea / Abaurrea Baja;1-001 -U;32;0;0;32;29;0;29;0;0;13;6;0;5;4;0;0;0;0;0;1
31;5;Aberin;1-001 -U;281;0;0;281;177;0;177;2;2;75;23;3;36;22;0;1;0;2;1;10
31;6;Ablitas;1-001 -A;445;0;0;445;326;0;326;5;4;134;9;10;133;20;0;5;0;0;0;6
31;6;Ablitas;1-001 -B;451;0;0;451;341;0;341;3;0;143;8;10;143;10;0;10;2;1;0;11
31;6;Ablitas;2-001 -A;495;0;0;495;412;0;412;7;6;204;3;8;128;26;0;6;4;1;0;19
31;6;Ablitas;2-001 -B;481;0;0;481;399;0;399;1;5;198;7;8;143;17;0;5;0;1;2;12
31;7;Adiós;1-001 -U;126;0;0;126;96;0;96;4;3;42;11;2;14;15;0;0;0;1;0;4
31;8;Aguilar de Codés;1-001 -U;64;0;0;64;52;0;52;0;0;26;2;1;10;7;0;0;0;0;0;6
31;9;Aibar / Oibar;1-001 -U;669;0;0;669;501;0;501;3;0;142;88;16;109;112;1;0;3;3;0;24
31;11;Allín / Allin;1-001 -A;207;0;0;207;165;0;165;0;1;54;25;5;29;28;0;0;0;3;0;20
31;11;Allín / Allin;1-001 -B;245;0;0;245;181;0;181;1;0;84;30;1;19;34;0;3;1;3;1;4
31;11;Allín / Allin;1-001 -C;252;0;0;252;182;0;182;0;0;66;43;10;18;25;0;3;1;0;0;16
31;12;Allo;1-001 -U;765;0;0;765;558;0;558;4;15;177;45;19;188;76;0;4;3;3;1;23
31;10;Altsasu / Alsasua;1-001 -A;753;0;0;753;550;0;550;5;3;64;183;11;42;203;0;3;3;0;0;33
31;10;Altsasu / Alsasua;1-001 -B;728;0;0;728;517;0;517;3;1;61;159;12;35;226;0;2;0;1;0;17
31;10;Altsasu / Alsasua;1-002 -A;522;0;0;522;372;0;372;1;1;48;96;12;34;162;0;1;0;0;0;17
31;10;Altsasu / Alsasua;1-002 -B;609;0;0;609;434;0;434;2;7;44;103;7;50;191;0;2;1;1;0;26
31;10;Altsasu / Alsasua;2-001 -A;466;0;0;466;314;0;314;4;6;35;92;8;33;121;0;1;1;0;0;13
31;10;Altsasu / Alsasua;2-001 -B;465;0;0;465;310;0;310;4;4;37;68;6;32;142;0;2;0;0;0;15
31;10;Altsasu / Alsasua;2-002 -A;636;0;0;636;426;0;426;3;3;53;70;8;59;193;0;3;0;3;0;31
31;10;Altsasu / Alsasua;2-002 -B;641;0;0;641;423;0;423;2;3;46;61;14;76;187;0;1;3;1;0;29
31;10;Altsasu / Alsasua;2-003 -A;471;0;0;471;324;0;324;5;1;35;74;5;35;138;0;3;2;1;0;25
31;10;Altsasu / Alsasua;2-003 -B;428;0;0;428;295;0;295;2;2;62;60;7;40;98;0;1;1;2;0;20
31;13;Améscoa Baja;1-001 -A;344;0;0;344;246;0;246;1;3;65;64;9;28;57;0;0;0;2;0;17
31;13;Améscoa Baja;1-001 -B;279;0;0;279;180;0;180;0;7;50;29;3;35;46;1;0;1;1;0;7
31;14;Ancín / Antzin;1-001 -U;264;0;0;264;181;0;181;1;0;70;53;0;19;24;0;0;1;1;0;12
31;15;Andosilla;1-001 -A;320;0;0;320;234;0;234;3;0;120;24;4;56;14;0;2;0;1;1;9
31;15;Andosilla;1-001 -B;361;0;0;361;258;0;258;2;4;140;22;4;59;20;0;2;0;1;1;3
31;15;Andosilla;2-001 -A;313;0;0;313;228;0;228;0;4;114;17;4;59;19;0;2;0;1;0;8
31;15;Andosilla;2-001 -B;485;0;0;485;367;0;367;2;3;141;23;9;130;42;0;4;1;0;2;10
31;15;Andosilla;2-001 -C;513;0;0;513;400;0;400;4;5;158;31;7;136;40;0;1;0;0;0;18
31;16;Ansoáin / Antsoain;1-001 -A;573;0;0;573;375;0;375;2;0;56;80;14;124;81;0;2;3;0;0;13
31;16;Ansoáin / Antsoain;1-001 -B;593;0;0;593;399;0;399;3;2;60;72;15;129;80;2;4;1;1;1;29
31;16;Ansoáin / Antsoain;1-002 -A;467;0;0;467;359;0;359;5;4;58;87;22;90;62;0;3;1;1;2;24
31;16;Ansoáin / Antsoain;1-002 -B;587;0;0;587;441;0;441;2;1;86;68;19;148;75;1;1;2;2;0;36
31;16;Ansoáin / Antsoain;1-002 -C;505;0;0;505;380;0;380;1;2;56;87;25;103;67;0;2;1;1;2;33
31;16;Ansoáin / Antsoain;1-003 -A;713;0;0;713;516;0;516;8;4;95;109;23;116;111;1;4;3;1;4;37
31;16;Ansoáin / Antsoain;1-003 -B;740;0;0;740;541;0;541;3;2;112;122;19;115;122;0;6;3;1;1;35
31;16;Ansoáin / Antsoain;1-004 -A;603;0;0;603;409;0;409;1;0;54;96;19;126;83;1;1;2;2;0;24
31;16;Ansoáin / Antsoain;1-004 -B;573;0;0;573;386;0;386;1;0;49;67;16;146;68;1;3;2;0;0;33
31;16;Ansoáin / Antsoain;1-005 -A;524;0;0;524;382;0;382;3;0;49;108;17;95;73;0;2;0;1;2;32
31;16;Ansoáin / Antsoain;1-005 -B;544;0;0;544;402;0;402;4;3;68;79;20;105;69;1;1;0;3;0;49
31;16;Ansoáin / Antsoain;1-006 -A;642;0;0;642;485;0;485;5;1;116;103;16;118;90;0;4;3;0;0;29
31;16;Ansoáin / Antsoain;1-006 -B;700;0;0;700;521;0;521;2;4;119;118;22;116;95;0;2;2;4;0;37
31;17;Anue;1-001 -U;367;0;0;367;281;0;281;0;5;78;75;1;24;86;1;4;0;0;1;6
31;18;Añorbe;1-001 -U;419;0;0;419;276;0;276;1;3;95;29;5;68;48;0;1;0;1;0;25
31;19;Aoiz / Agoitz;1-001 -U;729;0;0;729;525;0;525;8;7;124;181;10;48;116;0;6;0;1;1;23
31;19;Aoiz / Agoitz;2-001 -A;565;0;0;565;397;0;397;3;1;86;167;1;46;75;0;1;2;0;0;15
31;19;Aoiz / Agoitz;2-001 -B;517;0;0;517;361;0;361;2;7;68;138;6;38;72;0;4;2;1;0;23
31;20;Araitz;1-001 -U;433;0;0;433;264;0;264;2;1;9;149;5;1;92;0;0;0;1;0;4
31;25;Arakil;1-001 -A;337;0;0;337;223;0;223;3;0;60;50;3;26;55;0;0;2;0;1;23
31;25;Arakil;1-001 -B;422;0;0;422;299;0;299;1;3;59;111;4;30;80;0;6;2;0;0;3
31;21;Aranarache / Aranaratxe;1-001 -U;59;0;0;59;46;0;46;0;1;12;17;1;4;8;0;0;1;0;0;2
31;23;Aranguren;1-001 -A;565;0;0;565;435;0;435;3;3;153;39;6;91;88;0;8;3;7;0;34
31;23;Aranguren;1-001 -B;707;0;0;707;554;0;554;3;4;218;42;20;103;114;2;6;3;7;0;32
31;23;Aranguren;1-001 -C;647;0;0;647;492;0;492;2;13;189;38;20;92;91;0;10;3;5;2;27
31;23;Aranguren;1-002 -A;457;0;0;457;366;0;366;1;7;106;69;5;42;117;1;6;1;2;0;9
31;23;Aranguren;1-002 -B;641;0;0;641;515;0;515;3;6;256;32;12;85;75;0;10;5;2;0;29
31;23;Aranguren;1-003 -A;509;0;0;509;418;0;418;1;5;192;43;14;71;70;1;5;3;1;1;11
31;23;Aranguren;1-003 -B;560;0;0;560;448;0;448;4;5;196;32;12;95;67;0;3;3;4;0;27
31;23;Aranguren;1-003 -C;517;0;0;517;420;0;420;1;3;185;46;13;78;60;0;5;1;1;0;27
31;23;Aranguren;1-004 -A;725;0;0;725;564;0;564;4;5;278;30;13;88;85;2;16;1;4;0;38
31;23;Aranguren;1-004 -B;767;0;0;767;590;0;590;4;3;307;22;11;96;106;2;5;4;2;1;27
31;23;Aranguren;1-004 -C;810;0;0;810;620;0;620;0;5;311;43;16;96;92;1;8;2;1;1;44
31;23;Aranguren;1-004 -D;729;0;0;729;573;0;573;7;2;283;35;9;96;98;2;7;2;2;0;30
31;24;Arano;1-001 -U;102;0;0;102;62;0;62;1;0;4;39;0;1;15;0;0;0;0;0;2
31;22;Arantza;1-001 -U;480;0;0;480;351;0;351;6;5;22;171;3;10;128;0;0;0;0;1;5
31;26;Aras;1-001 -U;131;0;0;131;110;0;110;0;0;47;5;0;40;15;0;1;0;0;0;2
31;27;Arbizu;1-001 -U;812;0;0;812;570;0;570;1;5;35;313;1;12;195;1;1;0;0;0;6
31;28;Arce / Artzi;1-001 -U;220;0;0;220;143;0;143;0;2;31;52;1;11;38;1;0;1;0;1;5
31;30;Arellano;1-001 -U;138;0;0;138;98;0;98;0;3;16;28;2;13;24;0;0;0;0;0;12
31;31;Areso;1-001 -U;221;0;0;221;153;0;153;1;3;15;66;2;8;57;0;0;0;0;0;1
31;32;Arguedas;1-001 -A;584;0;0;584;448;1;449;6;1;170;10;12;215;18;1;0;2;1;0;13
31;32;Arguedas;1-001 -B;656;0;0;656;533;0;533;6;10;230;12;17;222;21;0;1;3;0;0;11
31;32;Arguedas;2-001 -U;432;0;0;432;325;0;325;1;6;138;7;14;136;9;0;0;0;3;1;10
31;33;Aria;1-001 -U;45;0;0;45;28;0;28;0;1;6;9;3;1;8;0;0;0;0;0;0
31;34;Aribe;1-001 -U;31;0;0;31;27;0;27;0;0;6;9;1;0;10;0;0;0;0;0;1
31;35;Armañanzas;1-001 -U;50;0;0;50;41;0;41;0;0;16;1;0;14;8;0;0;1;0;0;1
31;36;Arróniz;1-001 -A;493;0;0;493;315;0;315;6;5;92;37;12;94;53;0;4;2;1;1;8
31;36;Arróniz;1-001 -B;397;0;0;397;284;0;284;6;0;92;35;14;74;50;0;4;1;4;0;4
31;37;Arruazu;1-001 -U;89;0;0;89;74;0;74;1;2;3;34;0;3;29;0;0;0;0;0;2
31;38;Artajona;1-001 -A;655;0;0;655;497;0;497;6;2;200;46;9;123;70;0;9;2;4;0;26
31;38;Artajona;1-001 -B;687;0;0;687;549;0;549;7;6;216;38;16;135;103;0;6;1;1;3;17
31;39;Artazu;1-001 -U;92;0;0;92;68;0;68;2;0;15;25;3;16;5;0;0;0;0;0;2
31;40;Atez / Atetz;1-001 -U;184;0;0;184;152;0;152;0;1;59;45;1;11;27;0;3;0;0;0;5
31;58;Auritz / Burguete;1-001 -U;200;0;0;200;178;0;178;1;2;50;39;5;13;60;0;4;0;1;2;1
31;41;Ayegui / Aiegi;1-001 -A;635;0;0;635;458;0;458;0;5;156;76;10;87;74;1;9;6;5;1;28
31;41;Ayegui / Aiegi;1-001 -B;514;0;0;514;346;0;346;3;8;122;36;7;74;60;0;4;2;3;1;26
31;41;Ayegui / Aiegi;1-001 -C;509;0;0;509;353;0;353;5;3;139;45;9;49;72;0;4;0;4;1;22
31;42;Azagra;1-001 -A;485;0;0;485;354;1;355;3;3;195;2;0;131;12;0;3;1;0;0;5
31;42;Azagra;1-001 -B;508;0;0;508;414;1;415;5;0;243;2;1;139;9;1;8;0;1;0;6
31;42;Azagra;1-001 -C;412;0;0;412;296;0;296;2;3;158;2;0;115;0;1;5;2;1;0;7
31;42;Azagra;2-001 -A;628;0;0;628;465;1;466;3;3;158;6;5;254;14;0;7;1;3;0;12
31;42;Azagra;2-001 -B;661;0;0;661;506;0;506;3;0;206;4;4;252;12;0;9;3;2;2;9
31;43;Azuelo;1-001 -U;31;0;0;31;23;0;23;0;0;11;0;0;4;7;0;1;0;0;0;0
31;44;Bakaiku;1-001 -U;294;0;0;294;235;0;235;0;3;33;126;1;8;61;0;0;0;0;1;2
31;901;Barañáin / Barañain;1-001 -A;468;0;0;468;328;0;328;3;2;136;30;9;73;49;2;5;3;0;2;14
31;901;Barañáin / Barañain;1-001 -B;486;0;0;486;330;0;330;2;1;177;19;12;62;41;0;7;1;1;0;7
31;901;Barañáin / Barañain;1-002 -A;490;0;0;490;321;0;321;3;1;110;35;11;74;60;0;6;1;3;0;17
31;901;Barañáin / Barañain;1-002 -B;491;0;0;491;304;0;304;2;5;101;24;12;67;51;0;12;1;1;0;28
31;901;Barañáin / Barañain;1-003 -A;711;0;0;711;482;0;482;1;3;200;47;18;104;71;0;7;3;1;0;27
31;901;Barañáin / Barañain;1-003 -B;753;0;0;753;519;0;519;5;5;187;52;16;124;86;0;9;0;1;3;31
31;901;Barañáin / Barañain;1-004 -A;535;0;0;535;403;0;403;1;2;129;49;11;106;75;1;4;3;1;2;19
31;901;Barañáin / Barañain;1-004 -B;506;0;0;506;370;0;370;1;4;150;49;9;71;63;0;7;3;2;0;11
31;901;Barañáin / Barañain;1-004 -C;482;0;0;482;358;0;358;2;0;135;32;5;95;59;2;1;3;1;0;23
31;901;Barañáin / Barañain;1-005 -A;616;0;0;616;422;0;422;1;2;134;58;13;106;75;0;5;1;2;0;25
31;901;Barañáin / Barañain;1-005 -B;667;0;0;667;476;0;476;4;3;164;71;17;106;79;0;0;0;2;0;30
31;901;Barañáin / Barañain;1-005 -C;566;0;0;566;406;0;406;0;2;124;59;14;106;76;0;1;1;2;0;21
31;901;Barañáin / Barañain;1-006 -A;669;0;0;669;450;0;450;6;2;132;63;18;102;76;0;6;5;1;0;39
31;901;Barañáin / Barañain;1-006 -B;642;0;0;642;450;0;450;4;0;139;69;11;110;62;0;7;5;0;0;43
31;901;Barañáin / Barañain;1-007 -A;690;0;0;690;525;0;525;0;2;149;88;20;120;105;1;7;5;2;2;24
31;901;Barañáin / Barañain;1-007 -B;725;0;0;725;560;0;560;3;5;159;86;27;120;122;0;2;8;5;1;22
31;901;Barañáin / Barañain;1-008 -A;649;0;0;649;483;0;483;0;2;161;57;22;106;98;0;8;3;1;2;23
31;901;Barañáin / Barañain;1-008 -B;620;0;0;620;481;0;481;2;5;183;73;19;66;99;0;3;0;1;1;29
31;901;Barañáin / Barañain;1-008 -C;621;0;0;621;451;0;451;1;1;166;54;18;91;90;0;7;1;3;0;19
31;901;Barañáin / Barañain;1-009 -A;429;0;0;429;272;0;272;0;0;69;59;10;67;46;0;2;0;1;1;17
31;901;Barañáin / Barañain;1-009 -B;447;0;0;447;294;0;294;0;2;83;63;5;69;47;0;5;3;1;0;16
31;901;Barañáin / Barañain;1-010 -A;587;0;0;587;443;0;443;2;7;114;76;18;89;93;1;4;1;3;1;34
31;901;Barañáin / Barañain;1-010 -B;608;0;0;608;451;0;451;2;3;101;75;25;97;103;1;3;3;0;1;37
31;901;Barañáin / Barañain;1-010 -C;545;0;0;545;378;0;378;4;4;99;68;15;81;72;1;2;3;0;0;29
31;901;Barañáin / Barañain;1-011 -A;776;0;0;776;580;0;580;0;2;242;68;19;77;126;0;13;3;1;2;27
31;901;Barañáin / Barañain;1-011 -B;722;0;0;722;561;0;561;1;3;232;66;16;101;92;1;8;3;1;1;36
31;45;Barásoain;1-001 -U;505;0;0;505;347;0;347;2;3;109;42;17;55;72;0;6;4;1;0;36
31;46;Barbarin;1-001 -U;53;0;0;53;39;0;39;0;0;27;1;0;7;1;0;0;0;0;0;3
31;47;Bargota;1-001 -U;236;0;0;236;167;0;167;1;1;64;27;1;37;34;0;1;0;0;0;1
31;48;Barillas;1-001 -U;161;0;0;161;129;0;129;0;2;88;0;1;19;9;0;7;0;1;0;2
31;49;Basaburua;1-001 -U;680;0;0;680;509;0;509;6;0;69;265;9;24;122;0;2;0;1;0;11
31;50;Baztan;1-001 -A;375;0;0;375;286;0;286;4;1;34;156;12;2;74;0;0;0;0;0;3
31;50;Baztan;1-001 -B;447;0;0;447;322;0;322;4;5;56;127;5;20;99;0;1;0;1;0;4
31;50;Baztan;1-001 -C;355;0;0;355;263;0;263;1;1;34;118;9;5;94;0;0;0;0;0;1
31;50;Baztan;2-001 -A;527;0;0;527;363;0;363;6;6;91;117;7;28;99;0;0;0;3;1;5
31;50;Baztan;2-001 -B;419;0;0;419;297;0;297;6;3;59;97;7;16;102;0;0;2;0;0;5
31;50;Baztan;2-001 -C;509;0;0;509;351;0;351;7;7;91;117;4;20;91;0;1;0;2;1;10
31;50;Baztan;2-002 -A;584;0;0;584;407;0;407;4;6;74;146;9;38;115;0;3;0;1;2;9
31;50;Baztan;2-002 -B;756;0;0;756;505;0;505;4;10;92;165;12;41;159;0;3;2;1;2;14
31;50;Baztan;2-002 -C;431;0;0;431;302;0;302;6;4;58;119;11;16;85;0;1;0;1;0;1
31;50;Baztan;3-001 -U;620;0;0;620;423;0;423;10;2;78;154;9;25;134;0;5;1;0;0;5
31;50;Baztan;3-002 -A;206;0;0;206;148;0;148;2;1;27;57;2;10;43;1;0;0;0;1;4
31;50;Baztan;3-002 -B;256;0;0;256;191;0;191;1;7;45;51;2;16;63;0;2;0;0;0;4
31;50;Baztan;3-002 -C;522;0;0;522;404;0;404;3;2;63;156;30;24;121;0;2;0;0;0;3
31;137;Beintza-Labaien;1-001 -U;198;0;0;198;107;0;107;3;4;28;22;0;5;42;0;1;0;1;0;1
31;51;Beire;1-001 -U;234;0;0;234;168;0;168;0;4;69;20;5;35;20;0;4;2;0;0;9
31;52;Belascoáin;1-001 -U;101;0;0;101;75;0;75;2;0;31;4;4;15;14;0;1;0;0;0;4
31;250;Bera;1-001 -A;738;0;0;738;515;0;515;7;1;65;162;13;63;187;0;1;1;0;0;15
31;250;Bera;1-001 -B;741;0;0;741;470;0;470;0;1;71;165;3;42;160;0;3;3;0;0;22
31;250;Bera;1-002 -U;723;0;0;723;513;0;513;3;5;55;178;5;34;197;1;0;1;0;0;34
31;250;Bera;2-001 -U;540;0;0;540;375;0;375;3;3;24;145;3;26;158;0;0;1;0;0;12
31;53;Berbinzana;1-001 -U;507;0;0;507;397;0;397;1;8;140;60;13;103;56;1;0;0;2;1;12
31;905;Beriáin;1-001 -A;670;0;0;670;442;0;442;2;4;150;22;14;128;62;4;11;4;1;0;40
31;905;Beriáin;1-001 -B;725;0;0;725;503;0;503;1;6;138;39;27;162;61;5;9;7;5;2;41
31;905;Beriáin;1-002 -A;825;0;0;825;566;0;566;2;5;257;35;14;120;74;3;16;5;4;0;31
31;905;Beriáin;1-002 -B;751;0;0;751;505;0;505;4;3;151;46;6;152;72;7;6;7;2;0;49
31;902;Berrioplano / Berriobeiti;1-001 -A;560;0;0;560;418;0;418;1;1;144;66;13;87;81;0;4;3;3;0;15
31;902;Berrioplano / Berriobeiti;1-001 -B;535;0;0;535;353;0;353;0;6;129;42;5;59;67;0;26;1;1;1;16
31;902;Berrioplano / Berriobeiti;1-001 -C;639;0;0;639;475;0;475;3;3;174;64;12;79;104;0;13;3;3;1;16
31;902;Berrioplano / Berriobeiti;1-002 -A;637;0;0;637;459;0;459;3;6;161;54;16;88;82;1;11;6;2;1;28
31;902;Berrioplano / Berriobeiti;1-002 -B;719;0;0;719;477;0;477;2;6;152;80;12;90;83;1;7;6;0;1;37
31;902;Berrioplano / Berriobeiti;1-002 -C;709;0;0;709;476;0;476;1;5;169;65;19;87;85;0;7;5;2;1;30
31;902;Berrioplano / Berriobeiti;1-003 -A;396;0;0;396;279;0;279;0;2;108;42;6;43;56;0;6;2;1;0;13
31;902;Berrioplano / Berriobeiti;1-003 -B;448;0;0;448;321;0;321;0;4;120;32;4;54;69;0;12;1;1;0;24
31;903;Berriozar;1-001 -A;629;0;0;629;444;1;445;8;2;109;121;11;87;75;1;3;4;0;1;23
31;903;Berriozar;1-001 -B;749;0;0;749;526;0;526;1;5;138;132;11;115;90;0;5;2;0;0;27
31;903;Berriozar;1-002 -A;534;0;0;534;300;1;301;2;3;64;87;13;84;34;0;2;0;0;1;11
31;903;Berriozar;1-002 -B;527;0;0;527;312;0;312;3;3;74;77;12;92;25;1;4;1;0;3;17
31;903;Berriozar;1-003 -A;746;0;0;746;463;1;464;1;3;91;123;24;114;59;0;14;2;7;1;25
31;903;Berriozar;1-003 -B;700;0;0;700;443;1;444;4;3;106;93;22;124;60;1;3;0;1;0;27
31;903;Berriozar;1-005 -A;585;0;0;585;373;1;374;4;1;104;71;11;89;59;0;0;2;3;2;28
31;903;Berriozar;1-005 -B;636;0;0;636;429;0;429;3;1;98;79;18;122;71;2;6;5;0;2;22
31;903;Berriozar;1-006 -A;561;0;0;561;371;0;371;2;3;80;87;17;82;55;0;8;2;1;1;33
31;903;Berriozar;1-006 -B;647;0;0;647;441;1;442;1;7;96;101;23;92;62;0;5;3;9;0;43
31;903;Berriozar;1-006 -C;574;1;0;575;379;1;380;1;3;88;107;16;74;55;0;3;2;1;0;30
31;54;Bertizarana;1-001 -U;453;0;0;453;296;0;296;4;4;50;114;2;29;86;0;1;0;1;0;5
31;55;Betelu;1-001 -U;263;0;0;263;195;0;195;1;2;21;66;0;11;91;0;0;0;0;0;3
31;253;Bidaurreta;1-001 -U;120;0;0;120;106;0;106;0;0;4;46;1;6;43;0;0;0;1;1;4
31;56;Biurrun-Olcoz;1-001 -U;189;0;0;189;130;0;130;2;4;46;26;5;23;14;0;2;2;1;0;5
31;57;Buñuel;1-001 -A;385;1;0;386;303;1;304;5;6;157;3;9;103;8;0;6;1;0;0;6
31;57;Buñuel;1-001 -B;407;1;0;408;323;1;324;3;2;174;1;6;112;12;0;3;1;2;2;6
31;57;Buñuel;2-001 -A;474;0;0;474;391;0;391;3;8;164;2;4;167;15;0;10;0;2;2;14
31;57;Buñuel;2-001 -B;472;0;0;472;385;2;387;5;7;167;1;10;171;12;0;1;1;2;0;10
31;59;Burgui / Burgi;1-001 -U;183;0;0;183;130;0;130;0;0;28;47;1;25;21;1;1;0;0;0;6
31;60;Burlada / Burlata;1-001 -A;624;0;0;624;465;0;465;1;3;105;102;20;92;95;3;5;3;1;1;34
31;60;Burlada / Burlata;1-001 -B;672;0;0;672;494;0;494;2;2;134;93;11;93;116;0;2;5;4;0;32
31;60;Burlada / Burlata;1-001 -C;607;0;0;607;426;0;426;1;1;119;73;10;91;84;1;1;1;2;0;42
31;60;Burlada / Burlata;1-002 -A;492;0;0;492;291;0;291;0;1;102;52;12;47;51;0;3;2;0;1;20
31;60;Burlada / Burlata;1-002 -B;506;0;0;506;329;0;329;2;1;109;50;7;79;55;0;2;1;0;1;22
31;60;Burlada / Burlata;1-003 -A;442;0;0;442;287;0;287;1;0;68;50;9;68;66;0;2;2;0;1;20
31;60;Burlada / Burlata;1-003 -B;469;0;0;469;303;0;303;1;3;77;52;10;84;51;0;0;0;1;1;23
31;60;Burlada / Burlata;1-004 -A;536;0;0;536;337;0;337;0;3;104;52;7;63;80;0;4;2;4;0;18
31;60;Burlada / Burlata;1-004 -B;490;0;0;490;303;0;303;1;1;104;43;10;63;54;1;3;3;2;1;17
31;60;Burlada / Burlata;1-005 -A;689;0;0;689;496;0;496;3;3;140;95;9;87;113;0;1;6;1;0;38
31;60;Burlada / Burlata;1-005 -B;735;0;0;735;509;0;509;4;3;142;84;9;115;99;0;9;3;1;1;39
31;60;Burlada / Burlata;1-005 -C;624;0;0;624;430;0;430;0;5;116;77;19;94;72;0;2;4;2;0;39
31;60;Burlada / Burlata;2-001 -A;594;0;0;594;375;0;375;5;1;88;71;18;84;65;0;4;4;2;1;32
31;60;Burlada / Burlata;2-001 -B;597;0;0;597;371;0;371;0;4;112;70;13;86;50;2;3;2;4;1;24
31;60;Burlada / Burlata;2-002 -A;411;0;0;411;243;0;243;1;0;60;45;11;62;42;0;2;2;0;0;19
31;60;Burlada / Burlata;2-002 -B;434;0;0;434;242;0;242;2;1;75;38;9;43;31;1;2;2;3;2;33
31;60;Burlada / Burlata;2-003 -A;392;0;0;392;229;0;229;3;4;45;47;8;45;47;0;1;3;1;1;24
31;60;Burlada / Burlata;2-003 -B;379;0;0;379;217;0;217;1;2;57;45;2;44;39;0;1;2;0;0;24
31;60;Burlada / Burlata;2-004 -A;596;0;0;596;405;0;405;1;1;117;79;11;66;92;2;5;2;2;2;25
31;60;Burlada / Burlata;2-004 -B;607;0;0;607;410;0;410;2;5;135;54;14;80;86;1;3;1;1;1;27
31;60;Burlada / Burlata;2-005 -A;573;0;0;573;397;0;397;0;2;100;70;8;96;81;0;5;1;1;1;32
31;60;Burlada / Burlata;2-005 -B;628;0;0;628;431;0;431;3;0;112;66;14;95;96;0;2;0;1;1;41
31;60;Burlada / Burlata;2-006 -A;655;0;0;655;458;0;458;5;2;121;86;10;99;84;0;9;5;1;0;36
31;60;Burlada / Burlata;2-006 -B;724;0;0;724;524;0;524;5;2;136;83;19;108;106;2;9;0;1;0;53
31;60;Burlada / Burlata;2-006 -C;722;0;0;722;470;0;470;2;0;128;84;10;103;99;0;6;3;1;0;34
31;62;Cabanillas;1-001 -A;550;0;0;550;419;0;419;5;7;152;12;13;181;21;0;6;0;2;1;19
31;62;Cabanillas;1-001 -B;520;0;0;520;409;0;409;2;2;167;3;19;178;26;1;3;2;0;0;6
31;63;Cabredo;1-001 -U;83;0;0;83;65;0;65;1;0;33;13;1;11;6;0;0;0;0;0;0
31;64;Cadreita;1-001 -A;589;0;0;589;520;0;520;6;3;236;11;5;205;28;0;2;0;1;0;14
31;64;Cadreita;1-001 -B;796;0;0;796;718;0;718;6;4;325;28;8;272;51;1;2;0;3;0;18
31;65;Caparroso;1-001 -U;657;0;0;657;475;0;475;4;7;233;25;9;134;28;2;6;3;3;2;19
31;65;Caparroso;2-001 -A;601;0;0;601;489;0;489;8;9;202;30;8;172;28;0;7;0;1;0;24
31;65;Caparroso;2-001 -B;597;0;0;597;489;0;489;6;3;204;26;8;182;29;0;8;0;1;0;22
31;66;Cárcar;1-001 -A;397;0;0;397;316;0;316;4;3;131;17;3;113;26;1;1;1;3;2;11
31;66;Cárcar;1-001 -B;419;0;0;419;349;1;350;3;6;158;13;5;128;16;0;4;0;5;0;12
31;67;Carcastillo;1-001 -A;406;0;0;406;290;0;290;5;4;105;8;7;85;37;1;12;1;4;1;20
31;67;Carcastillo;1-001 -B;340;0;0;340;248;0;248;3;1;89;10;2;87;35;0;7;0;0;0;14
31;67;Carcastillo;1-001 -C;223;0;0;223;159;0;159;2;2;64;5;6;58;10;0;8;0;0;0;4
31;67;Carcastillo;2-001 -A;488;0;0;488;324;0;324;10;2;122;24;3;103;39;0;9;0;2;0;10
31;67;Carcastillo;2-001 -B;432;0;0;432;360;0;360;5;9;141;15;6;129;40;0;6;0;2;0;7
31;68;Cascante;1-001 -A;422;0;0;422;291;0;291;6;2;130;14;2;107;14;0;2;0;2;0;12
31;68;Cascante;1-001 -B;480;0;0;480;353;0;353;6;2;157;9;5;128;21;1;4;2;5;1;12
31;68;Cascante;2-001 -A;407;0;0;407;309;0;309;5;0;128;10;12;112;20;0;5;1;1;0;15
31;68;Cascante;2-001 -B;372;0;0;372;298;0;298;1;4;149;8;6;97;13;0;8;0;1;0;11
31;68;Cascante;3-001 -A;545;0;0;545;400;0;400;3;2;168;8;9;158;21;0;3;1;4;0;23
31;68;Cascante;3-001 -B;573;0;0;573;461;0;461;8;3;201;13;10;184;7;0;10;0;3;0;22
31;69;Cáseda;1-001 -A;432;0;0;432;364;0;364;2;3;163;46;12;78;34;0;0;0;3;0;23
31;69;Cáseda;1-001 -B;395;0;0;395;322;0;322;2;3;140;38;9;74;34;0;1;0;2;0;19
31;70;Castejón;1-001 -A;737;0;0;737;535;1;536;2;10;226;24;70;154;14;0;8;2;2;0;24
31;70;Castejón;1-001 -B;679;0;0;679;503;1;504;2;7;192;17;79;149;18;0;8;7;4;2;19
31;70;Castejón;1-002 -U;622;0;0;622;438;1;439;7;2;197;18;60;112;17;0;9;0;2;0;15
31;70;Castejón;2-001 -U;588;0;0;588;387;1;388;5;0;170;14;33;122;8;0;12;0;2;0;22
31;71;Castillonuevo;1-001 -U;15;0;0;15;15;0;15;0;0;9;1;1;3;0;0;0;0;0;0;1
31;193;Cendea de Olza / Oltza Zendea;1-001 -A;316;0;0;316;255;0;255;1;2;64;73;7;28;59;0;2;3;1;0;15
31;193;Cendea de Olza / Oltza Zendea;1-001 -B;545;0;0;545;417;0;417;1;3;128;90;10;67;84;2;5;2;4;0;21
31;193;Cendea de Olza / Oltza Zendea;1-001 -C;577;0;0;577;406;0;406;2;4;119;88;12;63;70;0;11;3;5;0;29
31;72;Cintruénigo;1-001 -A;607;0;0;607;403;0;403;4;0;182;10;8;166;10;0;9;1;2;1;10
31;72;Cintruénigo;1-001 -B;530;0;0;530;359;0;359;0;2;162;9;8;148;7;0;12;1;2;0;8
31;72;Cintruénigo;2-001 -A;587;0;0;587;428;0;428;3;2;178;9;3;189;20;0;8;1;2;0;14
31;72;Cintruénigo;2-001 -B;686;0;0;686;537;0;537;2;5;271;14;2;196;19;0;8;2;0;0;18
31;72;Cintruénigo;2-001 -C;576;0;0;576;422;0;422;1;5;176;10;4;170;20;1;19;1;1;2;12
31;72;Cintruénigo;2-002 -A;491;0;0;491;353;0;353;3;1;179;3;3;129;11;0;5;1;0;1;17
31;72;Cintruénigo;2-002 -B;443;0;0;443;307;0;307;2;1;167;7;3;97;8;0;10;0;1;0;11
31;72;Cintruénigo;2-003 -A;662;0;0;662;508;0;508;4;0;256;5;4;196;15;0;10;3;3;0;12
31;72;Cintruénigo;2-003 -B;730;0;0;730;534;0;534;1;7;253;5;10;211;10;0;16;1;2;0;18
31;74;Cirauqui / Zirauki;1-001 -U;390;0;0;390;294;0;294;2;4;66;102;7;40;58;0;0;0;0;0;15
31;75;Ciriza / Ziritza;1-001 -U;117;0;0;117;73;0;73;0;0;23;15;1;4;17;1;3;1;1;0;7
31;76;Cizur;1-001 -A;327;0;0;327;256;0;256;3;2;89;50;9;41;46;0;1;0;3;0;12
31;76;Cizur;1-001 -B;270;0;0;270;207;0;207;1;1;72;38;5;27;45;1;4;0;4;2;7
31;76;Cizur;1-001 -C;399;0;0;399;287;0;287;2;8;134;32;7;37;42;0;13;1;1;0;10
31;76;Cizur;1-002 -A;501;0;0;501;416;0;416;2;1;280;14;3;28;44;7;25;2;0;0;10
31;76;Cizur;1-002 -B;518;0;0;518;427;0;427;0;2;295;13;2;35;49;0;13;2;2;1;13
31;76;Cizur;1-002 -C;513;0;0;513;420;0;420;1;6;292;18;1;38;48;0;8;2;0;1;5
31;77;Corella;1-001 -A;638;0;0;638;469;1;470;6;2;250;11;3;133;33;0;6;2;2;1;21
31;77;Corella;1-001 -B;673;0;0;673;505;0;505;4;3;277;13;10;148;25;0;9;1;4;0;11
31;77;Corella;1-002 -A;603;0;0;603;459;1;460;1;2;219;7;7;164;28;0;7;2;3;1;19
31;77;Corella;1-002 -B;552;0;0;552;435;0;435;1;2;227;12;4;155;12;0;4;0;0;1;17
31;77;Corella;1-002 -C;783;0;0;783;584;0;584;1;4;300;10;15;197;12;0;10;1;1;0;33
31;77;Corella;2-001 -U;679;0;0;679;485;0;485;3;4;229;8;10;157;27;0;12;1;2;0;32
31;77;Corella;2-002 -A;721;0;0;721;510;1;511;7;3;301;13;7;121;21;0;11;1;0;1;25
31;77;Corella;2-002 -B;769;0;0;769;560;0;560;5;6;300;8;12;173;17;0;12;3;0;0;24
31;78;Cortes;1-001 -A;411;0;0;411;313;0;313;0;6;135;18;3;112;19;0;2;2;4;1;11
31;78;Cortes;1-001 -B;441;0;0;441;333;2;335;2;2;151;12;3;129;19;0;4;1;1;0;11
31;78;Cortes;2-001 -A;503;0;0;503;395;0;395;2;8;195;22;3;126;21;0;3;1;1;0;13
31;78;Cortes;2-001 -B;537;0;0;537;421;0;421;5;3;214;14;9;129;20;0;6;2;3;0;16
31;78;Cortes;2-001 -C;519;0;0;519;405;0;405;4;3;149;20;4;174;20;0;10;2;1;1;17
31;79;Desojo;1-001 -U;68;0;0;68;57;0;57;0;0;25;1;2;12;9;0;0;1;0;0;7
31;80;Dicastillo;1-001 -U;491;0;0;491;389;0;389;1;3;102;70;17;89;72;0;3;4;2;0;26
31;81;Donamaria;1-001 -U;335;0;0;335;294;0;294;4;4;42;76;4;11;145;0;0;2;0;2;4
31;221;Doneztebe / Santesteban;1-001 -A;585;0;0;585;429;0;429;8;5;93;116;6;26;167;0;1;1;1;0;5
31;221;Doneztebe / Santesteban;1-001 -B;649;0;0;649;482;0;482;8;6;100;150;6;39;162;0;0;0;0;1;10
31;83;Echarri / Etxarri;1-001 -U;48;0;0;48;37;0;37;0;0;11;13;0;3;8;0;0;0;0;0;2
31;61;El Busto;1-001 -U;48;0;0;48;45;0;45;0;0;30;1;0;10;1;0;0;1;0;1;1
31;87;Elgorriaga;1-001 -U;181;0;0;181;130;0;130;1;1;14;55;0;7;48;0;1;0;0;0;3
31;89;Enériz / Eneritz;1-001 -U;233;0;0;233;162;0;162;0;0;83;12;3;29;27;0;0;0;3;0;5
31;90;Eratsun;1-001 -U;141;0;0;141;78;0;78;2;0;8;17;1;3;46;0;0;0;0;0;1
31;91;Ergoiena;1-001 -U;327;0;0;327;225;0;225;1;4;18;94;0;16;90;0;0;0;0;0;2
31;92;Erro;1-001 -A;274;0;0;274;204;0;204;1;0;70;34;5;21;67;0;1;2;0;0;3
31;92;Erro;1-001 -B;410;0;0;410;341;0;341;4;4;58;110;8;31;115;0;0;0;0;0;11
31;94;Eslava;1-001 -U;105;0;0;105;73;0;73;1;0;35;5;0;19;10;0;0;1;0;1;1
31;95;Esparza de Salazar / Espartza Zaraitzu;1-001 -U;72;0;0;72;65;0;65;0;2;9;30;0;12;9;1;0;1;0;1;0
31;96;Espronceda;1-001 -U;98;0;0;98;88;0;88;1;2;34;16;1;20;6;0;0;2;1;3;2
31;97;Estella-Lizarra;1-001 -U;762;0;0;762;491;0;491;4;4;158;89;18;111;73;0;3;2;2;0;27
31;97;Estella-Lizarra;1-002 -A;640;0;0;640;406;0;406;2;3;146;64;12;90;62;0;2;2;1;0;22
31;97;Estella-Lizarra;1-002 -B;655;0;0;655;397;0;397;2;2;127;65;8;102;63;0;2;2;2;0;22
31;97;Estella-Lizarra;2-001 -U;748;0;0;748;416;0;416;5;4;132;98;11;81;57;0;1;3;1;0;23
31;97;Estella-Lizarra;2-002 -A;616;0;0;616;430;0;430;3;3;170;90;12;66;62;0;2;3;4;0;15
31;97;Estella-Lizarra;2-002 -B;650;0;0;650;454;0;454;3;4;194;81;12;74;62;0;6;2;2;0;14
31;97;Estella-Lizarra;2-003 -A;393;0;0;393;238;0;238;2;0;86;52;6;34;44;0;2;1;0;0;11
31;97;Estella-Lizarra;2-003 -B;399;0;0;399;245;0;245;1;3;81;52;5;40;46;0;4;0;1;0;12
31;97;Estella-Lizarra;2-004 -A;526;0;0;526;378;0;378;2;5;135;73;13;68;63;0;3;1;2;0;13
31;97;Estella-Lizarra;2-004 -B;618;0;0;618;404;0;404;3;4;120;63;14;84;73;0;5;3;1;1;33
31;97;Estella-Lizarra;2-004 -C;509;0;0;509;346;0;346;2;1;124;63;10;65;61;0;2;0;0;0;17
31;97;Estella-Lizarra;2-005 -A;464;0;0;464;310;0;310;2;0;132;46;10;56;50;0;4;1;0;1;8
31;97;Estella-Lizarra;2-005 -B;449;0;0;449;317;0;317;0;1;139;59;8;46;49;0;4;1;2;0;8
31;97;Estella-Lizarra;2-006 -A;588;0;0;588;461;0;461;2;5;239;44;4;78;70;2;3;2;0;0;12
31;97;Estella-Lizarra;2-006 -B;627;0;0;627;467;0;467;2;2;239;41;9;77;74;0;4;3;1;2;13
31;97;Estella-Lizarra;2-007 -U;717;0;0;717;506;0;506;3;5;168;110;10;83;105;0;3;2;1;0;16
31;97;Estella-Lizarra;3-001 -A;570;0;0;570;411;0;411;1;1;127;89;9;74;78;0;3;1;1;0;27
31;97;Estella-Lizarra;3-001 -B;623;0;0;623;453;0;453;0;4;174;67;11;78;71;0;8;2;1;0;37
31;98;Esteribar;1-001 -A;381;0;0;381;299;0;299;0;6;80;91;6;41;49;0;2;3;1;0;20
31;98;Esteribar;1-001 -B;459;0;0;459;350;0;350;1;4;111;76;4;50;84;0;5;2;1;1;11
31;98;Esteribar;1-001 -C;338;0;0;338;274;0;274;1;4;56;59;5;24;100;0;2;5;1;2;15
31;98;Esteribar;1-001 -D;789;0;0;789;619;0;619;3;3;261;72;20;72;128;1;8;7;5;1;38
31;99;Etayo;1-001 -U;48;0;0;48;40;0;40;0;0;14;5;0;10;9;1;1;0;0;0;0
31;82;Etxalar;1-001 -U;620;0;0;620;481;0;481;2;10;62;167;5;23;196;0;1;0;0;0;15
31;84;Etxarri Aranatz;1-001 -A;542;0;0;542;401;0;401;6;2;45;197;8;11;122;0;1;0;1;1;7
31;84;Etxarri Aranatz;1-001 -B;457;0;0;457;322;0;322;1;1;45;133;3;11;120;0;0;0;1;0;7
31;84;Etxarri Aranatz;1-001 -C;33;0;0;33;28;0;28;0;0;0;22;1;0;5;0;0;0;0;0;0
31;84;Etxarri Aranatz;2-001 -A;515;0;0;515;374;0;374;1;4;35;185;4;9;125;0;1;0;0;0;10
31;84;Etxarri Aranatz;2-001 -B;396;1;0;397;288;0;288;3;2;22;154;3;8;84;0;0;1;1;0;10
31;85;Etxauri;1-001 -U;498;0;0;498;385;0;385;5;5;33;147;12;48;95;0;2;0;2;0;36
31;100;Eulate;1-001 -U;255;0;0;255;163;0;163;1;1;69;24;2;21;38;0;1;1;0;0;5
31;101;Ezcabarte;1-001 -A;839;0;0;839;589;0;589;0;2;206;133;9;80;104;0;18;4;5;0;28
31;101;Ezcabarte;1-001 -B;569;0;0;569;441;0;441;0;0;155;126;9;32;71;1;2;0;5;0;40
31;93;Ezcároz / Ezkaroze;1-001 -U;274;0;0;274;212;0;212;1;3;38;73;0;41;47;0;0;2;0;0;7
31;102;Ezkurra;1-001 -U;137;0;0;137;68;0;68;0;1;8;25;0;7;24;1;0;2;0;0;0
31;103;Ezprogui;1-001 -U;40;0;0;40;34;0;34;0;0;23;3;0;2;1;0;0;0;1;0;4
31;104;Falces;1-001 -A;490;0;0;490;400;0;400;8;2;116;17;7;153;47;1;5;1;1;0;42
31;104;Falces;1-001 -B;445;0;0;445;352;0;352;8;2;124;16;4;126;29;0;3;2;2;0;36
31;104;Falces;2-001 -A;439;0;0;439;298;0;298;4;2;86;27;6;117;25;0;2;0;0;0;29
31;104;Falces;2-001 -B;375;0;0;375;268;0;268;1;0;70;24;3;116;27;0;1;0;0;0;26
31;105;Fitero;1-001 -U;625;0;0;625;513;0;513;6;6;285;9;3;160;25;0;10;0;1;1;7
31;105;Fitero;2-001 -A;423;0;0;423;357;0;357;4;4;187;4;1;118;18;1;11;0;0;0;9
31;105;Fitero;2-001 -B;428;0;0;428;358;0;358;3;4;196;10;0;113;13;0;11;0;1;0;7
31;106;Fontellas;1-001 -U;712;0;0;712;583;0;583;3;6;281;15;17;223;12;0;5;3;1;0;17
31;107;Funes;1-001 -A;444;0;0;444;295;0;295;3;4;193;2;3;66;11;0;4;1;1;0;7
31;107;Funes;1-001 -B;384;0;0;384;279;0;279;2;1;181;6;4;57;9;0;11;1;2;0;5
31;107;Funes;2-001 -A;432;0;0;432;330;0;330;6;3;241;1;2;47;15;0;11;1;0;0;3
31;107;Funes;2-001 -B;416;0;0;416;318;0;318;8;6;226;6;2;49;6;0;11;0;0;1;3
31;108;Fustiñana;1-001 -A;519;0;0;519;416;0;416;4;7;198;13;6;146;21;1;2;0;2;0;16
31;108;Fustiñana;1-001 -B;453;0;0;453;369;1;370;3;7;190;6;6;124;14;0;3;2;1;1;13
31;108;Fustiñana;2-001 -A;486;0;0;486;396;0;396;1;1;196;16;9;144;24;1;2;0;0;0;2
31;108;Fustiñana;2-001 -B;372;0;0;372;298;1;299;2;1;151;6;7;113;12;0;3;0;0;0;4
31;109;Galar;1-001 -A;599;0;0;599;466;0;466;3;3;124;102;13;56;120;1;10;2;3;0;29
31;109;Galar;1-001 -B;540;0;0;540;409;0;409;2;5;166;61;15;79;55;0;12;3;0;0;11
31;109;Galar;1-001 -C;520;0;0;520;374;0;374;1;4;167;48;13;53;60;0;2;0;2;2;22
31;110;Gallipienzo / Galipentzu;1-001 -U;83;0;0;83;64;0;64;0;3;16;7;3;20;10;0;1;0;1;0;3
31;111;Gallués / Galoze;1-001 -U;91;1;0;92;81;0;81;0;2;13;15;0;8;26;0;2;0;5;1;9
31;112;Garaioa;1-001 -U;91;0;0;91;72;0;72;0;0;15;15;2;7;30;0;0;0;0;0;3
31;113;Garde;1-001 -U;126;0;0;126;80;0;80;0;1;26;8;1;23;20;0;0;0;0;0;1
31;114;Garínoain;1-001 -U;376;0;0;376;274;0;274;2;9;74;45;14;54;47;0;3;1;4;0;21
31;115;Garralda;1-001 -U;158;0;0;158;114;0;114;0;2;17;34;2;9;46;0;0;0;0;0;4
31;116;Genevilla;1-001 -U;58;0;0;58;47;0;47;0;10;23;4;0;3;4;0;1;0;1;0;1
31;117;Goizueta;1-001 -U;587;0;0;587;436;0;436;5;3;11;310;1;5;95;0;1;0;0;0;5
31;118;Goñi;1-001 -U;158;0;0;158;114;0;114;3;1;25;12;3;17;46;0;0;0;0;0;7
31;119;Güesa / Gorza;1-001 -U;36;0;0;36;26;0;26;0;1;7;1;1;0;14;0;0;0;0;0;2
31;120;Guesálaz / Gesalatz;1-001 -U;382;0;0;382;282;0;282;0;3;85;71;5;38;67;1;1;0;0;0;11
31;121;Guirguillano;1-001 -U;65;0;0;65;49;0;49;0;1;19;8;1;9;6;0;1;0;1;1;2
31;256;Hiriberri / Villanueva de Aezkoa;1-001 -U;96;0;0;96;65;0;65;0;0;4;37;1;0;23;0;0;0;0;0;0
31;122;Huarte / Uharte;1-001 -A;489;0;0;489;342;0;342;3;0;66;89;11;42;112;2;5;1;2;0;9
31;122;Huarte / Uharte;1-001 -B;522;0;0;522;379;0;379;4;1;90;102;9;57;93;0;3;3;1;2;14
31;122;Huarte / Uharte;1-002 -A;779;0;0;779;587;0;587;2;5;147;122;14;100;158;0;3;5;9;2;20
31;122;Huarte / Uharte;1-002 -B;777;0;0;777;558;0;558;0;7;162;111;11;87;137;1;3;5;1;3;30
31;122;Huarte / Uharte;1-003 -A;755;0;0;755;574;0;574;1;3;142;128;10;91;158;1;3;4;4;2;27
31;122;Huarte / Uharte;1-003 -B;743;0;0;743;555;0;555;4;3;141;107;13;91;158;1;4;3;5;2;23
31;122;Huarte / Uharte;1-004 -A;443;0;0;443;343;0;343;0;2;130;58;11;52;77;0;3;1;3;0;6
31;122;Huarte / Uharte;1-004 -B;436;0;0;436;314;0;314;3;0;139;43;10;56;45;1;1;1;2;0;13
31;124;Ibargoiti;1-001 -U;206;0;0;206;160;0;160;0;1;83;18;1;14;28;1;4;0;3;0;7
31;259;Igantzi;1-001 -U;476;0;0;476;324;0;324;2;0;26;114;0;27;140;0;1;0;0;0;14
31;125;Igúzquiza;1-001 -U;275;0;0;275;185;0;185;3;0;72;32;8;26;26;0;2;0;1;1;15
31;126;Imotz;1-001 -U;351;0;0;351;256;0;256;1;2;39;101;6;17;82;0;0;0;0;0;8
31;127;Irañeta;1-001 -U;131;0;0;131;95;0;95;1;0;35;24;3;3;22;0;3;1;0;0;3
31;904;Irurtzun;1-001 -A;798;0;0;798;538;0;538;2;7;107;185;9;70;140;0;2;0;4;0;12
31;904;Irurtzun;1-001 -B;764;0;0;764;496;0;496;3;6;121;145;6;82;103;1;2;1;0;2;24
31;128;Isaba / Izaba;1-001 -U;347;0;0;347;256;0;256;1;5;68;68;18;36;45;0;0;0;0;1;14
31;129;Ituren;1-001 -U;383;0;0;383;268;0;268;1;0;18;129;0;19;95;0;1;0;0;0;5
31;130;Iturmendi;1-001 -U;321;0;0;321;211;0;211;0;2;47;62;7;22;58;0;0;0;0;0;13
31;131;Iza / Itza;1-001 -A;417;0;0;417;315;0;315;3;6;94;49;3;37;90;0;6;3;2;0;22
31;131;Iza / Itza;1-001 -B;494;0;0;494;381;0;381;2;1;201;50;7;43;57;0;5;4;0;0;11
31;132;Izagaondoa;1-001 -U;148;0;0;148;115;0;115;0;1;57;31;1;9;14;0;1;0;0;0;1
31;133;Izalzu / Itzaltzu;1-001 -U;35;0;0;35;28;0;28;2;0;2;15;1;3;5;0;0;0;0;0;0
31;134;Jaurrieta;1-001 -U;174;0;0;174;133;0;133;3;1;39;26;1;19;38;0;3;0;2;0;1
31;135;Javier;1-001 -U;112;0;0;112;76;0;76;3;2;45;0;2;14;7;0;2;0;0;0;1
31;136;Juslapeña;1-001 -U;454;0;0;454;338;0;338;1;3;69;104;11;42;72;1;7;3;3;0;22
31;138;Lakuntza;1-001 -A;505;0;0;505;327;0;327;2;2;29;142;6;27;102;0;0;1;2;1;13
31;138;Lakuntza;1-001 -B;457;0;0;457;300;0;300;1;1;29;127;3;25;104;1;0;3;0;0;6
31;139;Lana;1-001 -U;154;0;0;154;106;0;106;0;4;38;18;5;15;17;0;0;0;1;0;8
31;140;Lantz;1-001 -U;112;0;0;112;83;0;83;1;1;25;13;1;11;29;0;0;0;0;0;2
31;141;Lapoblación;1-001 -U;107;0;0;107;83;0;83;2;4;34;0;1;8;14;0;12;0;2;0;6
31;142;Larraga;1-001 -A;748;0;0;748;549;0;549;5;5;230;86;11;141;37;0;5;1;1;2;25
31;142;Larraga;1-001 -B;642;0;0;642;511;0;511;10;6;213;74;6;134;37;1;6;1;4;1;18
31;143;Larraona;1-001 -U;93;0;0;93;53;0;53;2;0;21;7;0;9;12;0;1;0;0;1;0
31;144;Larraun;1-001 -A;254;0;0;254;187;0;187;0;2;29;68;3;14;67;0;1;0;0;0;3
31;144;Larraun;1-001 -B;304;0;0;304;207;0;207;2;1;25;86;2;6;76;0;0;0;2;0;7
31;144;Larraun;1-001 -C;204;0;0;204;145;0;145;0;3;24;75;0;12;27;1;0;1;0;0;2
31;145;Lazagurría;1-001 -U;161;0;0;161;123;0;123;0;2;83;0;4;21;12;0;0;0;0;0;1
31;146;Leache / Leatxe;1-001 -U;29;0;0;29;25;0;25;0;1;14;4;1;2;2;0;0;1;0;0;0
31;147;Legarda;1-001 -U;106;0;0;106;87;0;87;0;3;36;10;1;11;17;0;1;2;1;0;5
31;148;Legaria;1-001 -U;92;0;0;92;69;0;69;2;3;14;7;1;26;11;0;1;0;0;0;4
31;149;Leitza;1-001 -A;566;0;0;566;445;0;445;3;4;40;254;4;19;118;0;1;0;0;0;2
31;149;Leitza;1-001 -B;590;0;0;590;458;0;458;4;0;56;233;9;13;136;0;4;0;0;0;3
31;149;Leitza;1-002 -A;540;0;0;540;400;0;400;3;0;36;230;0;10;116;0;0;0;0;0;5
31;149;Leitza;1-002 -B;577;0;0;577;413;0;413;4;0;50;222;2;14;118;0;1;0;1;1;0
31;908;Lekunberri;1-001 -A;626;0;0;626;521;0;521;3;5;65;143;11;38;234;1;2;1;2;0;16
31;908;Lekunberri;1-001 -B;440;0;0;440;346;0;346;2;5;45;101;5;29;137;0;4;3;0;1;14
31;150;Leoz / Leotz;1-001 -U;202;0;0;202;133;0;133;1;2;26;47;6;13;22;0;1;0;1;0;14
31;151;Lerga;1-001 -U;56;0;0;56;44;0;44;0;0;15;4;0;7;14;0;0;0;1;0;3
31;152;Lerín;1-001 -U;563;0;0;563;424;0;424;1;6;198;24;17;99;49;0;3;0;5;1;21
31;152;Lerín;2-001 -U;706;0;0;706;521;0;521;7;10;206;32;21;128;71;0;2;0;3;2;39
31;153;Lesaka;1-001 -A;390;0;0;390;298;0;298;2;1;23;102;6;13;139;0;3;0;0;0;9
31;153;Lesaka;1-001 -B;444;0;0;444;327;0;327;0;1;21;115;2;13;148;0;3;0;1;0;23
31;153;Lesaka;2-001 -A;649;0;0;649;504;0;504;2;4;38;168;10;21;247;0;1;1;1;0;11
31;153;Lesaka;2-001 -B;694;0;0;694;525;0;525;2;4;51;191;2;31;232;0;2;0;0;0;10
31;154;Lezaun;1-001 -U;213;0;0;213;120;0;120;1;6;24;36;5;4;41;0;0;0;0;0;3
31;155;Liédena;1-001 -U;240;0;0;240;185;0;185;1;1;69;15;2;62;17;0;1;0;1;0;16
31;156;Lizoáin-Arriasgoiti;1-001 -U;239;0;0;239;213;0;213;0;1;41;63;5;29;56;0;5;1;3;0;9
31;157;Lodosa;1-001 -A;678;0;0;678;445;0;445;1;8;182;18;7;105;91;0;8;0;1;1;23
31;157;Lodosa;1-001 -B;534;0;0;534;363;1;364;0;6;135;24;5;102;69;0;5;1;0;0;17
31;157;Lodosa;1-002 -A;558;0;0;558;421;1;422;4;4;208;16;7;99;63;0;6;3;1;0;11
31;157;Lodosa;1-002 -B;542;0;0;542;397;0;397;3;7;159;24;12;95;77;0;4;4;1;0;11
31;157;Lodosa;2-001 -A;596;0;0;596;390;0;390;1;9;161;17;11;98;78;0;2;1;0;0;12
31;157;Lodosa;2-001 -B;565;0;0;565;419;0;419;3;7;149;31;20;107;89;0;2;1;1;0;9
31;158;Lónguida / Longida;1-001 -U;250;0;0;250;172;0;172;1;3;55;54;5;10;30;0;1;0;1;0;12
31;29;Los Arcos;1-001 -A;499;0;0;499;377;1;378;4;3;152;36;13;87;55;0;1;3;3;0;21
31;29;Los Arcos;1-001 -B;416;0;0;416;312;0;312;4;3;143;20;5;69;45;0;3;1;1;0;18
31;159;Lumbier;1-001 -A;574;0;0;574;493;0;493;5;4;182;107;16;39;112;0;5;0;3;2;18
31;159;Lumbier;1-001 -B;530;0;0;530;439;0;439;6;3;168;89;21;39;96;1;0;0;1;0;15
31;160;Luquin;1-001 -U;106;0;0;106;81;0;81;1;1;30;12;3;9;15;0;2;0;0;0;8
31;248;Luzaide / Valcarlos;1-001 -U;271;0;0;271;148;0;148;4;2;37;36;5;24;36;0;1;0;0;0;3
31;161;Mañeru;1-001 -U;344;0;0;344;266;0;266;3;4;56;53;7;57;63;0;0;1;0;2;20
31;162;Marañón;1-001 -U;48;0;0;48;30;0;30;2;0;7;3;0;11;5;0;1;0;0;1;0
31;163;Marcilla;1-001 -U;764;0;0;764;566;0;566;7;5;272;9;12;184;38;1;5;4;0;2;27
31;163;Marcilla;2-001 -A;603;0;0;603;463;0;463;3;3;223;6;5;167;22;0;9;4;2;0;19
31;163;Marcilla;2-001 -B;627;0;0;627;489;0;489;6;2;225;15;3;175;29;1;5;0;3;1;24
31;164;Mélida;1-001 -U;547;0;0;547;436;0;436;6;3;203;0;10;164;20;0;10;1;1;0;18
31;165;Mendavia;1-001 -A;462;0;0;462;334;0;334;3;6;124;15;12;131;20;0;10;0;0;0;13
31;165;Mendavia;1-001 -B;659;0;0;659;482;0;482;2;5;184;24;21;180;22;0;8;4;2;1;29
31;165;Mendavia;2-001 -A;554;0;0;554;432;0;432;1;4;175;21;18;146;34;0;11;1;0;1;20
31;165;Mendavia;2-001 -B;528;0;0;528;373;0;373;3;2;174;19;10;122;25;1;6;2;2;0;7
31;165;Mendavia;2-001 -C;557;0;0;557;435;0;435;4;0;176;13;14;176;26;1;10;0;0;0;14
31;166;Mendaza;1-001 -U;247;1;0;248;186;0;186;0;2;105;15;4;30;27;0;2;0;0;0;1
31;167;Mendigorría;1-001 -A;400;0;0;400;297;0;297;6;1;102;64;3;45;53;0;3;0;2;0;18
31;167;Mendigorría;1-001 -B;424;0;0;424;331;0;331;6;8;129;55;10;70;37;0;1;1;0;0;14
31;168;Metauten;1-001 -U;241;0;0;241;196;0;196;2;2;93;34;1;21;35;0;3;0;0;1;4
31;169;Milagro;1-001 -A;395;0;0;395;281;0;281;3;0;134;3;8;114;10;0;2;0;0;0;7
31;169;Milagro;1-001 -B;365;0;0;365;248;0;248;0;3;134;3;5;92;6;0;2;0;0;0;3
31;169;Milagro;2-001 -A;496;0;0;496;403;0;403;3;8;143;5;12;196;22;0;5;0;1;1;7
31;169;Milagro;2-001 -B;515;0;0;515;407;0;407;3;4;193;4;12;159;11;0;11;0;0;0;10
31;169;Milagro;2-001 -C;431;0;0;431;345;0;345;5;5;152;3;5;148;13;0;3;0;0;0;11
31;170;Mirafuentes;1-001 -U;45;0;0;45;35;0;35;2;2;5;12;0;4;7;0;0;1;1;0;1
31;171;Miranda de Arga;1-001 -U;667;0;0;667;538;0;538;4;7;135;38;17;198;90;0;7;2;5;1;34
31;172;Monreal / Elo;1-001 -U;366;0;0;366;304;0;304;7;3;130;39;11;43;40;0;3;5;5;0;18
31;173;Monteagudo;1-001 -A;336;0;0;336;297;0;297;4;0;158;2;1;115;7;0;3;0;0;0;7
31;173;Monteagudo;1-001 -B;505;0;0;505;450;0;450;2;4;222;6;6;189;13;0;5;0;0;0;3
31;174;Morentin;1-001 -U;106;0;0;106;68;0;68;0;1;27;14;0;10;6;0;0;3;1;1;5
31;175;Mues;1-001 -U;65;0;0;65;45;0;45;0;0;19;2;2;8;9;0;0;0;0;1;4
31;176;Murchante;1-001 -A;621;0;0;621;448;0;448;10;5;182;13;8;174;25;0;5;0;1;0;25
31;176;Murchante;1-001 -B;591;0;0;591;436;0;436;0;16;169;9;10;186;13;1;7;0;2;0;23
31;176;Murchante;1-001 -C;550;0;0;550;409;0;409;3;3;167;5;6;177;21;0;7;3;4;0;13
31;176;Murchante;2-001 -A;616;0;0;616;429;0;429;3;5;186;15;7;162;21;0;9;0;3;0;18
31;176;Murchante;2-001 -B;549;0;0;549;367;0;367;6;4;156;4;6;155;6;0;9;1;3;0;17
31;177;Murieta;1-001 -U;249;0;0;249;152;0;152;2;1;49;21;2;33;34;0;1;3;0;0;6
31;178;Murillo el Cuende;1-001 -U;473;0;0;473;365;0;365;5;12;116;5;1;150;23;0;16;0;1;2;34
31;179;Murillo el Fruto;1-001 -U;483;0;0;483;386;0;386;6;11;166;14;3;133;28;0;2;1;3;0;19
31;180;Muruzábal;1-001 -U;199;0;0;199;139;0;139;0;1;55;18;10;16;28;2;0;1;1;0;7
31;181;Navascués / Nabaskoze;1-001 -U;134;0;0;134;98;0;98;2;1;34;34;0;10;14;0;1;0;0;0;2
31;182;Nazar;1-001 -U;30;0;0;30;28;0;28;0;2;13;4;0;1;7;0;0;0;0;0;1
31;88;Noáin (Valle de Elorz) / Noain (Elortzibar);1-001 -A;771;0;0;771;550;0;550;3;2;270;49;9;94;80;1;9;3;4;0;26
31;88;Noáin (Valle de Elorz) / Noain (Elortzibar);1-001 -B;748;0;0;748;507;0;507;3;1;217;39;14;107;77;1;10;4;3;2;29
31;88;Noáin (Valle de Elorz) / Noain (Elortzibar);1-002 -A;484;0;0;484;344;0;344;2;1;137;37;9;80;51;0;6;1;1;0;19
31;88;Noáin (Valle de Elorz) / Noain (Elortzibar);1-002 -B;541;0;0;541;370;0;370;4;1;149;30;6;76;71;0;5;1;2;1;24
31;88;Noáin (Valle de Elorz) / Noain (Elortzibar);1-002 -C;565;0;0;565;389;0;389;2;5;158;36;8;92;50;0;8;3;0;2;25
31;88;Noáin (Valle de Elorz) / Noain (Elortzibar);1-003 -A;492;0;0;492;352;0;352;2;1;143;40;7;46;77;0;5;8;2;1;20
31;88;Noáin (Valle de Elorz) / Noain (Elortzibar);1-003 -B;474;0;0;474;330;0;330;0;5;151;35;6;62;43;2;3;1;3;2;17
31;88;Noáin (Valle de Elorz) / Noain (Elortzibar);1-004 -A;501;0;0;501;321;0;321;3;3;125;26;12;74;43;0;6;3;3;0;23
31;88;Noáin (Valle de Elorz) / Noain (Elortzibar);1-004 -B;548;0;0;548;352;0;352;2;1;139;28;10;76;59;0;4;4;3;1;25
31;88;Noáin (Valle de Elorz) / Noain (Elortzibar);1-004 -C;548;0;0;548;346;0;346;1;1;107;30;18;84;61;1;11;3;3;0;26
31;183;Obanos;1-001 -U;713;0;0;713;564;0;564;12;7;233;66;14;65;131;0;7;1;4;0;24
31;185;Ochagavía / Otsagabia;1-001 -U;467;0;0;467;371;0;371;8;7;122;106;2;28;86;0;2;1;0;3;6
31;184;Oco;1-001 -U;66;0;0;66;44;0;44;0;1;17;18;0;1;7;0;0;0;0;0;0
31;186;Odieta;1-001 -U;286;0;0;286;215;0;215;2;1;58;72;8;14;47;1;3;0;0;2;7
31;187;Oiz;1-001 -U;101;0;0;101;60;0;60;2;0;3;17;0;4;31;0;1;0;0;0;2
31;188;Olaibar;1-001 -U;296;0;0;296;187;0;187;1;1;58;39;7;18;52;1;4;1;0;0;5
31;189;Olazti / Olazagutía;1-001 -A;584;0;0;584;381;0;381;7;2;47;148;10;42;105;0;3;2;0;0;15
31;189;Olazti / Olazagutía;1-001 -B;542;0;0;542;336;0;336;4;5;37;126;4;59;83;0;4;0;1;1;12
31;190;Olejua;1-001 -U;44;0;0;44;39;0;39;0;0;17;8;2;6;5;0;0;0;0;0;1
31;191;Olite / Erriberri;1-001 -A;713;0;0;713;560;0;560;5;3;210;42;15;167;74;0;9;2;1;3;29
31;191;Olite / Erriberri;1-001 -B;749;0;0;749;555;0;555;6;9;202;33;18;158;79;1;14;3;1;0;31
31;191;Olite / Erriberri;2-001 -A;757;0;0;757;571;0;571;7;5;223;38;16;138;97;1;5;1;1;0;39
31;191;Olite / Erriberri;2-001 -B;805;0;0;805;589;0;589;5;5;215;35;21;160;98;1;5;3;2;0;39
31;192;Olóriz / Oloritz;1-001 -U;158;0;0;158;121;0;121;1;1;39;18;4;13;23;0;0;3;1;0;18
31;195;Orbaizeta;1-001 -U;171;0;0;171;122;0;122;0;0;15;55;1;7;38;0;1;0;0;0;5
31;196;Orbara;1-001 -U;31;0;0;31;28;0;28;0;0;10;8;1;4;4;0;0;0;0;0;1
31;197;Orísoain;1-001 -U;67;0;0;67;53;0;53;1;0;13;4;3;20;5;0;0;0;0;0;7
31;906;Orkoien;1-001 -A;677;0;0;677;426;0;426;3;5;123;70;15;98;57;1;13;2;4;1;34
31;906;Orkoien;1-001 -B;547;0;0;547;364;0;364;3;7;110;46;19;92;43;1;4;3;3;2;31
31;906;Orkoien;1-002 -A;679;0;0;679;533;0;533;3;6;168;95;16;82;108;0;14;1;2;0;38
31;906;Orkoien;1-002 -B;785;0;0;785;589;0;589;3;7;202;79;22;109;100;1;14;5;1;1;45
31;198;Oronz / Orontze;1-001 -U;37;0;0;37;30;0;30;0;1;4;16;2;0;5;0;0;0;0;0;2
31;199;Oroz-Betelu / Orotz-Betelu;1-001 -U;140;0;0;140;96;0;96;3;1;22;27;0;8;31;0;0;0;1;0;3
31;211;Orreaga / Roncesvalles;1-001 -U;17;0;0;17;15;0;15;0;1;10;0;0;1;2;0;0;0;0;0;1
31;200;Oteiza;1-001 -U;742;0;0;742;568;0;568;7;10;144;129;19;145;87;0;1;1;3;0;22
31;201;Pamplona / Iruña;1-001 -U;665;0;0;665;489;0;489;1;3;78;198;16;30;123;0;3;3;2;0;32
31;201;Pamplona / Iruña;1-003 -A;635;0;0;635;461;0;461;0;2;118;144;21;42;100;2;8;2;1;1;20
31;201;Pamplona / Iruña;1-003 -B;593;0;0;593;457;0;457;3;0;88;165;24;36;103;0;4;3;1;2;28
31;201;Pamplona / Iruña;1-004 -U;717;0;0;717;508;0;508;0;1;84;152;27;73;130;0;4;1;0;1;35
31;201;Pamplona / Iruña;1-005 -A;369;0;0;369;273;0;273;3;2;41;78;19;27;77;0;2;4;2;1;17
31;201;Pamplona / Iruña;1-005 -B;403;0;0;403;289;0;289;2;0;43;86;18;43;59;0;1;4;1;0;32
31;201;Pamplona / Iruña;1-006 -U;681;0;0;681;509;0;509;0;4;175;87;16;49;146;3;7;2;0;2;18
31;201;Pamplona / Iruña;1-007 -U;558;0;0;558;424;0;424;0;0;128;101;14;54;88;0;3;2;4;0;30
31;201;Pamplona / Iruña;1-008 -U;597;0;0;597;430;0;430;0;4;158;85;20;48;87;0;7;7;1;0;13
31;201;Pamplona / Iruña;1-009 -U;693;0;0;693;514;0;514;5;2;139;144;17;60;119;2;7;2;0;0;17
31;201;Pamplona / Iruña;1-010 -U;756;0;0;756;571;0;571;4;7;146;149;21;58;124;1;7;7;5;0;35
31;201;Pamplona / Iruña;1-011 -U;625;0;0;625;453;0;453;0;4;65;180;25;58;87;1;0;6;0;1;26
31;201;Pamplona / Iruña;1-012 -U;538;0;0;538;340;0;340;1;2;39;137;15;44;72;0;2;3;2;0;23
31;201;Pamplona / Iruña;1-013 -A;381;0;0;381;272;0;272;1;2;39;87;11;32;76;0;2;3;1;0;18
31;201;Pamplona / Iruña;1-013 -B;407;0;0;407;294;0;294;0;3;73;93;12;23;72;1;0;3;0;0;14
31;201;Pamplona / Iruña;2-001 -A;406;0;0;406;298;0;298;2;2;178;15;7;23;46;0;8;4;1;1;11
31;201;Pamplona / Iruña;2-001 -B;423;0;0;423;290;0;290;0;1;138;22;7;43;61;0;5;0;1;0;12
31;201;Pamplona / Iruña;2-002 -A;433;0;0;433;353;0;353;0;3;220;20;5;36;53;0;6;2;0;0;8
31;201;Pamplona / Iruña;2-002 -B;413;0;0;413;326;0;326;0;2;226;9;3;33;41;0;4;1;0;0;7
31;201;Pamplona / Iruña;2-003 -U;656;0;0;656;513;0;513;3;3;323;17;14;57;63;0;17;3;1;1;11
31;201;Pamplona / Iruña;2-004 -A;503;0;0;503;383;0;383;1;1;259;14;10;35;48;0;8;2;0;0;5
31;201;Pamplona / Iruña;2-004 -B;516;0;0;516;414;0;414;2;1;290;10;6;47;33;1;14;5;0;0;5
31;201;Pamplona / Iruña;2-004 -C;474;0;0;474;366;0;366;0;2;279;11;7;23;28;0;7;1;0;0;8
31;201;Pamplona / Iruña;2-005 -A;608;0;0;608;474;0;474;0;1;300;19;7;43;87;0;11;0;0;0;6
31;201;Pamplona / Iruña;2-005 -B;647;0;0;647;482;0;482;3;2;315;12;5;52;67;0;13;2;0;1;10
31;201;Pamplona / Iruña;2-006 -A;512;0;0;512;381;0;381;1;1;205;33;10;46;66;1;9;2;1;1;5
31;201;Pamplona / Iruña;2-006 -B;502;0;0;502;382;0;382;0;0;212;21;8;38;73;1;6;3;0;0;20
31;201;Pamplona / Iruña;2-007 -U;694;0;0;694;555;0;555;0;0;340;29;6;63;94;1;9;2;1;1;9
31;201;Pamplona / Iruña;2-008 -A;419;0;0;419;304;0;304;0;0;160;20;5;37;58;0;11;1;1;0;11
31;201;Pamplona / Iruña;2-008 -B;433;0;0;433;321;0;321;0;3;173;26;2;30;71;0;6;2;0;0;8
31;201;Pamplona / Iruña;2-009 -A;462;0;0;462;320;0;320;3;0;119;26;8;55;87;3;4;1;1;0;13
31;201;Pamplona / Iruña;2-009 -B;458;0;0;458;327;0;327;2;1;111;29;12;70;71;2;5;5;1;1;17
31;201;Pamplona / Iruña;2-010 -A;451;0;0;451;349;0;349;3;1;176;26;9;43;66;0;17;0;0;1;4
31;201;Pamplona / Iruña;2-010 -B;475;0;0;475;363;0;363;0;3;170;24;15;54;62;2;12;2;2;0;17
31;201;Pamplona / Iruña;2-011 -A;488;0;0;488;360;0;360;0;1;156;26;9;67;83;0;6;1;2;0;9
31;201;Pamplona / Iruña;2-011 -B;548;0;0;548;406;0;406;1;5;176;34;11;80;78;0;5;2;0;0;14
31;201;Pamplona / Iruña;2-012 -A;570;0;0;570;437;0;437;0;6;231;20;10;58;85;3;8;1;3;0;12
31;201;Pamplona / Iruña;2-012 -B;564;0;0;564;433;0;433;0;7;232;32;5;56;78;1;6;2;0;0;14
31;201;Pamplona / Iruña;2-013 -U;653;0;0;653;529;0;529;2;0;393;8;6;53;43;3;14;3;0;0;4
31;201;Pamplona / Iruña;2-014 -A;517;0;0;517;422;0;422;0;0;262;14;4;43;70;0;19;1;1;0;8
31;201;Pamplona / Iruña;2-014 -B;532;0;0;532;423;0;423;1;3;245;16;8;44;82;0;12;1;5;0;6
31;201;Pamplona / Iruña;2-015 -U;729;0;0;729;558;0;558;2;2;327;47;13;59;73;0;12;2;2;2;17
31;201;Pamplona / Iruña;2-016 -U;699;0;0;699;502;0;502;2;5;177;64;14;88;118;1;9;2;2;0;20
31;201;Pamplona / Iruña;2-017 -U;612;0;0;612;442;0;442;1;2;290;13;9;49;56;1;11;2;1;0;7
31;201;Pamplona / Iruña;3-001 -U;703;0;0;703;462;0;462;2;3;173;81;15;73;90;1;4;1;2;0;17
31;201;Pamplona / Iruña;3-002 -U;714;0;0;714;554;0;554;1;2;325;33;10;54;92;0;16;2;2;0;17
31;201;Pamplona / Iruña;3-003 -A;583;0;0;583;427;0;427;2;2;143;64;18;78;96;0;1;2;0;0;21
31;201;Pamplona / Iruña;3-003 -B;703;0;0;703;499;0;499;5;3;221;57;17;55;109;0;0;1;0;3;28
31;201;Pamplona / Iruña;3-004 -U;686;0;0;686;437;0;437;5;3;134;82;12;77;103;0;5;2;0;0;14
31;201;Pamplona / Iruña;3-005 -A;406;0;0;406;277;0;277;1;3;104;35;6;46;62;1;1;2;4;1;11
31;201;Pamplona / Iruña;3-005 -B;400;0;0;400;285;0;285;1;3;123;22;7;65;43;2;6;3;2;1;7
31;201;Pamplona / Iruña;3-006 -A;590;0;0;590;459;0;459;2;4;276;21;9;55;67;0;9;5;3;0;8
31;201;Pamplona / Iruña;3-006 -B;610;0;0;610;471;0;471;2;5;286;34;9;52;61;1;6;3;1;1;10
31;201;Pamplona / Iruña;3-007 -A;494;0;0;494;412;0;412;0;1;267;21;5;34;58;2;5;3;1;0;15
31;201;Pamplona / Iruña;3-007 -B;462;0;0;462;390;0;390;0;1;287;17;3;37;34;1;3;2;1;0;4
31;201;Pamplona / Iruña;3-008 -A;515;0;0;515;335;0;335;0;1;147;43;8;59;63;0;1;0;0;0;13
31;201;Pamplona / Iruña;3-008 -B;479;0;0;479;330;0;330;0;1;114;47;14;68;64;0;3;0;0;0;19
31;201;Pamplona / Iruña;3-009 -A;424;0;0;424;269;0;269;1;1;85;51;6;44;69;0;2;1;0;0;9
31;201;Pamplona / Iruña;3-009 -B;408;0;0;408;274;0;274;3;6;95;30;9;51;66;0;1;0;1;1;11
31;201;Pamplona / Iruña;3-010 -A;459;0;0;459;309;0;309;1;1;105;52;10;50;69;0;4;2;0;1;14
31;201;Pamplona / Iruña;3-010 -B;487;0;0;487;344;0;344;3;1;137;41;8;75;54;0;1;1;0;2;21
31;201;Pamplona / Iruña;3-011 -A;412;0;0;412;329;0;329;1;4;216;9;8;32;45;2;3;2;0;0;7
31;201;Pamplona / Iruña;3-011 -B;445;0;0;445;373;0;373;2;5;238;7;9;42;50;1;6;3;0;3;7
31;201;Pamplona / Iruña;3-012 -A;444;0;0;444;347;0;347;0;1;182;26;3;58;57;0;5;2;1;0;12
31;201;Pamplona / Iruña;3-012 -B;453;0;0;453;331;0;331;3;3;155;30;8;57;51;0;6;2;3;0;13
31;201;Pamplona / Iruña;3-013 -A;440;0;0;440;317;0;317;2;1;88;57;11;82;56;0;2;0;1;1;16
31;201;Pamplona / Iruña;3-013 -B;466;0;0;466;324;0;324;1;0;92;55;11;68;79;1;2;4;0;0;11
31;201;Pamplona / Iruña;3-014 -A;700;0;0;700;557;0;557;0;2;286;31;9;84;124;1;4;2;0;0;14
31;201;Pamplona / Iruña;3-014 -B;698;0;0;698;514;0;514;2;5;278;29;8;77;75;3;16;2;1;0;18
31;201;Pamplona / Iruña;3-015 -A;653;0;0;653;521;0;521;4;3;341;15;6;63;61;0;14;1;0;0;13
31;201;Pamplona / Iruña;3-015 -B;628;0;0;628;506;0;506;1;3;323;29;6;56;64;0;8;0;0;0;16
31;201;Pamplona / Iruña;3-016 -A;403;0;0;403;311;0;311;2;1;194;15;10;32;47;0;4;1;0;0;5
31;201;Pamplona / Iruña;3-016 -B;453;0;0;453;337;0;337;1;2;199;23;9;35;52;0;8;1;1;0;6
31;201;Pamplona / Iruña;3-017 -A;478;0;0;478;365;0;365;1;2;219;26;5;26;63;1;8;0;2;2;10
31;201;Pamplona / Iruña;3-017 -B;436;0;0;436;344;0;344;1;3;222;20;7;43;34;1;7;0;1;0;5
31;201;Pamplona / Iruña;3-018 -A;396;0;0;396;275;0;275;4;0;101;42;8;55;49;2;1;2;3;0;8
31;201;Pamplona / Iruña;3-018 -B;455;0;0;455;310;0;310;3;2;145;33;7;48;55;3;1;0;0;1;12
31;201;Pamplona / Iruña;3-019 -A;466;0;0;466;352;0;352;2;0;122;46;16;68;72;1;1;3;0;0;21
31;201;Pamplona / Iruña;3-019 -B;498;0;0;498;394;0;394;1;2;135;43;14;83;91;0;6;2;1;0;16
31;201;Pamplona / Iruña;3-019 -C;542;0;0;542;431;0;431;6;0;164;37;13;88;103;1;4;3;0;1;11
31;201;Pamplona / Iruña;3-020 -A;585;0;0;585;454;0;454;2;2;259;33;8;54;75;0;11;1;0;0;9
31;201;Pamplona / Iruña;3-020 -B;611;0;0;611;489;0;489;2;1;280;32;7;59;85;0;9;2;0;1;11
31;201;Pamplona / Iruña;3-021 -A;477;0;0;477;392;0;392;0;1;144;55;9;57;101;3;3;1;0;18;0
31;201;Pamplona / Iruña;3-021 -B;572;0;0;572;460;0;460;2;0;156;63;11;82;116;1;4;4;1;1;19
31;201;Pamplona / Iruña;3-022 -U;582;0;0;582;431;0;431;0;2;130;65;15;108;79;3;4;0;3;2;20
31;201;Pamplona / Iruña;3-023 -A;767;0;0;767;617;0;617;1;4;388;39;4;72;88;1;5;3;0;0;12
31;201;Pamplona / Iruña;3-023 -B;771;0;0;771;589;0;589;1;0;387;18;3;87;67;2;11;0;1;0;12
31;201;Pamplona / Iruña;3-024 -A;620;0;0;620;472;0;472;1;2;267;27;1;80;70;0;6;0;0;0;18
31;201;Pamplona / Iruña;3-024 -B;646;0;0;646;479;0;479;3;1;286;20;4;75;66;0;8;0;0;0;16
31;201;Pamplona / Iruña;3-024 -C;622;0;0;622;477;0;477;0;1;295;14;7;67;62;0;4;1;0;1;25
31;201;Pamplona / Iruña;3-025 -A;597;0;0;597;450;0;450;1;1;211;56;11;54;88;1;11;1;2;1;12
31;201;Pamplona / Iruña;3-025 -B;703;0;0;703;538;0;538;3;2;236;31;23;91;122;1;5;6;0;0;18
31;201;Pamplona / Iruña;3-025 -C;637;0;0;637;496;0;496;4;3;235;37;12;85;90;1;10;2;2;1;14
31;201;Pamplona / Iruña;3-026 -A;543;0;0;543;374;0;374;4;1;136;38;10;70;76;0;10;4;0;1;24
31;201;Pamplona / Iruña;3-026 -B;492;0;0;492;339;0;339;4;2;107;41;13;71;62;1;13;1;0;1;23
31;201;Pamplona / Iruña;3-027 -A;608;0;0;608;482;0;482;0;3;262;38;7;73;70;2;7;4;0;0;16
31;201;Pamplona / Iruña;3-027 -B;644;0;0;644;506;0;506;2;2;298;24;6;91;51;3;6;6;2;0;15
31;201;Pamplona / Iruña;4-001 -A;573;0;0;573;350;0;350;0;2;219;19;7;38;51;1;4;3;0;0;6
31;201;Pamplona / Iruña;4-001 -B;559;0;0;559;315;0;315;0;3;192;22;4;34;54;0;2;1;0;0;3
31;201;Pamplona / Iruña;4-002 -A;710;0;0;710;502;0;502;2;3;253;61;6;91;60;2;3;0;2;0;19
31;201;Pamplona / Iruña;4-002 -B;720;0;0;720;483;0;483;1;3;225;41;7;80;76;2;11;5;3;0;29
31;201;Pamplona / Iruña;4-003 -A;571;0;0;571;424;0;424;1;1;202;38;11;73;75;2;3;1;1;0;16
31;201;Pamplona / Iruña;4-003 -B;541;0;0;541;395;0;395;0;4;203;22;6;64;67;5;4;1;1;1;17
31;201;Pamplona / Iruña;4-004 -A;407;0;0;407;335;0;335;1;0;225;14;7;35;42;0;6;1;0;0;4
31;201;Pamplona / Iruña;4-004 -B;441;0;0;441;365;0;365;2;6;239;16;2;27;55;1;9;2;1;0;5
31;201;Pamplona / Iruña;4-005 -A;462;0;0;462;362;0;362;4;2;183;31;6;50;65;0;2;1;2;3;13
31;201;Pamplona / Iruña;4-005 -B;492;0;0;492;384;0;384;5;1;197;29;13;65;61;0;0;2;1;0;10
31;201;Pamplona / Iruña;4-006 -U;664;0;0;664;537;0;537;1;1;391;19;13;41;54;1;4;3;1;0;8
31;201;Pamplona / Iruña;4-007 -A;616;0;0;616;511;0;511;6;5;322;20;5;48;87;0;7;2;0;0;9
31;201;Pamplona / Iruña;4-007 -B;612;0;0;612;493;0;493;2;4;295;30;5;57;70;1;13;3;2;0;11
31;201;Pamplona / Iruña;4-008 -A;666;0;0;666;546;0;546;0;3;292;36;6;76;119;1;5;2;0;0;6
31;201;Pamplona / Iruña;4-008 -B;654;0;0;654;534;0;534;1;0;284;32;14;88;96;2;0;0;0;0;17
31;201;Pamplona / Iruña;4-009 -A;394;0;0;394;276;0;276;2;0;131;27;7;37;60;0;1;2;0;0;9
31;201;Pamplona / Iruña;4-009 -B;336;0;0;336;239;0;239;2;1;112;19;6;38;48;0;2;1;0;1;9
31;201;Pamplona / Iruña;4-010 -A;621;0;0;621;513;0;513;0;6;278;45;8;64;93;2;9;3;0;0;5
31;201;Pamplona / Iruña;4-010 -B;628;0;0;628;496;0;496;0;4;284;23;14;63;81;0;6;3;0;0;18
31;201;Pamplona / Iruña;4-011 -A;542;0;0;542;372;0;372;0;0;123;55;15;79;81;1;0;0;1;1;16
31;201;Pamplona / Iruña;4-011 -B;543;0;0;543;364;0;364;4;3;159;41;10;72;57;1;2;0;1;0;14
31;201;Pamplona / Iruña;4-012 -A;405;0;0;405;179;0;179;0;4;37;29;2;64;22;1;0;3;2;1;14
31;201;Pamplona / Iruña;4-012 -B;409;0;0;409;194;0;194;0;2;48;27;5;77;19;0;3;1;0;0;12
31;201;Pamplona / Iruña;4-013 -A;566;0;0;566;321;0;321;8;2;111;33;8;91;43;1;3;1;0;0;20
31;201;Pamplona / Iruña;4-013 -B;584;0;0;584;333;0;333;0;2;113;40;9;88;60;0;1;0;1;0;19
31;201;Pamplona / Iruña;4-014 -A;518;0;0;518;422;0;422;2;2;194;41;4;78;76;2;7;1;0;2;13
31;201;Pamplona / Iruña;4-014 -B;540;0;0;540;440;0;440;1;3;223;31;7;71;70;0;4;3;2;1;24
31;201;Pamplona / Iruña;4-015 -A;478;0;0;478;346;0;346;2;2;177;33;7;50;59;1;4;2;0;0;9
31;201;Pamplona / Iruña;4-015 -B;488;0;0;488;360;0;360;0;1;165;41;11;54;73;1;4;1;1;0;8
31;201;Pamplona / Iruña;4-016 -U;578;0;0;578;467;0;467;1;5;262;27;8;65;76;1;2;0;2;1;17
31;201;Pamplona / Iruña;4-017 -A;493;0;0;493;396;0;396;1;2;205;34;7;53;64;4;9;1;1;0;15
31;201;Pamplona / Iruña;4-017 -B;470;0;0;470;383;0;383;2;1;222;21;5;56;58;2;6;3;0;0;7
31;201;Pamplona / Iruña;4-017 -C;467;0;0;467;357;0;357;0;2;198;28;11;55;51;0;2;2;0;0;8
31;201;Pamplona / Iruña;4-018 -A;494;0;0;494;397;0;397;1;0;220;24;7;53;69;2;4;2;0;2;13
31;201;Pamplona / Iruña;4-018 -B;538;0;0;538;418;0;418;1;2;234;21;7;67;67;0;6;2;1;0;10
31;201;Pamplona / Iruña;4-018 -C;446;0;0;446;357;0;357;1;5;183;21;7;60;62;0;4;1;0;1;12
31;201;Pamplona / Iruña;4-019 -A;523;0;0;523;424;0;424;0;2;198;37;13;70;83;1;7;1;0;0;12
31;201;Pamplona / Iruña;4-019 -B;485;0;0;485;366;0;366;1;4;186;26;6;52;71;1;5;0;2;0;12
31;201;Pamplona / Iruña;4-020 -A;392;0;0;392;317;0;317;0;2;156;32;4;52;49;2;3;1;0;1;15
31;201;Pamplona / Iruña;4-020 -B;397;0;0;397;316;0;316;2;3;170;13;5;51;57;0;6;0;0;0;8
31;201;Pamplona / Iruña;4-021 -A;556;0;0;556;439;0;439;3;4;155;50;16;74;106;3;6;0;1;0;21
31;201;Pamplona / Iruña;4-021 -B;575;0;0;575;439;0;439;1;3;142;65;11;87;99;0;3;1;1;4;22
31;201;Pamplona / Iruña;4-021 -C;544;0;0;544;413;0;413;2;4;145;51;13;80;94;0;4;3;2;1;14
31;201;Pamplona / Iruña;4-022 -A;382;0;0;382;293;0;293;0;2;123;35;8;51;54;1;8;2;0;0;9
31;201;Pamplona / Iruña;4-022 -B;355;0;0;355;257;0;257;0;0;118;21;4;58;41;1;7;1;0;0;6
31;201;Pamplona / Iruña;4-024 -A;625;0;0;625;531;0;531;0;2;331;38;7;57;74;2;8;0;0;2;10
31;201;Pamplona / Iruña;4-024 -B;559;0;0;559;465;0;465;3;1;287;15;13;59;70;0;7;2;1;0;7
31;201;Pamplona / Iruña;4-025 -A;543;0;0;543;438;0;438;1;3;154;72;10;72;101;0;4;1;0;1;19
31;201;Pamplona / Iruña;4-025 -B;587;0;0;587;438;0;438;3;2;153;68;6;77;97;1;3;1;2;1;24
31;201;Pamplona / Iruña;4-025 -C;568;0;0;568;416;0;416;1;0;158;59;10;87;75;2;8;3;3;0;10
31;201;Pamplona / Iruña;4-026 -A;551;0;0;551;407;0;407;1;5;171;37;8;91;67;0;6;2;0;1;18
31;201;Pamplona / Iruña;4-026 -B;609;2;0;611;431;0;431;0;2;174;41;13;79;77;1;6;2;1;1;34
31;201;Pamplona / Iruña;4-026 -C;579;0;0;579;384;0;384;2;1;148;32;11;97;62;0;4;2;3;0;22
31;201;Pamplona / Iruña;5-001 -A;393;0;0;393;283;0;283;0;1;184;12;5;22;30;1;18;2;1;0;7
31;201;Pamplona / Iruña;5-001 -B;373;0;0;373;253;0;253;1;2;153;16;6;21;32;0;14;2;2;0;4
31;201;Pamplona / Iruña;5-002 -U;762;0;0;762;460;0;460;2;0;141;73;12;87;118;4;7;3;1;0;12
31;201;Pamplona / Iruña;5-003 -U;669;0;0;669;415;0;415;2;0;162;51;14;73;75;6;7;1;1;0;24
31;201;Pamplona / Iruña;5-004 -A;453;0;0;453;296;0;296;2;1;90;58;11;61;55;0;2;1;0;1;14
31;201;Pamplona / Iruña;5-004 -B;468;0;0;468;311;0;311;1;3;87;55;16;54;69;2;0;4;0;0;20
31;201;Pamplona / Iruña;5-005 -A;433;0;0;433;250;0;250;6;0;82;37;9;49;47;2;3;0;0;1;14
31;201;Pamplona / Iruña;5-005 -B;402;0;0;402;241;0;241;1;2;81;36;12;42;49;2;1;3;1;0;11
31;201;Pamplona / Iruña;5-006 -A;506;0;0;506;276;0;276;1;2;79;51;11;68;45;1;5;0;0;1;12
31;201;Pamplona / Iruña;5-006 -B;442;0;0;442;224;0;224;0;1;65;33;4;58;42;1;3;2;3;0;12
31;201;Pamplona / Iruña;5-007 -A;651;0;0;651;388;0;388;2;2;112;73;10;87;80;1;3;1;0;0;17
31;201;Pamplona / Iruña;5-007 -B;584;0;0;584;361;0;361;1;4;123;41;9;85;78;0;1;0;1;0;18
31;201;Pamplona / Iruña;5-008 -A;784;0;0;784;585;0;585;1;5;258;50;10;99;108;4;11;3;0;2;34
31;201;Pamplona / Iruña;5-008 -B;754;0;0;754;559;0;559;3;2;252;56;16;98;94;2;10;1;3;0;22
31;201;Pamplona / Iruña;5-008 -C;767;0;0;767;561;0;561;1;1;267;46;23;92;86;1;7;1;2;1;33
31;201;Pamplona / Iruña;5-008 -D;594;0;0;594;460;0;460;2;5;198;46;11;95;65;1;7;1;1;1;27
31;201;Pamplona / Iruña;5-008 -E;621;0;0;621;457;0;457;0;6;206;41;11;77;79;0;5;5;1;1;25
31;201;Pamplona / Iruña;5-009 -A;675;0;0;675;509;0;509;0;4;253;50;12;65;96;0;9;1;0;0;19
31;201;Pamplona / Iruña;5-009 -B;729;0;0;729;517;0;517;3;4;241;42;27;71;96;2;9;6;2;0;14
31;201;Pamplona / Iruña;5-009 -C;707;0;0;707;531;0;531;1;5;245;52;16;90;87;2;8;4;0;0;21
31;201;Pamplona / Iruña;5-010 -A;661;0;0;661;445;0;445;5;1;163;51;16;94;80;1;9;2;0;0;23
31;201;Pamplona / Iruña;5-010 -B;762;0;0;762;487;0;487;5;7;173;69;15;108;72;2;10;1;4;1;20
31;201;Pamplona / Iruña;5-011 -A;577;0;0;577;407;0;407;2;1;148;36;11;96;89;0;5;2;0;1;16
31;201;Pamplona / Iruña;5-011 -B;536;0;0;536;367;0;367;1;7;161;34;11;73;62;0;8;3;0;0;7
31;201;Pamplona / Iruña;5-012 -A;431;0;0;431;257;0;257;0;1;70;41;6;64;53;2;4;1;0;0;15
31;201;Pamplona / Iruña;5-012 -B;402;0;0;402;219;0;219;1;1;74;36;7;44;42;0;2;2;0;0;10
31;201;Pamplona / Iruña;6-001 -A;561;0;0;561;353;0;353;4;1;90;88;8;51;84;1;4;1;3;1;17
31;201;Pamplona / Iruña;6-001 -B;577;0;0;577;394;0;394;0;2;103;106;12;59;86;4;3;1;1;1;16
31;201;Pamplona / Iruña;6-002 -A;759;0;0;759;449;0;449;1;3;95;90;19;110;109;0;3;1;2;0;16
31;201;Pamplona / Iruña;6-002 -B;700;0;0;700;453;0;453;5;0;100;82;18;106;94;2;10;1;2;1;32
31;201;Pamplona / Iruña;6-003 -A;435;0;0;435;292;0;292;0;2;45;103;13;51;61;0;2;0;0;1;14
31;201;Pamplona / Iruña;6-003 -B;387;0;0;387;254;0;254;1;0;25;79;9;53;59;0;1;1;3;0;23
31;201;Pamplona / Iruña;6-004 -A;348;0;0;348;235;0;235;0;1;42;70;6;41;60;0;0;4;1;1;8
31;201;Pamplona / Iruña;6-004 -B;379;0;0;379;260;0;260;6;0;37;91;9;46;54;0;0;2;0;1;14
31;201;Pamplona / Iruña;6-005 -A;377;0;0;377;266;0;266;4;0;68;53;7;57;68;1;0;0;0;0;8
31;201;Pamplona / Iruña;6-005 -B;407;0;0;407;302;0;302;2;0;86;43;14;85;60;0;3;0;2;0;7
31;201;Pamplona / Iruña;6-006 -A;413;0;0;413;313;0;313;2;1;61;108;10;31;83;0;4;2;0;0;11
31;201;Pamplona / Iruña;6-006 -B;390;0;0;390;311;0;311;2;0;39;114;8;43;86;0;0;0;1;0;18
31;201;Pamplona / Iruña;6-007 -A;747;0;0;747;557;0;557;1;3;106;174;28;104;116;1;4;1;1;0;18
31;201;Pamplona / Iruña;6-007 -B;750;0;0;750;584;0;584;2;5;111;173;22;102;121;1;5;2;1;0;39
31;201;Pamplona / Iruña;6-009 -U;625;0;0;625;404;0;404;0;3;71;126;21;74;71;0;3;5;3;0;27
31;201;Pamplona / Iruña;6-010 -A;512;0;0;512;355;0;355;2;0;90;83;9;74;77;0;4;1;0;0;15
31;201;Pamplona / Iruña;6-010 -B;461;0;0;461;336;0;336;1;1;106;60;14;52;85;0;2;1;0;0;14
31;201;Pamplona / Iruña;6-011 -U;634;0;0;634;362;0;362;1;0;96;91;7;67;77;0;3;2;3;0;15
31;201;Pamplona / Iruña;6-012 -A;608;0;0;608;464;0;464;2;2;97;128;17;66;115;2;1;4;2;0;28
31;201;Pamplona / Iruña;6-012 -B;606;0;0;606;467;0;467;0;1;96;117;24;77;118;0;4;0;2;0;28
31;201;Pamplona / Iruña;6-013 -A;402;0;0;402;264;0;264;0;3;79;44;6;74;44;1;0;1;0;1;11
31;201;Pamplona / Iruña;6-013 -B;406;0;0;406;264;0;264;2;1;74;36;20;73;41;0;2;3;0;0;12
31;201;Pamplona / Iruña;6-014 -U;701;0;0;701;495;0;495;1;0;109;113;35;96;110;2;2;3;0;2;22
31;201;Pamplona / Iruña;6-015 -A;528;0;0;528;360;0;360;2;1;123;59;16;63;70;0;5;0;0;0;21
31;201;Pamplona / Iruña;6-015 -B;516;0;0;516;341;0;341;3;3;127;50;17;62;63;0;2;0;0;1;13
31;201;Pamplona / Iruña;6-016 -A;554;0;0;554;402;0;402;0;4;117;70;13;74;85;1;10;0;1;0;27
31;201;Pamplona / Iruña;6-016 -B;648;0;0;648;457;0;457;3;3;126;79;18;90;93;1;4;0;5;0;35
31;201;Pamplona / Iruña;6-016 -C;574;0;0;574;392;0;392;0;0;79;85;13;96;84;1;2;1;0;0;31
31;201;Pamplona / Iruña;7-001 -A;457;0;0;457;258;0;258;0;3;55;52;12;66;46;0;2;0;2;0;20
31;201;Pamplona / Iruña;7-001 -B;471;0;0;471;293;0;293;4;1;73;50;11;69;55;0;3;2;2;0;23
31;201;Pamplona / Iruña;7-002 -A;505;0;0;505;302;0;302;0;2;75;55;12;68;59;2;2;3;1;4;19
31;201;Pamplona / Iruña;7-002 -B;494;0;0;494;290;0;290;1;1;57;51;10;82;60;0;5;2;1;0;20
31;201;Pamplona / Iruña;7-002 -C;530;0;0;530;303;0;303;1;2;65;54;17;85;56;1;3;2;2;1;14
31;201;Pamplona / Iruña;7-003 -A;599;0;0;599;368;0;368;0;0;102;73;16;70;74;0;2;3;4;0;24
31;201;Pamplona / Iruña;7-003 -B;610;0;0;610;392;0;392;1;1;74;100;18;101;63;1;5;0;1;1;26
31;201;Pamplona / Iruña;7-004 -A;407;0;0;407;247;0;247;3;3;70;48;7;59;36;2;0;3;1;1;14
31;201;Pamplona / Iruña;7-004 -B;423;0;0;423;259;0;259;2;3;66;49;8;72;45;1;2;1;1;0;9
31;201;Pamplona / Iruña;7-005 -A;521;0;0;521;403;0;403;0;2;112;84;12;66;103;0;1;3;1;0;19
31;201;Pamplona / Iruña;7-005 -B;599;0;0;599;444;0;444;2;5;94;86;16;80;120;1;5;1;2;0;32
31;201;Pamplona / Iruña;7-005 -C;573;0;0;573;422;0;422;2;2;102;71;11;107;95;0;5;6;2;0;19
31;201;Pamplona / Iruña;7-006 -A;675;0;0;675;440;0;440;2;3;85;104;18;89;112;0;3;0;1;0;23
31;201;Pamplona / Iruña;7-006 -B;699;0;0;699;477;0;477;0;0;110;101;21;101;117;0;3;0;0;0;24
31;201;Pamplona / Iruña;7-006 -C;693;0;0;693;474;0;474;3;3;112;106;17;91;107;0;5;2;1;1;26
31;201;Pamplona / Iruña;7-007 -A;666;0;0;666;440;0;440;5;3;83;101;14;114;86;0;3;2;3;2;24
31;201;Pamplona / Iruña;7-007 -B;725;0;0;725;474;0;474;2;6;94;104;16;93;106;1;3;3;4;1;41
31;201;Pamplona / Iruña;7-007 -C;650;0;0;650;438;0;438;5;4;79;106;12;106;89;0;2;1;3;0;31
31;201;Pamplona / Iruña;7-008 -A;587;0;0;587;380;0;380;2;2;93;82;10;86;69;1;1;2;0;2;30
31;201;Pamplona / Iruña;7-008 -B;571;0;0;571;369;0;369;3;4;83;63;12;97;80;1;3;0;1;2;20
31;201;Pamplona / Iruña;7-009 -A;617;0;0;617;369;0;369;1;1;117;72;6;74;66;0;11;1;1;1;18
31;201;Pamplona / Iruña;7-009 -B;705;0;0;705;429;0;429;0;0;146;60;16;78;90;0;6;9;1;1;22
31;201;Pamplona / Iruña;7-009 -C;680;0;0;680;408;0;408;3;2;107;88;16;83;69;1;7;6;0;0;26
31;201;Pamplona / Iruña;7-010 -A;703;0;0;703;391;0;391;2;1;79;79;22;79;89;2;3;2;2;0;31
31;201;Pamplona / Iruña;7-010 -B;804;0;0;804;446;0;446;1;3;107;71;30;109;81;1;1;2;2;0;38
31;201;Pamplona / Iruña;7-011 -A;475;0;0;475;292;0;292;0;5;87;43;15;85;33;1;3;1;2;1;16
31;201;Pamplona / Iruña;7-011 -B;528;0;0;528;314;0;314;2;5;103;45;11;90;40;2;3;0;0;1;12
31;201;Pamplona / Iruña;7-011 -C;535;0;0;535;345;0;345;1;2;98;47;10;117;51;0;1;1;0;2;15
31;201;Pamplona / Iruña;7-012 -A;553;0;0;553;365;0;365;1;0;94;70;14;88;78;1;1;1;3;1;13
31;201;Pamplona / Iruña;7-012 -B;547;0;0;547;373;0;373;3;0;102;60;19;105;68;0;1;1;1;0;13
31;201;Pamplona / Iruña;7-013 -A;398;0;0;398;272;0;272;1;2;72;42;13;72;44;1;2;3;0;1;19
31;201;Pamplona / Iruña;7-013 -B;379;0;0;379;267;0;267;2;1;74;77;13;65;11;0;2;3;0;0;19
31;201;Pamplona / Iruña;7-014 -A;560;0;0;560;347;0;347;0;3;98;46;14;106;57;0;2;2;0;0;19
31;201;Pamplona / Iruña;7-014 -B;538;0;0;538;316;0;316;3;2;89;42;11;97;44;1;5;2;1;1;18
31;201;Pamplona / Iruña;7-015 -A;559;0;0;559;401;0;401;3;4;102;74;15;90;87;0;5;0;1;0;20
31;201;Pamplona / Iruña;7-015 -B;599;0;0;599;417;0;417;2;1;111;76;20;102;76;1;4;1;0;0;23
31;201;Pamplona / Iruña;7-016 -U;682;0;0;682;433;0;433;0;0;109;70;16;121;90;0;4;3;0;2;18
31;201;Pamplona / Iruña;7-017 -U;538;0;0;538;376;0;376;0;1;115;58;9;103;68;1;4;2;0;0;15
31;201;Pamplona / Iruña;7-018 -A;531;0;0;531;347;0;347;0;0;77;86;20;65;84;0;1;1;1;0;12
31;201;Pamplona / Iruña;7-018 -B;501;0;0;501;345;0;345;3;1;77;78;13;73;79;0;1;2;1;0;17
31;201;Pamplona / Iruña;7-019 -A;659;0;0;659;460;0;460;2;1;108;98;22;93;90;1;4;0;1;1;39
31;201;Pamplona / Iruña;7-019 -B;748;0;0;748;513;0;513;3;2;140;111;15;107;91;1;1;1;0;1;40
31;201;Pamplona / Iruña;7-020 -A;698;0;0;698;472;0;472;2;2;127;66;21;103;104;0;12;5;0;1;29
31;201;Pamplona / Iruña;7-020 -B;740;0;0;740;480;0;480;0;1;131;73;14;124;89;1;7;2;0;1;37
31;201;Pamplona / Iruña;7-021 -A;494;0;0;494;330;0;330;1;0;59;72;12;78;74;1;9;1;2;1;20
31;201;Pamplona / Iruña;7-021 -B;500;0;0;500;333;0;333;2;0;53;84;12;74;78;0;1;2;1;0;26
31;201;Pamplona / Iruña;7-022 -A;631;0;0;631;466;0;466;1;1;131;83;26;78;111;0;3;3;2;0;27
31;201;Pamplona / Iruña;7-022 -B;606;0;0;606;430;0;430;0;2;117;72;9;78;107;0;6;2;2;0;35
31;201;Pamplona / Iruña;7-023 -A;787;0;0;787;464;0;464;1;7;128;65;20;97;102;0;12;1;2;0;29
31;201;Pamplona / Iruña;7-023 -B;731;0;0;731;459;0;459;1;2;127;75;20;106;91;0;7;3;4;1;22
31;201;Pamplona / Iruña;7-023 -C;653;0;0;653;387;0;387;1;3;102;59;13;96;77;1;4;2;2;1;26
31;201;Pamplona / Iruña;7-023 -D;888;0;0;888;519;0;519;0;5;140;91;19;126;79;0;16;6;0;1;36
31;201;Pamplona / Iruña;8-001 -A;534;0;0;534;374;0;374;2;2;64;82;20;84;84;0;1;4;1;0;30
31;201;Pamplona / Iruña;8-001 -B;611;0;0;611;448;0;448;1;3;99;85;19;89;89;0;6;5;3;1;48
31;201;Pamplona / Iruña;8-002 -A;675;0;0;675;521;0;521;0;3;135;93;24;75;144;0;4;6;3;1;33
31;201;Pamplona / Iruña;8-002 -B;791;0;0;791;589;0;589;3;3;187;88;24;104;132;1;7;3;3;1;33
31;201;Pamplona / Iruña;8-002 -C;678;0;0;678;497;0;497;2;1;147;81;13;73;130;1;8;3;4;0;34
31;201;Pamplona / Iruña;8-003 -A;676;0;0;676;482;0;482;2;3;113;79;25;104;118;0;1;3;2;0;32
31;201;Pamplona / Iruña;8-003 -B;754;0;0;754;555;0;555;1;3;118;112;23;91;143;1;6;4;2;1;50
31;201;Pamplona / Iruña;8-003 -C;728;0;0;728;520;0;520;1;3;140;92;26;104;105;1;8;1;1;3;35
31;201;Pamplona / Iruña;8-004 -A;667;0;0;667;496;0;496;5;4;106;120;30;83;107;1;5;1;4;0;30
31;201;Pamplona / Iruña;8-004 -B;602;0;0;602;458;0;458;0;2;105;101;26;96;94;0;4;0;0;0;30
31;201;Pamplona / Iruña;8-005 -A;538;0;0;538;416;0;416;1;3;110;63;29;82;96;1;2;3;1;0;25
31;201;Pamplona / Iruña;8-005 -B;507;0;0;507;398;0;398;0;2;101;65;24;73;96;0;5;5;0;0;27
31;201;Pamplona / Iruña;8-006 -A;500;0;0;500;364;0;364;0;1;151;40;13;71;58;0;6;6;3;1;14
31;201;Pamplona / Iruña;8-006 -B;545;0;0;545;371;0;371;1;4;150;39;11;62;57;0;15;5;1;1;25
31;202;Peralta / Azkoien;1-001 -A;357;0;0;357;227;0;227;2;3;128;7;10;43;13;0;4;2;0;2;13
31;202;Peralta / Azkoien;1-001 -B;415;0;0;415;274;0;274;2;3;150;5;15;56;17;1;7;3;1;0;14
31;202;Peralta / Azkoien;1-002 -A;725;0;0;725;518;0;518;2;4;222;21;47;126;53;1;4;1;2;1;34
31;202;Peralta / Azkoien;1-002 -B;672;0;0;672;492;0;492;7;3;212;27;27;129;50;0;2;0;2;1;32
31;202;Peralta / Azkoien;2-001 -A;716;0;0;716;525;0;525;5;6;309;21;26;82;46;1;3;2;2;0;22
31;202;Peralta / Azkoien;2-001 -B;740;0;0;740;561;0;561;3;9;307;13;26;130;35;0;9;2;1;1;25
31;202;Peralta / Azkoien;2-001 -C;720;0;0;720;509;0;509;4;2;251;19;30;126;39;0;6;2;2;1;27
31;203;Petilla de Aragón;1-001 -U;30;0;0;30;20;0;20;0;1;9;0;0;5;3;0;1;0;0;0;1
31;204;Piedramillera;1-001 -U;34;0;0;34;28;0;28;1;2;15;4;0;2;3;0;0;0;0;0;1
31;205;Pitillas;1-001 -U;420;0;0;420;327;0;327;6;9;104;28;12;119;32;0;5;1;1;0;10
31;206;Puente la Reina / Gares;1-001 -A;467;0;0;467;388;0;388;2;2;111;94;7;59;86;1;1;2;5;0;18
31;206;Puente la Reina / Gares;1-001 -B;511;0;0;511;379;0;379;7;5;110;91;3;50;81;2;4;0;4;0;22
31;206;Puente la Reina / Gares;1-002 -A;558;0;0;558;435;0;435;4;4;161;96;8;53;77;0;7;2;4;1;18
31;206;Puente la Reina / Gares;1-002 -B;542;0;0;542;425;0;425;2;4;151;92;8;64;64;0;4;6;4;1;25
31;207;Pueyo;1-001 -U;285;0;0;285;200;0;200;4;1;47;61;4;29;41;0;0;0;0;1;12
31;208;Ribaforada;1-001 -A;421;0;0;421;329;0;329;3;1;118;1;24;130;24;0;6;2;2;2;16
31;208;Ribaforada;1-001 -B;515;0;0;515;402;0;402;0;1;151;0;11;163;33;0;5;1;2;1;34
31;208;Ribaforada;2-001 -A;495;0;0;495;390;0;390;4;2;117;7;22;165;42;0;5;1;1;0;24
31;208;Ribaforada;2-001 -B;547;0;0;547;420;0;420;6;3;102;7;8;212;36;0;4;0;1;2;39
31;208;Ribaforada;2-001 -C;586;0;0;586;474;0;474;8;4;157;3;21;196;51;1;6;3;0;0;24
31;209;Romanzado;1-001 -U;148;0;0;148;118;0;118;0;0;30;29;4;10;28;0;3;0;0;0;14
31;210;Roncal / Erronkari;1-001 -U;187;0;0;187;147;0;147;0;2;48;36;4;20;31;0;2;1;1;0;2
31;212;Sada;1-001 -U;128;0;0;128;96;0;96;0;1;54;4;1;20;11;0;0;0;0;0;5
31;213;Saldías;1-001 -U;100;0;0;100;70;0;70;2;0;2;35;1;2;26;0;0;0;0;0;2
31;214;Salinas de Oro / Jaitz;1-001 -U;87;0;0;87;66;0;66;1;0;16;15;2;9;19;0;1;1;0;0;2
31;215;San Adrián;1-001 -A;572;0;0;572;370;0;370;2;2;146;5;4;165;17;0;10;2;3;0;14
31;215;San Adrián;1-001 -B;487;0;0;487;326;0;326;1;3;135;3;4;135;14;3;7;0;4;1;16
31;215;San Adrián;1-002 -A;786;0;0;786;567;0;567;8;10;242;7;7;232;12;0;28;2;3;0;16
31;215;San Adrián;1-002 -B;753;0;0;753;566;0;566;8;7;244;2;9;227;18;3;25;1;5;1;16
31;215;San Adrián;2-001 -A;616;0;0;616;416;0;416;0;0;167;8;9;197;12;0;4;3;0;0;16
31;215;San Adrián;2-001 -B;563;0;0;563;377;0;377;2;2;165;4;6;159;10;0;12;1;0;0;16
31;215;San Adrián;2-002 -A;483;0;0;483;352;0;352;4;2;141;5;3;154;15;0;10;3;2;0;13
31;215;San Adrián;2-002 -B;411;0;0;411;301;0;301;5;1;127;4;3;136;13;0;3;0;0;0;9
31;217;San Martín de Unx;1-001 -U;334;0;0;334;245;0;245;3;2;103;40;3;47;29;0;6;3;0;0;9
31;216;Sangüesa / Zangoza;1-001 -A;685;0;0;685;492;0;492;2;4;177;49;9;100;110;0;9;1;5;2;24
31;216;Sangüesa / Zangoza;1-001 -B;753;0;0;753;520;0;520;2;5;203;58;18;87;103;0;6;0;8;0;30
31;216;Sangüesa / Zangoza;2-001 -A;391;0;0;391;274;0;274;0;5;110;32;7;40;57;0;1;1;8;1;12
31;216;Sangüesa / Zangoza;2-001 -B;392;0;0;392;307;0;307;2;2;119;41;12;44;57;0;1;0;6;1;22
31;216;Sangüesa / Zangoza;2-002 -A;510;0;0;510;326;0;326;2;0;111;39;9;71;63;2;3;0;5;0;21
31;216;Sangüesa / Zangoza;2-002 -B;606;0;0;606;427;0;427;1;6;144;55;18;90;81;0;1;2;5;1;23
31;216;Sangüesa / Zangoza;2-002 -C;531;0;0;531;378;0;378;3;6;141;36;10;80;64;1;2;2;8;1;24
31;219;Sansol;1-001 -U;81;0;0;81;62;0;62;0;3;24;7;0;15;8;0;1;0;0;0;4
31;220;Santacara;1-001 -U;742;0;0;742;559;0;559;4;5;297;17;7;163;42;0;5;2;4;1;12
31;222;Sarriés / Sartze;1-001 -U;58;0;0;58;44;0;44;0;3;3;6;0;14;15;0;0;0;1;0;2
31;223;Sartaguda;1-001 -A;411;0;0;411;321;0;321;4;2;122;63;6;79;23;0;2;1;3;0;16
31;223;Sartaguda;1-001 -B;545;0;0;545;431;0;431;10;7;135;94;9;128;32;1;1;0;1;0;13
31;224;Sesma;1-001 -A;449;0;0;449;360;0;360;9;0;158;12;4;134;30;0;1;3;0;0;9
31;224;Sesma;1-001 -B;423;0;0;423;352;0;352;3;6;161;10;7;140;19;0;0;1;1;0;4
31;225;Sorlada;1-001 -U;35;0;0;35;26;0;26;0;0;5;2;0;8;8;0;0;1;0;0;2
31;226;Sunbilla;1-001 -U;573;0;0;573;388;0;388;6;3;30;173;0;22;144;0;1;1;0;0;8
31;227;Tafalla;1-001 -U;655;0;0;655;479;1;480;2;11;173;99;17;94;54;0;3;6;1;0;20
31;227;Tafalla;1-002 -A;531;0;0;531;430;1;431;2;5;145;78;17;86;67;1;1;3;2;0;24
31;227;Tafalla;1-002 -B;622;0;0;622;481;1;482;9;4;162;82;11;92;80;0;2;2;1;2;35
31;227;Tafalla;1-002 -C;506;1;0;507;382;1;383;6;1;155;66;8;79;44;0;0;0;0;0;24
31;227;Tafalla;1-003 -A;441;0;0;441;301;1;302;3;1;75;47;11;84;53;1;7;3;0;1;16
31;227;Tafalla;1-003 -B;499;0;0;499;348;1;349;2;4;82;67;14;94;51;1;1;4;1;1;27
31;227;Tafalla;1-003 -C;495;0;0;495;339;1;340;1;2;83;48;12;108;44;0;6;3;3;0;30
31;227;Tafalla;2-001 -A;483;0;0;483;360;2;362;5;1;80;96;8;79;60;2;1;1;2;0;27
31;227;Tafalla;2-001 -B;518;0;0;518;387;1;388;3;1;93;95;9;108;55;0;0;2;1;0;21
31;227;Tafalla;2-001 -C;467;0;0;467;356;1;357;3;3;96;78;9;96;45;0;1;0;2;0;24
31;227;Tafalla;2-002 -A;599;0;0;599;412;1;413;0;6;71;143;15;76;66;1;1;5;1;0;28
31;227;Tafalla;2-002 -B;651;0;0;651;450;2;452;9;2;96;150;13;93;48;2;3;3;0;0;33
31;227;Tafalla;2-003 -A;493;0;0;493;331;1;332;4;1;53;77;21;97;39;0;5;1;1;0;33
31;227;Tafalla;2-003 -B;413;0;0;413;292;1;293;2;2;47;88;11;75;42;1;1;2;0;0;22
31;227;Tafalla;2-004 -U;750;0;0;750;580;1;581;5;5;129;118;32;139;94;0;11;0;2;1;45
31;228;Tiebas-Muruarte de Reta;1-001 -U;494;0;0;494;368;0;368;1;0;132;29;11;69;68;1;15;4;2;3;33
31;229;Tirapu;1-001 -U;38;0;0;38;33;0;33;0;0;15;6;4;1;5;0;0;0;0;0;2
31;230;Torralba del Río;1-001 -U;94;0;0;94;84;0;84;0;0;35;9;2;20;16;0;0;0;1;0;1
31;231;Torres del Río;1-001 -U;105;0;0;105;75;0;75;0;1;39;6;0;20;2;0;0;2;0;1;4
31;232;Tudela;1-001 -A;582;0;0;582;362;0;362;6;0;155;19;39;88;21;0;13;3;2;0;16
31;232;Tudela;1-001 -B;692;0;0;692;415;0;415;5;3;179;23;36;92;30;0;13;4;1;1;36
31;232;Tudela;1-002 -A;450;0;0;450;310;0;310;1;1;149;22;30;59;23;1;8;1;1;0;14
31;232;Tudela;1-002 -B;496;0;0;496;351;0;351;1;3;163;24;35;65;24;0;13;3;3;0;17
31;232;Tudela;2-001 -A;467;0;0;467;296;0;296;0;2;118;8;29;71;26;1;10;2;1;0;28
31;232;Tudela;2-001 -B;459;0;0;459;294;0;294;5;0;121;17;21;86;23;0;8;2;0;0;11
31;232;Tudela;2-001 -C;323;0;0;323;236;0;236;1;1;128;13;18;44;11;0;13;1;0;0;6
31;232;Tudela;2-002 -A;741;0;0;741;484;0;484;1;2;252;14;52;92;33;0;12;2;2;0;22
31;232;Tudela;2-002 -B;788;0;0;788;527;0;527;4;6;277;10;37;106;31;0;8;5;0;0;43
31;232;Tudela;2-003 -A;432;0;0;432;324;0;324;3;5;217;9;12;43;19;0;8;1;1;0;6
31;232;Tudela;2-003 -B;497;0;0;497;355;0;355;3;1;251;1;13;55;16;0;8;0;0;0;7
31;232;Tudela;2-004 -A;736;0;0;736;492;0;492;4;4;239;17;45;122;24;0;7;5;0;0;25
31;232;Tudela;2-004 -B;788;0;0;788;541;0;541;4;2;279;15;43;127;29;0;9;3;0;0;30
31;232;Tudela;2-004 -C;777;0;0;777;546;0;546;2;3;258;25;52;139;25;0;14;2;3;0;23
31;232;Tudela;2-005 -U;701;0;0;701;495;0;495;7;4;297;10;29;92;22;0;8;1;1;0;24
31;232;Tudela;2-006 -A;473;0;0;473;337;0;337;0;3;162;14;22;80;14;0;12;5;0;0;25
31;232;Tudela;2-006 -B;490;0;0;490;357;0;357;2;3;157;21;25;86;19;0;18;2;1;1;22
31;232;Tudela;3-001 -A;589;0;0;589;379;0;379;1;1;231;5;14;74;21;0;12;3;2;1;14
31;232;Tudela;3-001 -B;666;0;0;666;474;0;474;1;4;285;10;21;85;20;0;16;3;5;2;22
31;232;Tudela;3-002 -A;455;0;0;455;314;0;314;3;2;161;4;14;92;21;0;6;0;1;0;10
31;232;Tudela;3-002 -B;411;0;0;411;264;0;264;2;2;135;4;11;76;16;0;11;0;0;0;7
31;232;Tudela;3-003 -A;546;0;0;546;392;0;392;1;2;194;8;27;109;28;0;12;0;2;0;9
31;232;Tudela;3-003 -B;604;0;0;604;429;0;429;7;3;220;9;33;112;19;0;7;3;1;1;14
31;232;Tudela;3-004 -A;488;0;0;488;333;0;333;0;0;203;6;14;71;15;0;9;0;0;0;15
31;232;Tudela;3-004 -B;582;0;0;582;428;0;428;2;4;247;8;21;91;24;1;5;2;2;0;21
31;232;Tudela;3-004 -C;468;0;0;468;329;0;329;0;1;208;6;15;56;15;0;13;1;1;2;11
31;232;Tudela;3-005 -A;646;0;0;646;424;0;424;6;5;214;14;29;99;22;0;14;4;1;0;16
31;232;Tudela;3-005 -B;752;0;0;752;494;0;494;2;6;232;9;42;150;15;1;15;1;2;0;19
31;232;Tudela;3-005 -C;667;0;0;667;432;0;432;2;2;208;7;33;125;18;0;14;1;0;0;22
31;232;Tudela;3-006 -U;693;0;0;693;425;0;425;6;6;197;6;33;132;13;0;10;1;0;0;21
31;232;Tudela;3-007 -A;656;0;0;656;494;0;494;3;4;278;17;25;100;26;1;17;4;0;0;19
31;232;Tudela;3-007 -B;675;0;0;675;516;0;516;5;5;284;9;37;113;29;0;19;1;0;0;14
31;232;Tudela;4-001 -U;668;0;0;668;419;0;419;2;5;191;20;34;114;22;0;7;4;0;0;20
31;232;Tudela;4-002 -A;580;0;0;580;321;0;321;5;3;129;7;37;100;14;0;6;0;0;1;19
31;232;Tudela;4-002 -B;607;0;0;607;363;0;363;1;1;132;10;49;128;15;0;8;1;0;1;17
31;232;Tudela;4-003 -A;579;0;0;579;376;0;376;9;4;166;18;31;106;17;0;7;1;0;0;17
31;232;Tudela;4-003 -B;539;0;0;539;381;0;381;4;3;179;8;21;102;18;0;10;4;0;0;32
31;232;Tudela;4-004 -A;620;0;0;620;377;0;377;1;4;171;6;27;112;24;0;4;1;1;0;26
31;232;Tudela;4-004 -B;736;0;0;736;497;0;497;1;8;186;11;40;170;24;0;15;2;0;0;40
31;232;Tudela;4-005 -A;450;0;0;450;322;0;322;0;3;175;6;18;88;13;0;7;0;0;0;12
31;232;Tudela;4-005 -B;486;0;0;486;332;0;332;1;1;182;11;13;85;11;0;11;1;0;0;16
31;232;Tudela;4-006 -A;787;0;0;787;566;0;566;5;2;246;14;62;149;33;0;13;6;2;1;33
31;232;Tudela;4-006 -B;762;0;0;762;559;0;559;4;8;238;21;42;154;32;0;14;5;3;0;38
31;233;Tulebras;1-001 -U;94;0;0;94;76;0;76;0;0;50;0;1;17;3;0;2;0;2;0;1
31;234;Ucar;1-001 -U;150;0;0;150;104;0;104;1;0;51;9;1;21;15;0;0;0;0;0;6
31;123;Uharte Arakil;1-001 -U;619;0;0;619;357;0;357;3;6;68;125;4;32;99;1;1;0;0;0;18
31;235;Ujué / Uxue;1-001 -U;157;0;0;157;122;0;122;4;1;28;32;4;26;24;0;0;0;0;0;3
31;236;Ultzama;1-001 -A;663;0;0;663;476;0;476;7;5;161;110;2;42;138;1;4;2;0;0;4
31;236;Ultzama;1-001 -B;658;0;0;658;503;0;503;2;5;143;136;7;47;129;0;7;5;0;0;22
31;237;Unciti;1-001 -U;184;0;0;184;143;0;143;0;0;64;12;6;24;31;0;0;0;1;0;5
31;238;Unzué / Untzue;1-001 -U;115;0;0;115;96;0;96;0;2;25;21;2;20;19;0;0;1;0;0;6
31;239;Urdazubi / Urdax;1-001 -U;283;0;0;283;254;0;254;1;11;67;37;2;22;107;0;5;0;1;0;1
31;240;Urdiain;1-001 -U;513;0;0;513;357;0;357;1;3;26;168;6;9;139;0;0;1;0;0;4
31;241;Urraul Alto;1-001 -U;125;0;0;125;98;0;98;0;2;43;13;4;9;20;0;1;0;0;1;5
31;242;Urraul Bajo;1-001 -U;267;0;0;267;167;0;167;1;3;64;30;3;18;34;1;1;3;0;1;8
31;244;Urroz;1-001 -U;156;0;0;156;95;0;95;2;0;17;19;0;13;43;0;1;0;0;0;0
31;243;Urroz-Villa;1-001 -U;304;0;0;304;212;0;212;4;2;61;55;9;24;45;1;1;1;1;0;8
31;245;Urzainqui / Urzainki;1-001 -U;76;0;0;76;60;0;60;0;3;25;12;2;2;14;0;0;0;0;1;1
31;246;Uterga;1-001 -U;128;0;0;128;97;0;97;2;0;31;11;5;20;24;0;2;0;0;0;2
31;247;Uztárroz / Uztarroze;1-001 -U;144;0;0;144;114;0;114;2;0;31;39;2;8;29;0;0;0;0;1;2
31;86;Valle de Egüés / Eguesibar;1-001 -A;368;0;0;368;301;0;301;0;1;166;38;6;24;57;0;2;1;0;0;6
31;86;Valle de Egüés / Eguesibar;1-001 -B;403;0;0;403;294;0;294;0;2;163;25;2;23;61;0;13;0;0;0;5
31;86;Valle de Egüés / Eguesibar;1-001 -C;332;0;0;332;248;0;248;1;1;98;41;14;31;47;0;4;0;0;1;10
31;86;Valle de Egüés / Eguesibar;1-001 -D;544;0;0;544;432;0;432;3;3;215;45;6;43;78;0;9;3;2;0;25
31;86;Valle de Egüés / Eguesibar;1-004 -A;533;0;0;533;426;0;426;0;3;317;8;3;35;37;1;12;3;3;0;4
31;86;Valle de Egüés / Eguesibar;1-004 -B;558;0;0;558;424;0;424;4;0;299;11;3;30;59;0;10;1;0;0;7
31;86;Valle de Egüés / Eguesibar;1-004 -C;499;0;0;499;375;0;375;0;2;288;5;0;33;34;1;6;2;0;0;4
31;86;Valle de Egüés / Eguesibar;1-005 -A;455;0;0;455;386;0;386;0;8;267;6;2;41;44;0;11;1;0;0;6
31;86;Valle de Egüés / Eguesibar;1-005 -B;555;0;0;555;451;0;451;0;2;318;11;3;53;41;1;16;0;1;0;5
31;86;Valle de Egüés / Eguesibar;1-006 -A;653;0;0;653;478;0;478;4;1;128;53;32;98;111;0;5;1;3;0;42
31;86;Valle de Egüés / Eguesibar;1-006 -B;650;0;0;650;463;0;463;3;4;128;39;30;104;107;1;9;4;4;0;30
31;86;Valle de Egüés / Eguesibar;1-006 -C;566;0;0;566;393;0;393;2;1;110;55;23;84;64;0;5;4;2;1;42
31;86;Valle de Egüés / Eguesibar;1-007 -A;750;0;0;750;561;0;561;1;6;151;86;21;135;113;0;9;4;1;1;33
31;86;Valle de Egüés / Eguesibar;1-007 -B;812;0;0;812;601;0;601;0;4;190;72;25;124;124;4;3;5;2;1;47
31;86;Valle de Egüés / Eguesibar;1-008 -A;561;0;0;561;374;0;374;0;1;91;82;12;58;92;0;4;4;4;1;25
31;86;Valle de Egüés / Eguesibar;1-008 -B;569;0;0;569;395;0;395;1;5;116;66;19;69;85;1;3;3;3;0;24
31;86;Valle de Egüés / Eguesibar;1-009 -A;665;0;0;665;472;0;472;3;1;127;84;28;93;98;0;6;4;4;0;28
31;86;Valle de Egüés / Eguesibar;1-009 -B;699;0;0;699;489;0;489;3;5;134;88;25;73;104;0;2;4;4;2;45
31;86;Valle de Egüés / Eguesibar;1-009 -C;647;0;0;647;459;0;459;3;4;105;81;22;108;105;2;1;0;4;0;24
31;86;Valle de Egüés / Eguesibar;1-010 -A;579;0;0;579;418;0;418;5;4;107;71;22;68;88;2;6;1;1;0;43
31;86;Valle de Egüés / Eguesibar;1-010 -B;577;0;0;577;426;0;426;0;5;97;75;22;81;94;1;4;3;3;1;40
31;86;Valle de Egüés / Eguesibar;1-010 -C;553;0;0;553;374;0;374;1;3;91;67;14;71;86;1;2;1;3;0;34
31;86;Valle de Egüés / Eguesibar;1-011 -A;549;0;0;549;411;0;411;0;2;109;64;23;70;93;0;6;6;2;0;36
31;86;Valle de Egüés / Eguesibar;1-011 -B;583;0;0;583;419;0;419;3;2;120;57;21;94;85;1;4;3;0;0;29
31;194;Valle de Ollo / Ollaran;1-001 -U;324;0;0;324;258;0;258;2;6;57;83;4;19;66;0;1;4;1;0;15
31;260;Valle de Yerri / Deierri;1-001 -A;450;0;0;450;298;0;298;3;5;93;74;8;40;61;0;3;1;1;1;8
31;260;Valle de Yerri / Deierri;1-001 -B;391;0;0;391;265;0;265;0;5;91;42;1;53;50;0;2;1;3;2;15
31;260;Valle de Yerri / Deierri;1-001 -C;408;0;0;408;277;0;277;1;2;107;75;7;33;46;0;0;0;0;0;6
31;249;Valtierra;1-001 -A;608;0;0;608;466;0;466;4;3;175;8;15;211;30;0;5;1;2;0;12
31;249;Valtierra;1-001 -B;466;0;0;466;372;0;372;7;2;166;8;16;145;17;0;0;0;0;0;11
31;249;Valtierra;2-001 -U;745;0;0;745;569;0;569;3;4;203;8;23;277;27;0;1;1;3;0;19
31;251;Viana;1-001 -A;743;0;0;743;567;0;567;5;5;266;40;5;131;73;0;8;2;1;0;31
31;251;Viana;1-001 -B;629;0;0;629;459;0;459;2;3;198;22;8;108;80;0;5;2;2;1;28
31;251;Viana;1-002 -A;569;0;0;569;454;0;454;3;4;144;42;12;129;63;0;10;3;2;0;42
31;251;Viana;1-002 -B;626;0;0;626;460;0;460;0;4;162;25;12;154;54;0;4;3;2;0;40
31;251;Viana;2-001 -U;577;0;0;577;398;0;398;5;2;121;35;4;138;39;1;7;5;7;1;33
31;252;Vidángoz / Bidankoze;1-001 -U;80;0;0;80;56;0;56;0;0;19;17;0;2;17;0;1;0;0;0;0
31;254;Villafranca;1-001 -A;553;0;0;553;434;0;434;1;6;228;18;3;133;28;0;3;3;0;0;11
31;254;Villafranca;1-001 -B;596;0;0;596;457;0;457;1;1;210;17;9;159;26;0;4;2;2;26;0
31;254;Villafranca;2-001 -A;374;0;0;374;304;0;304;3;0;137;19;5;104;15;0;1;1;1;1;17
31;254;Villafranca;2-001 -B;392;0;0;392;313;0;313;1;1;129;18;9;115;15;0;2;1;1;2;19
31;255;Villamayor de Monjardín;1-001 -U;103;0;0;103;79;0;79;0;1;37;7;3;16;8;0;1;0;0;0;6
31;257;Villatuerta;1-001 -A;480;0;0;480;317;0;317;5;3;100;43;8;84;48;0;0;0;1;0;25
31;257;Villatuerta;1-001 -B;420;0;0;420;306;0;306;3;4;93;39;12;83;54;0;0;1;0;1;16
31;258;Villava / Atarrabia;1-001 -A;627;0;0;627;453;0;453;2;4;121;125;16;55;104;1;3;3;0;1;18
31;258;Villava / Atarrabia;1-001 -B;639;0;0;639;453;0;453;5;3;112;112;12;58;113;0;2;4;5;0;27
31;258;Villava / Atarrabia;1-001 -C;530;0;0;530;379;0;379;3;5;95;108;9;51;90;0;1;3;2;1;11
31;258;Villava / Atarrabia;2-001 -A;647;0;0;647;466;0;466;2;3;95;138;18;65;127;1;3;1;3;2;8
31;258;Villava / Atarrabia;2-001 -B;645;0;0;645;453;0;453;2;3;84;136;17;55;133;0;2;0;0;0;21
31;258;Villava / Atarrabia;2-002 -A;583;0;0;583;428;0;428;2;3;92;123;13;76;90;3;0;1;3;0;22
31;258;Villava / Atarrabia;2-002 -B;561;0;0;561;391;0;391;1;5;105;86;15;67;90;0;0;4;3;0;15
31;258;Villava / Atarrabia;2-002 -C;532;0;0;532;358;0;358;1;2;69;90;14;69;86;0;1;3;1;1;21
31;258;Villava / Atarrabia;2-003 -A;562;0;0;562;434;0;434;2;4;117;116;9;59;111;0;2;1;2;2;9
31;258;Villava / Atarrabia;2-003 -B;622;0;0;622;445;0;445;2;2;113;112;18;61;114;2;2;5;1;0;13
31;258;Villava / Atarrabia;2-003 -C;561;0;0;561;404;0;404;1;1;106;99;9;64;101;1;3;1;2;0;16
31;258;Villava / Atarrabia;2-004 -A;708;0;0;708;558;0;558;2;3;112;138;25;112;144;0;2;4;1;0;14
31;258;Villava / Atarrabia;2-004 -B;671;0;0;671;500;0;500;1;2;120;115;19;101;112;1;2;3;4;2;18
31;261;Yesa;1-001 -U;239;0;0;239;184;0;184;1;3;87;10;4;44;18;0;7;2;1;0;7
31;262;Zabalza / Zabaltza;1-001 -U;232;0;0;232;197;0;197;0;1;50;38;7;20;50;0;2;4;2;13;10
31;73;Ziordia;1-001 -U;294;0;0;294;228;0;228;0;3;28;119;2;7;59;0;1;2;1;0;6
31;907;Zizur Mayor / Zizur Nagusia;1-001 -A;534;0;0;534;434;0;434;2;8;207;52;11;45;82;0;5;2;3;0;17
31;907;Zizur Mayor / Zizur Nagusia;1-001 -B;551;0;0;551;429;0;429;1;0;249;36;5;36;71;1;13;1;2;1;13
31;907;Zizur Mayor / Zizur Nagusia;1-002 -A;700;0;0;700;509;0;509;5;2;206;60;13;71;119;0;2;7;4;2;18
31;907;Zizur Mayor / Zizur Nagusia;1-002 -B;694;0;0;694;499;0;499;0;2;210;55;17;82;103;2;12;4;0;0;12
31;907;Zizur Mayor / Zizur Nagusia;1-003 -A;518;0;0;518;384;0;384;3;1;100;51;12;70;102;0;4;1;2;0;38
31;907;Zizur Mayor / Zizur Nagusia;1-003 -B;517;0;0;517;356;0;356;2;0;86;59;17;78;75;0;2;3;2;2;30
31;907;Zizur Mayor / Zizur Nagusia;1-003 -C;530;0;0;530;380;0;380;0;1;118;50;9;77;85;0;4;1;3;1;31
31;907;Zizur Mayor / Zizur Nagusia;1-004 -A;644;0;0;644;475;0;475;0;3;163;81;9;65;124;1;8;1;1;3;16
31;907;Zizur Mayor / Zizur Nagusia;1-004 -B;676;0;0;676;519;0;519;1;6;182;79;15;68;139;2;4;1;2;0;20
31;907;Zizur Mayor / Zizur Nagusia;1-004 -C;633;0;0;633;474;0;474;1;7;149;91;16;76;104;0;7;1;2;1;19
31;907;Zizur Mayor / Zizur Nagusia;1-005 -A;684;0;0;684;489;0;489;4;6;151;64;15;88;129;0;6;1;2;0;23
31;907;Zizur Mayor / Zizur Nagusia;1-005 -B;644;0;0;644;500;0;500;1;3;156;72;10;99;116;1;6;3;5;2;26
31;907;Zizur Mayor / Zizur Nagusia;1-006 -U;642;0;0;642;496;0;496;1;3;126;78;14;95;138;0;4;3;1;1;32
31;907;Zizur Mayor / Zizur Nagusia;1-007 -A;654;0;0;654;509;0;509;0;6;180;60;11;92;121;0;6;4;6;0;23
31;907;Zizur Mayor / Zizur Nagusia;1-007 -B;671;0;0;671;529;0;529;3;6;186;63;13;94;130;0;4;3;0;0;27
31;907;Zizur Mayor / Zizur Nagusia;1-008 -A;647;0;0;647;485;0;485;3;8;152;61;9;89;106;0;6;5;2;0;44
31;907;Zizur Mayor / Zizur Nagusia;1-008 -B;661;0;0;661;510;0;510;1;2;178;69;16;92;106;1;7;2;1;0;35
31;907;Zizur Mayor / Zizur Nagusia;1-008 -C;623;0;0;623;488;0;488;3;3;135;80;18;99;94;2;7;3;3;1;40
31;263;Zubieta;1-001 -U;232;0;0;232;158;0;158;1;3;6;97;1;5;44;0;0;0;0;0;1
31;264;Zugarramurdi;1-001 -U;177;0;0;177;111;0;111;3;2;14;41;2;11;33;0;1;0;0;0;4
31;265;Zúñiga;1-001 -U;77;0;0;77;52;0;52;0;1;10;9;1;5;17;0;2;0;0;0;7
31;990;Residentes Ausentes Navarra;99-001 -U;1.625;0;0;1.625;1.028;0;1.028;2;4;368;99;32;195;146;2;42;30;5;1;102
Total;;;;485.396;9;0;485.405;350.323;47;350.370;2.169;2.731;127.346;50.631;10.472;71.838;60.323;438;4.546;1.597;1.251;502;16.518
