Codcir,Codmun,Municipio,Mesa,Censo,Certif_Alta,Certif_Correc,Censo_Total,Votos_Electores,Votos_Interventores,Votos_Totales,Votos_Nulos,Votos_Blancos,PPN,GEROA_BAI,EH_BILDU,VOX,UPN,PUM_MAS_J,CIUDADANOS,CONTIGO_ZUREKIN,EGUZKILORE,PSN-PSOE,VOLUNTAD_FORAL
31,1,Abáigar,1-001-U,72,0,0,72,54,0,54,2,1,2,8,16,0,14,0,0,2,0,8,1
31,2,Abárzuza/Abartzuza,1-001-U,418,0,0,418,274,0,274,1,8,16,68,53,12,67,0,3,20,0,26,0
31,3,Abaurregaina/Abaurrea Alta,1-001-U,106,0,0,106,79,0,79,1,0,2,17,33,0,13,1,0,1,0,11,0
31,4,Abaurrepea/Abaurrea Baja,1-001-U,29,0,0,29,22,0,22,0,0,1,2,5,0,10,0,0,1,0,3,0
31,5,Aberin,1-001-U,295,0,0,295,177,0,177,1,1,7,10,25,9,64,1,0,10,1,48,0
31,6,Ablitas,1-001-A,462,0,0,462,360,0,360,8,14,14,16,11,24,125,0,1,19,2,125,1
31,6,Ablitas,1-001-B,438,0,0,438,348,0,348,11,8,11,5,16,22,123,1,2,18,1,128,2
31,6,Ablitas,2-001-A,501,0,0,501,413,0,413,10,7,13,11,17,17,181,1,1,16,0,138,1
31,6,Ablitas,2-001-B,487,0,0,487,411,0,411,12,10,13,13,6,22,186,0,0,13,1,135,0
31,7,Adiós,1-001-U,170,0,0,170,139,0,139,8,4,18,11,24,8,44,0,2,2,1,17,0
31,8,Aguilar de Codés,1-001-U,67,0,0,67,50,0,50,1,1,4,5,4,3,13,0,1,1,1,11,5
31,9,Aibar/Oibar,1-001-U,661,0,0,661,445,0,445,8,7,16,80,90,6,106,1,4,42,0,84,1
31,11,Allín/Allin,1-001-A,214,0,0,214,158,0,158,0,8,5,21,23,9,40,0,0,12,3,37,0
31,11,Allín/Allin,1-001-B,271,0,0,271,167,0,167,2,6,17,20,27,4,64,0,1,11,1,14,0
31,11,Allín/Allin,1-001-C,245,0,0,245,149,0,149,0,5,6,22,32,2,53,0,0,7,5,17,0
31,12,Allo,1-001-U,788,0,0,788,542,0,542,1,0,32,57,57,23,121,1,0,22,3,225,0
31,10,Altsasu/Alsasua,1-001-A,768,0,0,768,500,0,500,4,13,8,163,164,10,54,1,0,20,5,58,0
31,10,Altsasu/Alsasua,1-001-B,728,0,0,728,466,2,468,10,6,14,163,164,10,37,1,0,18,1,43,1
31,10,Altsasu/Alsasua,1-002-A,526,0,0,526,346,1,347,6,2,11,131,86,4,27,1,0,26,0,53,0
31,10,Altsasu/Alsasua,1-002-B,599,0,0,599,372,1,373,9,7,7,165,93,0,23,0,1,18,0,48,2
31,10,Altsasu/Alsasua,2-001-A,450,0,0,450,279,1,280,3,5,9,100,88,2,25,0,0,9,1,38,0
31,10,Altsasu/Alsasua,2-001-B,461,0,0,461,286,2,288,3,5,12,113,68,3,23,1,0,19,0,41,0
31,10,Altsasu/Alsasua,2-002-A,623,0,0,623,381,2,383,5,4,17,150,69,9,35,1,0,17,1,74,1
31,10,Altsasu/Alsasua,2-002-B,613,0,0,613,377,1,378,5,7,13,127,66,8,34,1,0,21,0,95,1
31,10,Altsasu/Alsasua,2-003-A,461,0,0,461,271,2,273,1,2,11,107,71,8,16,0,1,14,0,42,0
31,10,Altsasu/Alsasua,2-003-B,424,0,0,424,254,1,255,2,6,15,73,64,7,34,0,0,17,2,35,0
31,13,Améscoa Baja,1-001-A,352,0,0,352,218,0,218,4,7,15,27,63,2,50,0,0,17,10,23,0
31,13,Améscoa Baja,1-001-B,287,0,0,287,135,0,135,2,1,3,29,39,1,27,1,0,10,1,21,0
31,14,Ancín/Antzin,1-001-U,276,0,0,276,184,0,184,4,3,20,20,53,5,40,0,2,8,3,25,1
31,15,Andosilla,1-001-A,323,0,0,323,223,0,223,0,2,17,12,20,7,92,0,0,5,2,66,0
31,15,Andosilla,1-001-B,361,0,0,361,248,0,248,3,5,35,10,16,8,109,0,1,5,1,54,1
31,15,Andosilla,2-001-A,305,0,0,305,228,0,228,3,4,25,8,7,10,96,1,0,6,0,68,0
31,15,Andosilla,2-001-B,493,0,0,493,376,0,376,9,8,19,21,20,13,148,3,0,9,2,124,0
31,15,Andosilla,2-001-C,503,0,0,503,376,0,376,10,6,19,21,25,11,146,1,0,9,0,128,0
31,16,Ansoáin/Antsoain,1-001-A,574,0,0,574,344,1,345,9,1,20,42,78,9,35,4,1,31,0,113,2
31,16,Ansoáin/Antsoain,1-001-B,596,7,0,603,383,0,383,8,4,12,49,87,13,48,4,0,29,0,127,2
31,16,Ansoáin/Antsoain,1-002-A,479,0,0,479,333,1,334,8,5,11,45,97,6,31,4,0,17,2,107,1
31,16,Ansoáin/Antsoain,1-002-B,562,0,0,562,375,1,376,5,4,5,52,84,17,46,1,0,34,2,126,0
31,16,Ansoáin/Antsoain,1-002-C,518,0,0,518,360,1,361,7,1,10,45,110,8,34,1,1,32,1,109,2
31,16,Ansoáin/Antsoain,1-003-A,748,0,0,748,490,2,492,9,6,18,73,120,12,65,2,1,49,2,133,2
31,16,Ansoáin/Antsoain,1-003-B,771,0,0,771,518,0,518,8,6,24,91,131,14,72,1,0,42,2,124,3
31,16,Ansoáin/Antsoain,1-004-A,584,0,0,584,390,0,390,2,4,9,49,106,4,36,0,0,51,1,124,4
31,16,Ansoáin/Antsoain,1-004-B,599,0,0,599,355,2,357,3,6,9,48,79,5,40,0,1,34,1,131,0
31,16,Ansoáin/Antsoain,1-005-A,571,0,0,571,372,0,372,3,4,7,59,120,16,41,1,0,41,3,77,0
31,16,Ansoáin/Antsoain,1-005-B,555,0,0,555,390,1,391,4,5,18,54,115,7,45,1,0,40,3,99,0
31,16,Ansoáin/Antsoain,1-006-A,688,0,0,688,483,1,484,5,4,26,81,120,12,71,2,4,39,3,116,1
31,16,Ansoáin/Antsoain,1-006-B,758,0,0,758,542,0,542,8,5,21,96,115,18,85,3,3,44,4,139,1
31,17,Anue,1-001-U,383,0,0,383,240,0,240,3,11,8,63,54,10,55,2,0,9,2,23,0
31,18,Añorbe,1-001-U,457,0,0,457,267,0,267,5,11,19,38,38,10,60,1,0,18,5,62,0
31,19,Aoiz/Agoitz,1-001-U,732,0,0,732,490,0,490,17,10,3,72,198,8,98,1,2,22,3,56,0
31,19,Aoiz/Agoitz,2-001-A,581,0,0,581,389,0,389,5,10,1,52,170,5,73,0,0,18,3,51,1
31,19,Aoiz/Agoitz,2-001-B,595,0,0,595,367,2,369,10,11,3,52,161,10,59,0,1,23,2,37,0
31,20,Araitz,1-001-U,436,0,0,436,233,0,233,2,2,2,53,150,2,9,0,0,4,2,7,0
31,25,Arakil,1-001-A,339,0,0,339,214,0,214,2,3,6,46,69,3,41,0,2,18,2,21,1
31,25,Arakil,1-001-B,450,0,0,450,301,0,301,1,4,7,55,119,14,59,0,2,11,2,25,2
31,21,Aranarache/Aranaratxe,1-001-U,60,0,0,60,36,0,36,0,0,1,6,14,0,11,0,0,0,0,4,0
31,23,Aranguren,1-001-A,653,0,0,653,468,0,468,13,17,26,60,46,21,147,5,4,48,2,78,1
31,23,Aranguren,1-001-B,741,0,0,741,549,0,549,8,14,35,83,48,14,182,9,2,47,1,105,1
31,23,Aranguren,1-001-C,707,0,0,707,513,0,513,13,9,34,74,45,22,175,2,4,41,3,89,2
31,23,Aranguren,1-002-A,524,0,0,524,365,0,365,0,11,11,85,84,11,99,8,1,15,2,34,4
31,23,Aranguren,1-002-B,670,0,0,670,488,0,488,9,8,30,62,32,24,205,4,4,36,0,74,0
31,23,Aranguren,1-003-A,516,0,0,516,386,0,386,8,12,33,51,44,20,119,3,7,18,3,68,0
31,23,Aranguren,1-003-B,566,0,0,566,396,0,396,2,10,34,46,25,16,147,1,5,25,3,82,0
31,23,Aranguren,1-003-C,563,0,0,563,424,0,424,2,9,34,59,30,17,155,4,1,29,0,84,0
31,23,Aranguren,1-004-A,954,0,0,954,667,0,667,12,18,59,95,55,39,238,11,4,46,1,88,1
31,23,Aranguren,1-004-B,940,0,0,940,651,0,651,2,21,54,88,49,22,248,5,1,44,5,112,0
31,23,Aranguren,1-004-C,980,0,0,980,680,0,680,6,25,58,75,60,43,255,4,3,45,2,102,2
31,23,Aranguren,1-004-D,895,0,0,895,632,0,632,2,14,46,92,52,42,217,10,3,43,3,105,3
31,24,Arano,1-001-U,88,0,0,88,55,0,55,1,0,0,11,35,0,1,0,1,3,0,3,0
31,22,Arantza,1-001-U,473,0,0,473,252,0,252,1,3,4,69,144,4,8,1,0,7,1,9,1
31,26,Aras,1-001-U,132,0,0,132,108,0,108,2,1,13,9,10,0,26,0,0,6,0,41,0
31,27,Arbizu,1-001-U,822,0,0,822,510,0,510,14,11,2,139,296,4,25,0,1,5,0,13,0
31,28,Arce/Artzi,1-001-U,247,0,0,247,198,0,198,1,7,0,49,66,2,31,0,0,15,12,14,1
31,30,Arellano,1-001-U,140,0,0,140,92,0,92,0,2,2,16,28,6,11,0,0,12,0,15,0
31,31,Areso,1-001-U,210,0,0,210,121,0,121,0,4,2,26,67,2,7,0,0,2,0,11,0
31,32,Arguedas,1-001-A,570,0,0,570,451,0,451,12,11,26,12,17,12,176,1,0,14,0,168,2
31,32,Arguedas,1-001-B,660,0,0,660,549,0,549,18,12,19,18,16,25,240,3,0,18,1,176,3
31,32,Arguedas,2-001-U,403,0,0,403,310,0,310,5,4,13,4,9,10,125,0,0,21,0,119,0
31,33,Aria,1-001-U,41,0,0,41,27,0,27,1,0,1,5,11,0,2,0,0,2,0,5,0
31,34,Aribe,1-001-U,29,0,0,29,24,0,24,0,0,1,5,9,0,4,0,0,2,0,3,0
31,35,Armañanzas,1-001-U,48,0,0,48,38,0,38,1,1,2,3,3,0,9,0,1,2,0,16,0
31,36,Arróniz,1-001-A,482,0,0,482,293,0,293,9,4,23,24,43,13,73,1,0,13,1,88,1
31,36,Arróniz,1-001-B,383,0,0,383,266,0,266,6,2,11,28,50,6,74,0,0,11,0,78,0
31,37,Arruazu,1-001-U,98,0,0,98,78,0,78,0,0,0,14,55,1,1,0,0,2,1,4,0
31,38,Artajona,1-001-A,650,0,0,650,464,1,465,9,12,23,62,43,15,157,1,1,22,2,116,2
31,38,Artajona,1-001-B,709,0,0,709,527,0,527,8,17,25,74,55,24,165,1,4,25,3,124,2
31,39,Artazu,1-001-U,93,0,0,93,71,0,71,4,2,5,7,23,0,11,1,0,6,3,9,0
31,40,Atez/Atetz,1-001-U,182,0,0,182,140,0,140,0,3,5,21,42,3,41,1,2,5,3,14,0
31,58,Auritz/Burguete,1-001-U,205,0,0,205,143,0,143,2,0,3,40,40,1,34,0,0,7,2,12,2
31,41,Ayegui/Aiegi,1-001-A,691,0,0,691,439,0,439,6,10,24,60,64,25,128,2,1,37,5,76,1
31,41,Ayegui/Aiegi,1-001-B,533,0,0,533,338,0,338,11,10,23,57,31,12,103,3,1,21,6,60,0
31,41,Ayegui/Aiegi,1-001-C,540,0,0,540,355,0,355,14,16,25,49,52,17,101,4,1,25,4,47,0
31,42,Azagra,1-001-A,468,0,0,468,377,1,378,8,11,32,7,7,21,169,0,0,3,1,119,0
31,42,Azagra,1-001-B,478,0,0,478,399,1,400,5,4,34,3,3,21,211,1,0,3,0,115,0
31,42,Azagra,1-001-C,391,0,0,391,307,0,307,6,2,20,2,2,11,161,2,0,3,1,96,1
31,42,Azagra,2-001-A,400,0,0,400,292,0,292,6,1,17,1,5,9,99,0,1,5,0,148,0
31,42,Azagra,2-001-B,449,0,0,449,357,1,358,7,3,15,0,4,20,150,1,0,4,0,154,0
31,42,Azagra,2-001-C,428,0,0,428,343,0,343,4,7,16,5,6,15,132,1,1,6,0,149,1
31,43,Azuelo,1-001-U,33,0,0,33,27,0,27,0,1,0,15,0,1,8,0,0,0,0,2,0
31,44,Bakaiku,1-001-U,284,0,0,284,202,0,202,4,1,8,38,123,0,22,0,0,2,0,4,0
31,901,Barañain,1-001-A,460,0,0,460,297,0,297,5,3,31,37,22,12,100,0,1,22,1,63,0
31,901,Barañain,1-001-B,471,0,0,471,309,0,309,5,6,28,29,22,21,115,2,2,22,0,57,0
31,901,Barañain,1-002-A,468,0,0,468,274,0,274,1,4,23,46,32,10,76,3,0,12,2,65,0
31,901,Barañain,1-002-B,464,0,0,464,276,0,276,1,3,25,42,21,16,72,3,1,20,1,69,2
31,901,Barañain,1-003-A,679,0,0,679,436,0,436,5,5,51,40,42,28,131,0,0,31,1,102,0
31,901,Barañain,1-003-B,744,0,0,744,473,0,473,5,10,56,52,55,22,114,4,1,32,1,120,1
31,901,Barañain,1-004-A,521,0,0,521,343,0,343,2,2,17,43,46,9,90,1,1,25,1,104,2
31,901,Barañain,1-004-B,478,0,0,478,327,0,327,1,4,28,42,35,15,113,3,1,10,2,73,0
31,901,Barañain,1-004-C,469,0,0,469,323,0,323,1,0,26,39,33,12,106,2,0,20,0,84,0
31,901,Barañain,1-005-A,644,0,0,644,421,0,421,6,7,21,56,72,13,105,5,0,26,2,107,1
31,901,Barañain,1-005-B,613,0,0,613,399,0,399,5,13,42,52,57,7,90,2,1,27,7,96,0
31,901,Barañain,1-005-C,548,0,0,548,379,0,379,1,4,20,43,64,20,75,3,0,32,1,115,1
31,901,Barañain,1-006-A,605,0,0,605,390,0,390,7,4,19,53,60,19,94,1,0,30,5,98,0
31,901,Barañain,1-006-B,631,0,0,631,388,0,388,9,4,37,33,64,17,94,2,0,37,1,90,0
31,901,Barañain,1-007-A,616,0,0,616,454,0,454,3,10,26,59,87,21,117,2,0,27,1,101,0
31,901,Barañain,1-007-B,666,0,0,666,456,0,456,4,2,13,74,100,14,119,4,0,36,0,90,0
31,901,Barañain,1-008-A,659,0,0,659,435,0,435,7,7,20,74,69,15,111,1,0,33,0,97,1
31,901,Barañain,1-008-B,646,0,0,646,454,0,454,4,9,29,66,70,16,133,0,0,45,1,78,3
31,901,Barañain,1-008-C,640,0,0,640,411,0,411,6,3,24,58,66,25,99,2,0,25,2,100,1
31,901,Barañain,1-009-A,397,0,0,397,246,0,246,1,4,10,32,57,4,53,0,0,15,2,67,1
31,901,Barañain,1-009-B,435,0,0,435,269,0,269,3,2,14,37,53,8,59,2,0,15,3,72,1
31,901,Barañain,1-010-A,562,0,0,562,383,0,383,4,4,19,66,81,12,89,2,3,26,0,76,1
31,901,Barañain,1-010-B,549,0,0,549,394,0,394,4,9,17,70,86,15,62,3,2,36,2,87,1
31,901,Barañain,1-010-C,490,0,0,490,320,0,320,6,8,18,52,61,2,72,0,1,22,1,77,0
31,901,Barañain,1-011-A,817,0,0,817,552,0,552,0,7,48,88,81,24,169,3,4,35,1,91,1
31,901,Barañain,1-011-B,721,0,0,721,522,0,522,3,10,33,65,75,25,164,0,4,37,1,103,2
31,45,Barásoain,1-001-U,489,0,0,489,312,0,312,1,6,11,45,46,5,93,2,2,26,1,74,0
31,46,Barbarin,1-001-U,46,0,0,46,33,0,33,0,0,8,4,2,0,13,0,0,1,0,5,0
31,47,Bargota,1-001-U,225,0,0,225,142,0,142,0,1,9,31,25,1,43,1,0,3,1,27,0
31,48,Barillas,1-001-U,170,0,0,170,122,0,122,4,2,17,5,1,12,60,0,0,4,0,17,0
31,49,Basaburua,1-001-U,706,0,0,706,510,0,510,11,12,11,82,291,8,53,0,0,8,5,29,0
31,50,Baztan,1-001-A,372,0,0,372,277,0,277,1,3,4,47,164,2,21,0,2,15,3,14,1
31,50,Baztan,1-001-B,451,0,0,451,285,0,285,7,7,7,67,125,6,36,0,0,8,1,21,0
31,50,Baztan,1-001-C,349,0,0,349,240,0,240,1,6,5,59,120,0,27,0,0,10,2,10,0
31,50,Baztan,2-001-A,516,0,0,516,338,0,338,4,6,12,79,114,6,70,3,0,12,5,26,1
31,50,Baztan,2-001-B,393,0,0,393,273,0,273,4,6,6,75,100,2,41,0,0,13,1,25,0
31,50,Baztan,2-001-C,515,0,0,515,339,0,339,9,6,9,67,122,10,76,2,0,10,2,26,0
31,50,Baztan,2-002-A,602,0,0,602,391,0,391,2,8,15,81,140,5,64,0,1,21,6,48,0
31,50,Baztan,2-002-B,759,0,0,759,475,0,475,6,16,12,110,156,2,76,3,2,32,4,55,1
31,50,Baztan,2-002-C,401,0,0,401,275,0,275,3,4,5,62,119,7,45,1,0,12,2,15,0
31,50,Baztan,3-001-U,615,0,0,615,407,0,407,11,5,11,93,167,13,59,2,3,8,7,26,2
31,50,Baztan,3-002-A,198,1,0,199,147,0,147,1,0,8,36,49,1,28,0,0,10,1,13,0
31,50,Baztan,3-002-B,242,0,0,242,179,0,179,2,3,17,60,44,4,13,0,1,11,1,23,0
31,50,Baztan,3-002-C,526,0,0,526,376,0,376,8,6,9,74,147,15,54,0,0,25,1,36,1
31,137,Beintza-Labaien,1-001-U,191,0,0,191,144,0,144,5,0,6,50,34,2,23,2,0,3,3,16,0
31,51,Beire,1-001-U,233,0,0,233,135,0,135,2,2,5,17,19,12,49,0,0,6,0,23,0
31,52,Belascoáin,1-001-U,113,0,0,113,78,0,78,1,1,9,10,7,0,25,2,0,9,0,13,1
31,250,Bera,1-001-A,733,0,0,733,491,0,491,10,5,19,107,201,6,49,0,0,15,7,71,1
31,250,Bera,1-001-B,755,0,0,755,467,0,467,9,8,11,106,202,13,36,2,0,14,10,56,0
31,250,Bera,1-002-U,727,0,0,727,443,0,443,3,6,12,128,202,0,31,0,0,24,5,32,0
31,250,Bera,2-001-U,563,0,0,563,356,0,356,5,4,11,115,151,2,20,0,1,3,5,39,0
31,53,Berbinzana,1-001-U,508,0,0,508,365,0,365,4,5,15,51,68,11,95,1,0,17,4,94,0
31,905,Beriáin,1-001-A,677,0,0,677,419,0,419,11,6,32,45,41,23,93,4,1,39,3,120,1
31,905,Beriáin,1-001-B,727,0,0,727,448,0,448,8,8,27,51,39,33,95,7,6,34,2,137,1
31,905,Beriáin,1-002-A,847,0,0,847,536,0,536,5,12,44,58,39,31,181,3,0,40,5,118,0
31,905,Beriáin,1-002-B,777,0,0,777,450,0,450,3,10,39,44,52,34,84,1,3,34,6,136,4
31,902,Berrioplano/Berriobeiti,1-001-A,566,0,0,566,391,0,391,8,9,29,63,85,20,93,4,2,12,0,66,0
31,902,Berrioplano/Berriobeiti,1-001-B,362,0,0,362,337,0,337,7,11,27,53,63,17,80,4,1,21,0,53,0
31,902,Berrioplano/Berriobeiti,1-001-C,752,0,0,752,493,0,493,8,7,27,91,72,33,137,1,0,22,3,92,0
31,902,Berrioplano/Berriobeiti,1-002-A,620,0,0,620,394,0,394,5,11,33,48,60,17,90,0,2,41,3,80,4
31,902,Berrioplano/Berriobeiti,1-002-B,725,0,0,725,453,0,453,3,10,45,76,85,23,96,4,1,31,5,73,1
31,902,Berrioplano/Berriobeiti,1-002-C,703,0,0,703,429,0,429,8,8,34,71,60,17,106,2,1,40,5,75,2
31,902,Berrioplano/Berriobeiti,1-003-A,397,0,0,397,266,0,266,3,3,19,49,46,14,85,1,1,10,0,35,0
31,902,Berrioplano/Berriobeiti,1-003-B,443,0,0,443,273,0,273,5,5,29,41,48,12,74,0,1,14,2,42,0
31,903,Berriozar,1-001-A,637,0,0,637,405,0,405,8,7,30,51,123,12,57,3,0,28,1,85,0
31,903,Berriozar,1-001-B,724,0,0,724,464,1,465,5,8,25,45,148,23,84,3,1,21,1,99,2
31,903,Berriozar,1-002-A,490,0,0,490,257,1,258,1,2,25,19,68,12,35,0,0,18,0,78,0
31,903,Berriozar,1-002-B,501,0,0,501,285,1,286,1,7,26,30,59,10,38,0,0,21,2,90,2
31,903,Berriozar,1-003-A,744,0,0,744,409,0,409,4,11,35,38,120,23,47,2,0,31,1,94,3
31,903,Berriozar,1-003-B,666,0,0,666,395,1,396,8,3,30,42,102,20,48,0,2,33,1,107,0
31,903,Berriozar,1-005-A,628,0,0,628,385,1,386,6,12,41,38,98,11,59,1,1,29,1,88,1
31,903,Berriozar,1-005-B,683,0,0,683,415,0,415,6,5,45,64,77,14,57,1,1,32,2,110,1
31,903,Berriozar,1-006-A,688,0,0,688,414,1,415,8,7,24,46,119,19,48,3,1,29,2,108,1
31,903,Berriozar,1-006-B,770,0,0,770,466,0,466,7,3,46,59,128,27,49,3,1,40,3,100,0
31,903,Berriozar,1-006-C,689,0,0,689,413,1,414,6,0,32,49,135,14,57,4,2,42,1,71,1
31,54,Bertizarana,1-001-U,481,0,0,481,303,0,303,7,2,11,74,129,4,20,0,0,9,2,45,0
31,55,Betelu,1-001-U,286,0,0,286,184,0,184,1,8,5,66,75,0,7,0,0,8,0,14,0
31,253,Bidaurreta,1-001-U,131,0,0,131,105,0,105,2,0,3,31,51,0,2,0,0,5,1,10,0
31,56,Biurrun-Olcoz,1-001-U,204,0,0,204,133,0,133,5,5,5,15,26,11,34,1,0,5,1,25,0
31,57,Buñuel,1-001-A,374,0,0,374,277,1,278,7,10,44,17,3,16,97,0,0,6,0,78,0
31,57,Buñuel,1-001-B,386,0,0,386,311,0,311,5,7,55,24,5,22,94,0,1,7,0,89,2
31,57,Buñuel,2-001-A,494,0,0,494,414,0,414,13,18,50,28,2,22,120,1,3,16,0,136,5
31,57,Buñuel,2-001-B,475,0,0,475,386,0,386,5,13,30,43,2,22,148,0,2,6,0,114,1
31,59,Burgui/Burgi,1-001-U,170,0,0,170,102,0,102,2,0,3,15,47,1,16,0,0,2,0,16,0
31,60,Burlada/Burlata,1-001-A,587,0,0,587,403,0,403,7,8,27,45,103,6,69,4,2,52,0,79,1
31,60,Burlada/Burlata,1-001-B,662,0,0,662,432,0,432,3,11,30,82,93,19,82,0,2,32,1,77,0
31,60,Burlada/Burlata,1-001-C,585,0,0,585,366,0,366,3,4,26,49,82,11,79,3,3,40,0,66,0
31,60,Burlada/Burlata,1-002-A,488,0,0,488,283,0,283,3,6,21,39,58,8,62,1,0,23,4,58,0
31,60,Burlada/Burlata,1-002-B,499,0,0,499,302,0,302,3,3,24,30,49,10,79,1,1,25,1,76,0
31,60,Burlada/Burlata,1-003-A,424,0,0,424,264,0,264,3,7,19,45,56,6,35,0,0,29,3,61,0
31,60,Burlada/Burlata,1-003-B,475,0,0,475,266,0,266,5,8,23,35,58,4,47,0,1,27,4,54,0
31,60,Burlada/Burlata,1-004-A,507,0,0,507,308,0,308,0,7,26,50,59,12,77,4,0,24,2,47,0
31,60,Burlada/Burlata,1-004-B,471,0,0,471,279,0,279,6,4,24,30,45,9,80,1,1,27,3,49,0
31,60,Burlada/Burlata,1-005-A,708,0,0,708,483,0,483,2,7,29,83,112,12,90,8,2,39,6,91,2
31,60,Burlada/Burlata,1-005-B,785,0,0,785,516,0,516,10,15,33,90,110,10,112,2,0,46,2,86,0
31,60,Burlada/Burlata,1-005-C,688,0,0,688,432,0,432,4,8,27,70,83,11,64,11,1,53,6,92,2
31,60,Burlada/Burlata,2-001-A,580,0,0,580,327,0,327,10,1,17,50,78,8,53,5,0,39,3,61,2
31,60,Burlada/Burlata,2-001-B,594,0,0,594,337,1,338,3,2,23,45,77,10,84,2,0,27,2,61,2
31,60,Burlada/Burlata,2-002-A,363,0,0,363,209,0,209,4,1,25,30,37,4,30,1,0,26,2,49,0
31,60,Burlada/Burlata,2-002-B,417,0,0,417,221,0,221,5,4,25,34,38,4,39,4,0,27,0,40,1
31,60,Burlada/Burlata,2-003-A,410,0,0,410,221,0,221,7,2,12,37,60,5,34,1,0,22,3,37,1
31,60,Burlada/Burlata,2-003-B,403,0,0,403,222,0,222,4,2,14,27,63,6,39,0,1,14,1,50,1
31,60,Burlada/Burlata,2-004-A,561,0,0,561,343,0,343,2,7,25,71,79,10,57,2,1,30,1,58,0
31,60,Burlada/Burlata,2-004-B,596,0,0,596,345,0,345,5,2,24,55,68,19,80,2,1,29,1,59,0
31,60,Burlada/Burlata,2-005-A,570,0,0,570,360,0,360,7,3,33,52,104,8,56,2,0,38,1,56,0
31,60,Burlada/Burlata,2-005-B,626,0,0,626,401,0,401,4,1,26,68,84,10,75,0,1,50,1,81,0
31,60,Burlada/Burlata,2-006-A,417,0,0,417,218,0,218,0,3,15,38,54,6,24,0,1,23,0,51,3
31,60,Burlada/Burlata,2-006-B,440,0,0,440,228,0,228,3,0,14,33,47,8,45,1,1,28,0,48,0
31,60,Burlada/Burlata,2-007-U,651,0,0,651,466,0,466,9,9,30,81,49,11,121,3,0,49,1,102,1
31,60,Burlada/Burlata,2-008-A,524,0,0,524,365,0,365,6,5,17,53,67,18,90,3,2,36,1,66,1
31,60,Burlada/Burlata,2-008-B,586,0,0,586,410,0,410,16,4,14,81,68,10,78,3,0,40,2,94,0
31,60,Burlada/Burlata,2-008-C,579,0,0,579,396,0,396,7,10,15,66,83,7,64,1,2,51,4,84,2
31,62,Cabanillas,1-001-A,557,0,0,557,402,0,402,8,8,37,8,16,18,121,2,5,19,0,159,1
31,62,Cabanillas,1-001-B,509,0,0,509,404,0,404,5,17,56,9,10,16,136,0,0,15,1,139,0
31,63,Cabredo,1-001-U,69,0,0,69,60,0,60,2,0,8,9,13,0,21,0,0,0,0,7,0
31,64,Cadreita,1-001-A,370,0,0,370,307,0,307,2,3,18,6,14,10,99,0,1,15,0,139,0
31,64,Cadreita,1-001-B,520,0,0,520,457,0,457,5,7,40,7,14,27,180,1,1,7,1,167,0
31,64,Cadreita,1-001-C,481,0,0,481,412,0,412,6,3,31,11,29,20,133,0,0,13,0,166,0
31,65,Caparroso,1-001-U,671,0,0,671,492,0,492,6,16,60,18,23,16,135,1,0,7,1,209,0
31,65,Caparroso,2-001-A,578,0,0,578,453,0,453,8,8,34,12,34,29,138,0,0,13,0,177,0
31,65,Caparroso,2-001-B,583,0,0,583,456,1,457,5,10,42,16,29,21,140,0,1,9,0,183,1
31,66,Cárcar,1-001-A,378,0,0,378,301,0,301,7,11,10,11,23,6,100,1,0,5,0,127,0
31,66,Cárcar,1-001-B,402,0,0,402,324,0,324,5,9,18,8,16,15,119,2,0,10,0,122,0
31,67,Carcastillo,1-001-A,390,0,0,390,267,0,267,0,2,19,20,13,16,73,1,0,54,3,65,1
31,67,Carcastillo,1-001-B,322,0,0,322,235,0,235,6,5,19,18,12,14,63,0,0,36,0,62,0
31,67,Carcastillo,1-001-C,215,0,0,215,163,0,163,0,7,7,2,3,7,48,1,0,16,0,72,0
31,67,Carcastillo,2-001-A,462,0,0,462,332,0,332,12,13,14,27,9,18,107,0,1,64,0,67,0
31,67,Carcastillo,2-001-B,431,0,0,431,315,0,315,10,8,13,9,27,27,85,2,1,54,0,79,0
31,68,Cascante,1-001-A,423,0,0,423,283,0,283,8,10,15,9,14,28,97,0,0,13,0,88,1
31,68,Cascante,1-001-B,469,0,0,469,340,0,340,8,4,23,6,16,23,122,0,0,18,0,120,0
31,68,Cascante,2-001-A,392,0,0,392,285,0,285,6,5,18,8,11,10,108,3,2,16,0,98,0
31,68,Cascante,2-001-B,346,0,0,346,260,0,260,2,2,20,7,7,16,111,1,5,10,1,78,0
31,68,Cascante,3-001-A,565,0,0,565,409,0,409,6,2,29,16,13,21,146,1,3,27,0,145,0
31,68,Cascante,3-001-B,600,0,0,600,454,0,454,10,7,15,10,15,31,178,3,3,18,0,163,1
31,69,Cáseda,1-001-A,441,0,0,441,363,0,363,5,9,10,20,57,24,123,1,1,19,1,92,1
31,69,Cáseda,1-001-B,372,0,0,372,318,0,318,5,8,13,19,39,16,120,0,0,17,1,79,1
31,70,Castejón,1-001-A,774,0,0,774,524,0,524,20,17,47,9,29,25,159,1,0,78,0,136,3
31,70,Castejón,1-001-B,663,0,0,663,461,0,461,16,9,62,7,21,34,112,0,1,73,3,122,1
31,70,Castejón,1-002-U,606,0,0,606,429,0,429,11,13,28,8,21,34,135,2,0,70,0,107,0
31,70,Castejón,2-001-U,593,0,0,593,398,0,398,7,11,41,11,8,30,125,2,2,52,1,108,0
31,71,Castillonuevo,1-001-U,15,0,0,15,11,0,11,0,1,1,0,1,0,5,0,0,1,0,2,0
31,193,Cendea de Olza/Oltza Zendea,1-001-A,320,0,0,320,226,0,226,1,2,7,36,77,9,54,0,1,12,2,25,0
31,193,Cendea de Olza/Oltza Zendea,1-001-B,557,0,0,557,378,0,378,2,12,26,78,85,13,87,3,1,18,4,48,1
31,193,Cendea de Olza/Oltza Zendea,1-001-C,583,0,0,583,391,0,391,2,12,23,54,88,20,98,2,1,28,10,53,0
31,72,Cintruénigo,1-001-A,591,0,0,591,377,0,377,6,5,66,1,21,25,101,0,1,7,0,144,0
31,72,Cintruénigo,1-001-B,521,0,0,521,351,0,351,3,6,66,4,13,12,111,0,2,7,0,127,0
31,72,Cintruénigo,2-001-A,568,0,0,568,407,0,407,7,5,81,6,7,20,119,1,0,8,0,153,0
31,72,Cintruénigo,2-001-B,690,0,0,690,505,0,505,6,4,87,7,13,18,173,2,0,8,1,185,1
31,72,Cintruénigo,2-001-C,583,0,0,583,396,0,396,3,8,84,6,14,22,120,0,0,8,0,131,0
31,72,Cintruénigo,2-002-A,490,0,0,490,352,0,352,8,5,72,5,4,12,116,1,0,13,0,115,1
31,72,Cintruénigo,2-002-B,437,0,0,437,309,0,309,3,2,76,4,5,9,105,0,0,5,0,100,0
31,72,Cintruénigo,2-003-A,509,0,0,509,394,0,394,7,8,85,11,0,27,117,1,2,4,1,131,0
31,72,Cintruénigo,2-003-B,534,0,0,534,410,0,410,10,7,77,3,9,20,157,1,0,7,1,118,0
31,72,Cintruénigo,2-003-C,421,0,0,421,301,0,301,6,4,66,10,3,18,102,0,0,4,0,88,0
31,74,Cirauqui/Zirauki,1-001-U,379,0,0,379,272,0,272,0,6,8,42,107,3,48,4,0,14,2,38,0
31,75,Ciriza/Ziritza,1-001-U,118,0,0,118,80,0,80,1,1,5,14,11,9,17,1,0,10,3,7,1
31,76,Cizur,1-001-A,331,0,0,331,238,0,238,4,7,16,29,49,4,77,0,2,12,3,34,1
31,76,Cizur,1-001-B,289,0,0,289,194,0,194,1,2,14,31,42,9,60,3,0,6,3,23,0
31,76,Cizur,1-001-C,431,0,0,431,280,0,280,3,10,33,30,27,23,117,1,1,5,1,29,0
31,76,Cizur,1-002-A,528,0,0,528,410,0,410,1,5,21,25,19,61,202,4,1,5,0,66,0
31,76,Cizur,1-002-B,576,0,0,576,403,0,403,1,5,67,34,16,52,187,3,1,4,0,33,0
31,76,Cizur,1-002-C,525,0,0,525,439,0,439,4,10,65,36,14,50,211,0,1,9,1,37,1
31,77,Corella,1-001-A,647,0,0,647,457,0,457,7,7,44,11,19,34,189,0,1,12,0,132,1
31,77,Corella,1-001-B,672,0,0,672,493,0,493,14,9,65,10,16,33,184,5,1,27,0,127,2
31,77,Corella,1-002-A,585,0,0,585,433,0,433,8,10,48,11,17,25,171,0,1,16,1,125,0
31,77,Corella,1-002-B,541,0,0,541,417,0,417,8,14,35,14,12,24,184,0,2,13,0,111,0
31,77,Corella,1-002-C,796,0,0,796,552,0,552,5,12,36,21,6,32,241,1,5,30,1,162,0
31,77,Corella,2-001-U,742,0,0,742,495,0,495,9,3,43,19,15,40,175,2,2,31,0,155,1
31,77,Corella,2-002-A,760,0,0,760,522,0,522,13,11,53,19,15,37,229,0,2,25,0,117,1
31,77,Corella,2-002-B,771,0,0,771,533,0,533,17,9,49,12,9,38,236,0,5,23,0,133,2
31,78,Cortes,1-001-A,418,0,0,418,303,2,305,12,11,16,14,14,15,114,0,0,18,0,91,0
31,78,Cortes,1-001-B,417,0,0,417,320,1,321,10,9,22,15,14,5,129,1,1,14,0,101,0
31,78,Cortes,2-001-A,487,0,0,487,359,1,360,5,12,13,12,22,15,151,0,1,12,0,117,0
31,78,Cortes,2-001-B,515,0,0,515,392,2,394,11,11,29,18,11,23,148,0,3,24,0,115,1
31,78,Cortes,2-001-C,497,0,0,497,383,1,384,13,16,14,14,30,21,117,0,0,15,1,143,0
31,79,Desojo,1-001-U,59,0,0,59,44,0,44,0,1,2,3,2,0,13,1,0,1,2,18,1
31,80,Dicastillo,1-001-U,463,0,0,463,329,0,329,3,6,13,42,69,4,84,2,0,21,0,85,0
31,81,Donamaria,1-001-U,362,0,0,362,246,0,246,4,7,13,71,112,0,20,1,0,3,2,13,0
31,221,Doneztebe/Santesteban,1-001-A,621,0,0,621,435,0,435,12,6,13,107,166,10,67,1,0,8,0,45,0
31,221,Doneztebe/Santesteban,1-001-B,675,0,0,675,436,0,436,8,11,22,100,161,7,62,0,0,14,2,49,0
31,83,Echarri/Etxarri,1-001-U,55,0,0,55,44,0,44,3,2,1,7,14,2,9,3,0,0,3,0,0
31,61,El Busto,1-001-U,44,0,0,44,37,0,37,0,2,1,1,2,0,23,0,0,1,2,5,0
31,87,Elgorriaga,1-001-U,167,0,0,167,113,0,113,3,5,1,33,51,0,12,0,0,0,0,7,1
31,89,Enériz/Eneritz,1-001-U,251,0,0,251,178,0,178,2,4,14,22,23,16,55,1,2,7,4,28,0
31,90,Eratsun,1-001-U,135,0,0,135,68,0,68,1,0,2,37,12,2,6,0,0,0,0,8,0
31,91,Ergoiena,1-001-U,321,0,0,321,214,0,214,0,4,5,62,111,1,12,0,0,3,1,15,0
31,92,Erro,1-001-A,275,0,0,275,209,0,209,3,3,8,45,49,3,52,3,0,6,0,37,0
31,92,Erro,1-001-B,412,0,0,412,313,0,313,4,7,6,87,116,4,45,1,0,11,1,31,0
31,94,Eslava,1-001-U,93,0,0,93,62,0,62,2,1,2,8,5,0,26,0,0,1,0,16,1
31,95,Esparza de Salazar/Espartza Zaraitzu,1-001-U,70,0,0,70,64,0,64,1,2,2,10,30,0,3,1,0,2,0,13,0
31,96,Espronceda,1-001-U,100,0,0,100,89,0,89,0,1,12,5,24,2,22,1,0,2,1,18,1
31,97,Estella-Lizarra,1-001-U,764,0,0,764,438,0,438,8,6,23,58,93,8,149,0,2,29,1,61,0
31,97,Estella-Lizarra,1-002-A,682,0,0,682,376,0,376,5,8,37,44,69,11,110,1,2,30,1,58,0
31,97,Estella-Lizarra,1-002-B,670,0,0,670,343,0,343,7,7,23,51,58,12,94,0,0,24,2,64,1
31,97,Estella-Lizarra,2-001-U,712,0,0,712,366,0,366,2,10,18,44,91,12,112,1,0,30,0,46,0
31,97,Estella-Lizarra,2-002-A,627,0,0,627,387,0,387,4,5,30,56,77,9,132,2,1,23,3,45,0
31,97,Estella-Lizarra,2-002-B,660,0,0,660,416,0,416,5,3,35,60,68,24,138,1,2,24,2,54,0
31,97,Estella-Lizarra,2-003-A,358,0,0,358,187,0,187,2,3,10,27,40,9,57,0,0,12,2,24,1
31,97,Estella-Lizarra,2-003-B,389,0,0,389,196,0,196,3,4,13,27,39,8,56,0,3,14,1,27,1
31,97,Estella-Lizarra,2-004-A,532,0,0,532,341,0,341,2,5,15,42,79,12,114,0,0,26,2,44,0
31,97,Estella-Lizarra,2-004-B,606,0,0,606,351,0,351,6,10,20,46,70,6,98,0,2,30,3,59,1
31,97,Estella-Lizarra,2-004-C,521,0,0,521,317,0,317,3,7,19,38,73,13,91,0,0,21,3,48,1
31,97,Estella-Lizarra,2-005-A,456,0,0,456,283,0,283,1,3,16,39,47,11,111,0,1,12,4,38,0
31,97,Estella-Lizarra,2-005-B,422,0,0,422,268,0,268,2,5,20,33,47,3,118,0,4,17,0,19,0
31,97,Estella-Lizarra,2-006-A,567,0,0,567,403,0,403,3,7,52,57,36,12,165,1,1,14,2,51,2
31,97,Estella-Lizarra,2-006-B,576,0,0,576,406,0,406,4,6,37,56,45,8,171,1,2,15,2,58,1
31,97,Estella-Lizarra,2-007-U,650,0,0,650,410,0,410,4,1,26,63,110,5,118,2,2,23,0,56,0
31,97,Estella-Lizarra,3-001-A,644,0,0,644,430,0,430,3,9,20,56,105,13,119,4,1,21,4,74,1
31,97,Estella-Lizarra,3-001-B,661,0,0,661,455,0,455,10,11,24,50,86,13,162,1,1,25,0,72,0
31,98,Esteribar,1-001-A,409,0,0,409,285,2,287,5,6,15,48,97,9,69,1,0,12,1,24,0
31,98,Esteribar,1-001-B,487,0,0,487,335,2,337,0,7,24,68,81,18,73,1,2,16,1,44,2
31,98,Esteribar,1-001-C,346,0,0,346,236,2,238,3,4,12,58,83,1,35,1,2,15,2,21,1
31,98,Esteribar,1-001-D,884,0,0,884,664,0,664,7,14,48,128,95,35,211,10,4,33,2,76,1
31,99,Etayo,1-001-U,50,0,0,50,40,0,40,0,0,5,1,6,2,11,0,0,2,0,13,0
31,82,Etxalar,1-001-U,634,0,0,634,443,0,443,4,25,14,123,178,7,42,0,0,10,3,35,2
31,84,Etxarri Aranatz,1-001-A,531,0,0,531,338,0,338,5,0,18,97,165,2,22,0,0,10,2,17,0
31,84,Etxarri Aranatz,1-001-B,455,0,0,455,283,0,283,2,3,10,83,132,3,20,0,0,6,0,23,1
31,84,Etxarri Aranatz,1-001-C,30,0,0,30,26,0,26,0,0,0,0,26,0,0,0,0,0,0,0,0
31,84,Etxarri Aranatz,2-001-A,518,0,0,518,331,0,331,7,1,9,85,191,0,15,0,0,9,0,14,0
31,84,Etxarri Aranatz,2-001-B,388,0,0,388,241,0,241,3,2,2,62,141,1,9,0,0,6,0,15,0
31,85,Etxauri,1-001-U,483,0,0,483,343,0,343,5,7,5,63,154,5,23,1,1,28,5,46,0
31,100,Eulate,1-001-U,243,0,0,243,148,0,148,5,1,14,16,30,11,42,0,0,4,5,20,0
31,101,Ezcabarte,1-001-A,844,0,0,844,571,0,571,5,2,20,64,175,39,166,2,3,27,0,67,1
31,101,Ezcabarte,1-001-B,610,0,0,610,418,0,418,3,10,13,58,132,16,110,1,1,31,3,40,0
31,93,Ezcároz/Ezkaroze,1-001-U,253,0,0,253,177,0,177,0,2,5,35,67,1,36,0,0,4,1,26,0
31,102,Ezkurra,1-001-U,129,0,0,129,63,0,63,0,0,3,17,24,0,7,0,0,2,0,10,0
31,103,Ezprogui,1-001-U,44,0,0,44,33,0,33,0,1,7,3,4,1,13,0,0,0,0,4,0
31,104,Falces,1-001-A,497,0,0,497,388,0,388,9,10,24,29,33,13,97,2,3,22,2,143,1
31,104,Falces,1-001-B,430,0,0,430,321,0,321,9,9,23,18,31,13,98,3,1,12,1,102,1
31,104,Falces,2-001-A,422,0,0,422,256,0,256,10,6,21,19,25,7,51,1,2,8,1,105,0
31,104,Falces,2-001-B,368,0,0,368,248,0,248,4,0,7,25,24,8,51,0,2,13,0,114,0
31,105,Fitero,1-001-U,614,0,0,614,469,1,470,10,6,59,5,4,51,186,0,1,10,0,137,1
31,105,Fitero,2-001-A,407,0,0,407,338,0,338,4,6,46,3,5,37,119,0,0,11,0,105,2
31,105,Fitero,2-001-B,405,0,0,405,311,0,311,4,7,38,3,4,33,132,0,0,4,0,85,1
31,106,Fontellas,1-001-U,745,0,0,745,623,0,623,7,22,134,11,9,46,146,4,1,33,0,210,0
31,107,Funes,1-001-A,439,0,0,439,306,0,306,2,6,62,8,5,15,151,0,1,8,0,48,0
31,107,Funes,1-001-B,373,0,0,373,273,0,273,3,5,44,2,7,18,130,2,3,8,0,51,0
31,107,Funes,2-001-A,435,0,0,435,343,0,343,3,3,60,6,5,30,179,0,0,3,0,54,0
31,107,Funes,2-001-B,396,0,0,396,306,0,306,8,7,51,5,3,23,152,0,1,3,1,52,0
31,108,Fustiñana,1-001-A,516,0,0,516,427,0,427,14,17,119,14,13,12,101,2,0,19,0,116,0
31,108,Fustiñana,1-001-B,447,0,0,447,351,0,351,9,15,111,8,4,15,81,0,0,17,0,91,0
31,108,Fustiñana,2-001-A,478,0,0,478,386,0,386,16,10,102,16,15,28,81,0,0,10,0,108,0
31,108,Fustiñana,2-001-B,364,0,0,364,298,0,298,4,9,86,8,8,15,64,2,1,8,2,91,0
31,109,Galar,1-001-A,650,0,0,650,434,0,434,8,12,12,70,114,22,86,1,0,36,3,69,1
31,109,Galar,1-001-B,559,0,0,559,374,0,374,7,9,33,45,68,25,117,1,3,14,3,48,1
31,109,Galar,1-001-C,536,0,0,536,375,0,375,7,4,27,40,59,25,136,2,1,19,2,51,2
31,110,Gallipienzo/Galipentzu,1-001-U,85,0,0,85,68,0,68,1,1,3,6,11,2,18,1,0,6,0,19,0
31,111,Gallués/Galoze,1-001-U,92,0,0,92,71,0,71,0,0,3,21,16,4,8,2,0,5,4,8,0
31,112,Garaioa,1-001-U,83,0,0,83,56,0,56,0,3,4,24,10,0,8,0,0,3,0,4,0
31,113,Garde,1-001-U,123,0,0,123,73,0,73,0,3,5,17,11,1,14,0,0,3,0,19,0
31,114,Garínoain,1-001-U,400,0,0,400,264,0,264,7,5,10,28,56,16,46,2,1,36,2,55,0
31,115,Garralda,1-001-U,151,0,0,151,100,0,100,1,1,1,39,34,0,16,0,0,2,0,6,0
31,116,Genevilla,1-001-U,64,0,0,64,54,0,54,1,2,6,6,6,6,17,0,0,3,1,6,0
31,117,Goizueta,1-001-U,561,0,0,561,387,0,387,11,3,3,71,276,0,9,0,0,5,1,8,0
31,118,Goñi,1-001-U,165,0,0,165,118,0,118,10,6,3,33,19,2,15,0,0,4,5,21,0
31,119,Güesa/Gorza,1-001-U,34,0,0,34,24,0,24,0,3,0,9,5,0,4,0,0,2,0,1,0
31,120,Guesálaz/Gesalatz,1-001-U,376,0,0,376,257,0,257,6,3,11,48,61,7,57,3,2,14,5,37,3
31,121,Guirguillano,1-001-U,61,0,0,61,49,0,49,1,5,6,5,9,1,13,0,1,4,0,4,0
31,256,Hiriberri/Villanueva de Aezkoa,1-001-U,93,0,0,93,47,0,47,0,0,0,17,25,1,4,0,0,0,0,0,0
31,122,Huarte/Uharte,1-001-A,559,0,0,559,372,0,372,11,8,20,82,97,15,51,3,3,21,2,58,1
31,122,Huarte/Uharte,1-001-B,645,0,0,645,431,0,431,5,7,21,90,104,10,86,3,1,32,1,70,1
31,122,Huarte/Uharte,1-002-A,819,0,0,819,550,0,550,9,8,19,143,117,9,118,4,2,34,0,87,0
31,122,Huarte/Uharte,1-002-B,836,0,0,836,522,0,522,4,10,25,113,113,16,117,3,6,36,1,78,0
31,122,Huarte/Uharte,1-003-A,777,0,0,777,538,0,538,6,16,17,138,144,13,94,4,1,28,4,72,1
31,122,Huarte/Uharte,1-003-B,762,0,0,762,520,0,520,8,9,29,96,142,20,99,2,0,33,3,76,3
31,122,Huarte/Uharte,1-004-A,439,0,0,439,290,0,290,2,3,28,48,69,14,76,1,0,18,1,29,1
31,122,Huarte/Uharte,1-004-B,482,0,0,482,310,0,310,4,7,33,37,56,18,93,1,3,19,1,37,1
31,124,Ibargoiti,1-001-U,230,0,0,230,174,0,174,2,5,5,33,21,7,71,2,0,4,2,20,2
31,259,Igantzi,1-001-U,456,0,0,456,268,0,268,3,3,5,93,114,1,9,0,0,8,1,30,1
31,125,Igúzquiza,1-001-U,262,0,0,262,175,0,175,4,8,8,13,29,3,55,0,0,13,4,33,5
31,126,Imotz,1-001-U,350,0,0,350,238,0,238,6,2,8,56,87,3,35,3,0,11,1,26,0
31,127,Irañeta,1-001-U,126,0,0,126,87,0,87,2,6,4,14,27,8,21,1,0,2,0,2,0
31,904,Irurtzun,1-001-A,832,0,0,832,479,0,479,3,8,30,66,188,10,69,3,0,14,2,86,0
31,904,Irurtzun,1-001-B,771,0,0,771,443,0,443,6,12,22,71,140,7,81,0,0,19,9,75,1
31,128,Isaba/Izaba,1-001-U,350,0,0,350,210,0,210,3,2,8,28,67,3,39,0,0,22,0,38,0
31,129,Ituren,1-001-U,394,0,0,394,268,0,268,1,6,7,53,155,4,7,1,0,7,5,22,0
31,130,Iturmendi,1-001-U,341,0,0,341,196,0,196,0,1,23,44,65,0,31,0,1,11,1,19,0
31,131,Iza/Itza,1-001-A,418,0,0,418,312,0,312,10,6,8,63,71,13,87,1,3,14,6,29,1
31,131,Iza/Itza,1-001-B,584,0,0,584,405,0,405,3,11,48,43,67,28,142,2,3,20,1,37,0
31,132,Izagaondoa,1-001-U,136,0,0,136,98,0,98,1,1,4,8,29,10,34,1,0,2,1,7,0
31,133,Izalzu/Itzaltzu,1-001-U,33,0,0,33,26,0,26,0,0,0,3,15,0,2,0,0,0,0,6,0
31,134,Jaurrieta,1-001-U,161,0,0,161,129,0,129,1,2,6,30,29,5,35,0,0,1,0,20,0
31,135,Javier,1-001-U,107,0,0,107,58,0,58,2,1,8,7,0,5,23,1,0,0,0,11,0
31,136,Juslapeña / Txulapain,1-001-U,467,0,0,467,293,0,293,10,3,7,51,101,26,35,2,1,18,4,33,2
31,138,Lakuntza,1-001-A,496,0,0,496,284,0,284,3,5,5,72,145,6,22,0,0,7,4,15,0
31,138,Lakuntza,1-001-B,453,0,0,453,291,0,291,4,4,4,79,135,3,21,0,0,14,1,26,0
31,139,Lana,1-001-U,147,0,0,147,119,0,119,6,0,2,19,19,5,46,0,0,9,0,13,0
31,140,Lantz,1-001-U,115,0,0,115,83,0,83,0,3,3,25,20,3,15,0,0,3,0,11,0
31,141,Lapoblación,1-001-U,103,0,0,103,74,0,74,4,3,22,12,3,9,8,0,0,4,1,7,1
31,142,Larraga,1-001-A,729,0,0,729,520,2,522,6,12,12,29,98,33,181,0,0,13,2,135,1
31,142,Larraga,1-001-B,621,0,0,621,452,3,455,18,14,11,28,64,22,170,1,1,18,1,106,1
31,143,Larraona,1-001-U,90,0,0,90,53,0,53,0,1,5,8,9,1,18,0,0,0,4,7,0
31,144,Larraun,1-001-A,224,0,0,224,131,0,131,3,3,3,26,65,4,14,0,0,4,0,9,0
31,144,Larraun,1-001-B,286,0,0,286,156,0,156,4,3,3,31,88,0,15,0,0,2,2,8,0
31,144,Larraun,1-001-C,244,0,0,244,142,0,142,6,2,1,17,88,1,8,0,0,3,1,15,0
31,145,Lazagurría,1-001-U,158,0,0,158,118,0,118,0,4,15,9,3,2,59,0,1,6,0,19,0
31,146,Leache/Leatxe,1-001-U,32,0,0,32,23,0,23,0,1,0,1,5,0,12,0,0,1,0,3,0
31,147,Legarda,1-001-U,110,0,0,110,80,0,80,1,3,6,9,17,4,28,0,0,2,1,9,0
31,148,Legaria,1-001-U,89,0,0,89,64,0,64,1,5,5,8,7,5,12,0,0,3,1,17,0
31,149,Leitza,1-001-A,570,0,0,570,404,0,404,6,4,0,86,244,6,30,0,0,6,0,22,0
31,149,Leitza,1-001-B,590,0,0,590,412,0,412,4,6,5,82,234,6,42,0,0,10,2,21,0
31,149,Leitza,1-002-A,545,0,0,545,377,0,377,3,5,6,61,243,3,26,0,0,4,2,24,0
31,149,Leitza,1-002-B,572,0,0,572,350,0,350,6,4,5,51,210,1,40,1,0,6,3,23,0
31,908,Lekunberri,1-001-A,694,0,0,694,542,0,542,7,15,12,169,189,6,56,1,1,21,5,58,2
31,908,Lekunberri,1-001-B,493,0,0,493,377,0,377,5,5,8,106,136,8,47,4,2,22,4,30,0
31,150,Leoz/Leotz,1-001-U,193,0,0,193,123,0,123,1,1,7,17,46,1,21,0,0,19,1,9,0
31,151,Lerga,1-001-U,50,0,0,50,41,0,41,0,3,2,5,7,2,17,0,0,2,0,3,0
31,152,Lerín,1-001-U,542,0,0,542,399,0,399,13,10,28,23,37,18,158,0,0,21,1,90,0
31,152,Lerín,2-001-U,663,0,0,663,482,0,482,9,5,20,52,39,21,173,1,0,28,0,134,0
31,153,Lesaka,1-001-A,408,0,0,408,269,0,269,5,1,4,107,111,1,14,0,2,7,1,16,0
31,153,Lesaka,1-001-B,432,0,0,432,297,0,297,3,2,3,105,135,5,5,0,0,14,0,25,0
31,153,Lesaka,2-001-A,654,0,0,654,454,2,456,9,2,6,173,193,4,31,0,0,11,0,27,0
31,153,Lesaka,2-001-B,681,0,0,681,438,0,438,7,3,5,131,210,3,31,0,0,13,1,34,0
31,154,Lezaun,1-001-U,210,0,0,210,101,0,101,3,5,7,20,40,3,13,0,0,7,0,3,0
31,155,Liédena,1-001-U,251,0,0,251,200,0,200,2,5,6,11,19,14,57,0,0,12,0,74,0
31,156,Lizoain-Arriasgoiti / Lizoainibar-Arriasgoiti,1-001-U,237,0,0,237,176,0,176,0,5,3,38,63,8,25,0,0,9,1,22,2
31,157,Lodosa,1-001-A,668,0,0,668,407,1,408,6,12,14,56,23,24,138,5,2,19,1,107,1
31,157,Lodosa,1-001-B,500,0,0,500,332,0,332,6,5,13,51,30,24,114,3,2,7,0,77,0
31,157,Lodosa,1-002-A,544,0,0,544,398,1,399,6,10,18,69,24,29,144,4,0,5,0,84,6
31,157,Lodosa,1-002-B,537,0,0,537,372,0,372,5,4,9,61,28,19,134,2,0,9,1,99,1
31,157,Lodosa,2-001-A,614,0,0,614,392,0,392,6,11,14,60,31,25,128,3,0,15,0,99,0
31,157,Lodosa,2-001-B,541,0,0,541,376,0,376,6,15,13,49,28,28,120,2,1,16,1,97,0
31,158,Lónguida/Longida,1-001-U,260,0,0,260,152,0,152,3,4,4,24,54,2,46,1,0,10,0,4,0
31,29,Los Arcos,1-001-A,471,0,0,471,340,2,342,9,9,26,31,57,10,102,2,2,20,0,74,0
31,29,Los Arcos,1-001-B,413,0,0,413,299,1,300,11,7,22,21,37,9,122,1,0,13,1,56,0
31,159,Lumbier,1-001-A,560,0,0,560,475,0,475,11,9,20,88,122,12,135,0,1,31,1,43,2
31,159,Lumbier,1-001-B,531,0,0,531,417,0,417,5,13,15,72,85,10,127,1,2,24,2,58,3
31,160,Luquin,1-001-U,107,0,0,107,86,0,86,2,3,3,10,22,1,27,0,0,6,1,11,0
31,248,Luzaide/Valcarlos,1-001-U,250,0,0,250,143,0,143,0,4,17,28,39,5,27,1,0,6,1,15,0
31,161,Mañeru,1-001-U,345,0,0,345,245,0,245,9,7,4,44,56,12,37,1,2,21,3,49,0
31,162,Marañón,1-001-U,51,0,0,51,26,0,26,0,0,1,1,4,2,6,0,0,1,0,11,0
31,163,Marcilla,1-001-U,770,0,0,770,576,0,576,15,10,35,23,16,16,219,1,0,37,0,203,1
31,163,Marcilla,2-001-A,616,0,0,616,493,0,493,8,5,35,11,12,18,186,3,3,26,0,185,1
31,163,Marcilla,2-001-B,649,0,0,649,511,0,511,17,8,28,13,17,9,199,2,1,29,0,188,0
31,164,Mélida,1-001-U,533,0,0,533,405,0,405,9,9,38,7,11,20,156,1,0,21,0,132,1
31,165,Mendavia,1-001-A,452,0,0,452,310,0,310,1,7,20,10,34,21,85,0,0,15,0,115,2
31,165,Mendavia,1-001-B,635,0,0,635,454,0,454,5,8,28,12,38,28,137,0,0,21,0,177,0
31,165,Mendavia,2-001-A,560,0,0,560,432,0,432,4,14,30,14,49,25,137,0,1,21,2,135,0
31,165,Mendavia,2-001-B,500,0,0,500,364,0,364,10,7,36,13,44,17,109,0,0,11,0,117,0
31,165,Mendavia,2-001-C,534,0,0,534,421,0,421,9,8,33,13,40,10,142,0,1,16,0,149,0
31,166,Mendaza,1-001-U,244,0,0,244,157,0,157,3,1,22,14,20,2,66,1,0,4,0,24,0
31,167,Mendigorría,1-001-A,409,0,0,409,307,0,307,6,2,22,37,87,10,81,2,1,13,1,43,2
31,167,Mendigorría,1-001-B,443,0,0,443,329,0,329,7,7,22,45,58,5,102,3,0,13,1,65,1
31,168,Metauten,1-001-U,237,0,0,237,166,0,166,2,2,9,24,35,5,65,0,0,7,0,16,1
31,169,Milagro,1-001-A,393,0,0,393,245,1,246,3,0,5,6,6,7,107,0,0,2,1,109,0
31,169,Milagro,1-001-B,331,0,0,331,197,1,198,3,0,14,3,3,4,88,0,0,3,0,80,0
31,169,Milagro,2-001-A,507,0,0,507,402,0,402,8,1,11,12,6,17,144,0,1,9,0,193,0
31,169,Milagro,2-001-B,513,0,0,513,393,0,393,4,11,9,3,3,15,177,1,0,9,0,161,0
31,169,Milagro,2-001-C,428,0,0,428,324,1,325,6,6,17,4,8,21,113,0,0,4,0,146,0
31,170,Mirafuentes,1-001-U,45,0,0,45,30,0,30,2,1,0,4,8,0,5,0,0,1,0,9,0
31,171,Miranda de Arga,1-001-U,678,0,0,678,490,0,490,16,13,11,62,60,5,100,1,0,35,2,185,0
31,172,Monreal/Elo,1-001-U,380,0,0,380,303,0,303,8,9,17,36,45,14,110,2,1,22,0,37,2
31,173,Monteagudo,1-001-A,382,0,0,382,321,0,321,3,9,25,9,2,33,115,1,0,10,0,114,0
31,173,Monteagudo,1-001-B,443,0,0,443,400,0,400,5,11,29,5,9,34,150,0,0,6,0,151,0
31,174,Morentin,1-001-U,99,0,0,99,71,0,71,1,2,1,8,20,6,16,1,0,3,0,11,2
31,175,Mues,1-001-U,67,0,0,67,55,0,55,3,2,5,19,9,0,11,0,0,1,0,5,0
31,176,Murchante,1-001-A,640,0,0,640,469,0,469,27,15,30,13,12,32,158,2,6,25,0,149,0
31,176,Murchante,1-001-B,602,0,0,602,444,0,444,19,15,45,11,16,28,143,1,1,11,0,153,1
31,176,Murchante,1-001-C,535,0,0,535,388,0,388,17,15,24,20,10,19,146,3,1,5,0,128,0
31,176,Murchante,2-001-A,639,0,0,639,458,0,458,30,13,56,18,13,31,136,1,2,17,0,140,1
31,176,Murchante,2-001-B,547,0,0,547,378,0,378,23,14,41,14,9,30,104,3,1,12,0,127,0
31,177,Murieta,1-001-U,256,0,0,256,131,0,131,4,4,13,17,23,6,33,0,0,12,0,18,1
31,178,Murillo el Cuende,1-001-U,472,0,0,472,331,0,331,8,9,15,13,6,39,93,3,3,7,4,128,3
31,179,Murillo el Fruto,1-001-U,489,0,0,489,364,0,364,5,9,15,15,20,20,100,1,2,20,1,156,0
31,180,Muruzábal,1-001-U,213,0,0,213,148,0,148,2,3,10,20,30,2,41,1,0,13,5,21,0
31,181,Navascués/Nabaskoze,1-001-U,120,0,0,120,88,0,88,1,0,4,13,31,2,23,0,1,2,0,9,2
31,182,Nazar,1-001-U,39,0,0,39,32,0,32,0,0,2,3,5,2,15,1,0,1,0,3,0
31,88,Noáin (Valle de Elorz)/Noain (Elortzibar),1-001-A,774,0,0,774,525,1,526,5,13,39,66,49,28,191,4,2,18,2,107,2
31,88,Noáin (Valle de Elorz)/Noain (Elortzibar),1-001-B,785,0,0,785,502,1,503,6,10,24,67,67,29,165,10,3,24,4,91,3
31,88,Noáin (Valle de Elorz)/Noain (Elortzibar),1-002-A,452,0,0,452,300,1,301,2,4,16,36,38,15,96,1,1,26,1,65,0
31,88,Noáin (Valle de Elorz)/Noain (Elortzibar),1-002-B,515,0,0,515,352,1,353,2,11,12,45,37,14,120,1,1,21,4,84,1
31,88,Noáin (Valle de Elorz)/Noain (Elortzibar),1-002-C,531,0,0,531,343,0,343,2,7,10,34,42,19,129,0,1,20,3,75,1
31,88,Noáin (Valle de Elorz)/Noain (Elortzibar),1-003-A,539,0,0,539,338,0,338,2,10,30,65,50,17,90,1,5,12,0,56,0
31,88,Noáin (Valle de Elorz)/Noain (Elortzibar),1-003-B,525,0,0,525,368,0,368,3,15,23,44,37,19,118,1,3,35,4,62,4
31,88,Noáin (Valle de Elorz)/Noain (Elortzibar),1-004-A,492,0,0,492,292,0,292,4,8,12,36,29,22,85,4,2,19,1,69,1
31,88,Noáin (Valle de Elorz)/Noain (Elortzibar),1-004-B,566,0,0,566,343,0,343,3,7,17,34,45,30,92,2,1,22,2,85,3
31,88,Noáin (Valle de Elorz)/Noain (Elortzibar),1-004-C,534,0,0,534,302,0,302,6,10,6,36,41,21,70,1,4,24,3,79,1
31,183,Obanos,1-001-U,705,0,0,705,501,0,501,8,10,29,91,64,31,170,6,4,30,3,55,0
31,185,Ochagavía/Otsagabia,1-001-U,454,0,0,454,399,0,399,5,19,17,92,110,4,110,0,0,8,1,33,0
31,184,Oco,1-001-U,57,0,0,57,46,0,46,2,1,0,4,19,2,18,0,0,0,0,0,0
31,186,Odieta,1-001-U,285,0,0,285,208,0,208,9,5,2,38,75,5,48,0,0,7,1,17,1
31,187,Oiz,1-001-U,110,0,0,110,58,0,58,2,0,0,22,18,4,3,0,0,2,0,6,1
31,188,Olaibar,1-001-U,330,0,0,330,195,0,195,8,4,15,22,54,5,45,2,2,8,4,26,0
31,189,Olazti/Olazagutía,1-001-A,574,0,0,574,346,0,346,4,11,11,78,146,8,28,0,0,12,1,47,0
31,189,Olazti/Olazagutía,1-001-B,526,0,0,526,270,0,270,1,6,11,61,112,8,14,0,0,10,2,44,1
31,190,Olejua,1-001-U,42,0,0,42,28,0,28,0,0,2,1,6,0,9,1,0,1,0,8,0
31,191,Olite/Erriberri,1-001-A,703,0,0,703,507,0,507,21,9,42,64,46,23,152,0,1,21,1,127,0
31,191,Olite/Erriberri,1-001-B,750,0,0,750,511,0,511,4,10,48,63,47,25,148,1,2,30,3,130,0
31,191,Olite/Erriberri,2-001-A,782,0,0,782,527,0,527,10,13,38,68,47,27,149,1,3,35,0,136,0
31,191,Olite/Erriberri,2-001-B,801,0,0,801,535,0,535,10,9,43,67,43,19,158,7,1,27,5,144,2
31,192,Olóriz/Oloritz,1-001-U,176,0,0,176,138,0,138,2,4,4,9,30,3,36,0,0,23,4,21,2
31,195,Orbaizeta,1-001-U,166,0,0,166,108,0,108,0,1,0,27,60,1,9,0,0,3,0,7,0
31,196,Orbara,1-001-U,28,0,0,28,25,0,25,1,0,4,5,8,0,2,0,0,0,0,5,0
31,197,Orísoain,1-001-U,66,0,0,66,47,0,47,1,1,0,4,4,2,9,1,0,2,0,23,0
31,906,Orkoien,1-001-A,600,0,0,600,369,0,369,6,6,22,39,69,26,78,1,4,21,2,94,1
31,906,Orkoien,1-001-B,662,0,0,662,420,0,420,9,11,42,30,78,21,83,1,2,29,1,113,0
31,906,Orkoien,1-002-A,696,0,0,696,510,0,510,8,14,47,82,100,18,126,2,0,32,1,80,0
31,906,Orkoien,1-002-B,812,0,0,812,564,0,564,6,14,41,80,78,25,160,4,3,38,1,112,2
31,198,Oronz/Orontze,1-001-U,41,0,0,41,34,0,34,0,0,0,8,19,0,3,0,0,2,0,2,0
31,199,Oroz-Betelu/Orotz-Betelu,1-001-U,131,0,0,131,94,0,94,0,2,4,32,29,0,16,1,0,3,0,7,0
31,211,Orreaga/Roncesvalles,1-001-U,16,0,0,16,13,0,13,1,2,3,1,0,1,5,0,0,0,0,0,0
31,200,Oteiza,1-001-U,735,0,0,735,528,0,528,13,29,20,68,131,6,110,1,1,24,1,124,0
31,201,Pamplona/Iruña,1-001-U,624,0,0,624,426,0,426,9,3,12,69,212,6,36,2,0,28,1,48,0
31,201,Pamplona/Iruña,1-003-A,593,0,0,593,412,0,412,2,5,22,68,140,9,68,1,1,51,2,43,0
31,201,Pamplona/Iruña,1-003-B,581,0,0,581,426,0,426,6,7,17,69,178,5,48,3,1,48,2,42,0
31,201,Pamplona/Iruña,1-004-U,706,0,0,706,467,0,467,1,4,16,98,163,6,60,5,1,49,1,63,0
31,201,Pamplona/Iruña,1-005-A,377,0,0,377,255,0,255,2,3,8,47,103,5,16,0,0,35,3,33,0
31,201,Pamplona/Iruña,1-005-B,396,0,0,396,252,0,252,6,8,3,45,88,5,20,0,0,41,0,36,0
31,201,Pamplona/Iruña,1-006-U,686,0,0,686,487,0,487,12,8,19,119,92,17,135,4,1,19,0,60,1
31,201,Pamplona/Iruña,1-007-U,555,6,0,561,375,0,375,5,1,20,68,127,10,66,3,2,31,1,41,0
31,201,Pamplona/Iruña,1-008-U,610,4,0,614,420,0,420,4,10,36,67,88,17,108,2,0,26,1,61,0
31,201,Pamplona/Iruña,1-009-U,666,0,0,666,477,0,477,9,6,16,103,141,13,68,5,4,51,3,57,1
31,201,Pamplona/Iruña,1-010-U,758,0,0,758,505,0,505,8,3,22,86,160,11,79,6,1,61,0,68,0
31,201,Pamplona/Iruña,1-011-U,597,0,0,597,413,0,413,2,0,6,65,208,5,36,3,1,43,1,41,2
31,201,Pamplona/Iruña,1-012-U,549,0,0,549,337,0,337,2,4,8,52,157,8,24,1,0,43,1,37,0
31,201,Pamplona/Iruña,1-013-A,381,0,0,381,250,0,250,2,3,6,55,102,8,23,3,0,19,0,29,0
31,201,Pamplona/Iruña,1-013-B,409,0,0,409,260,0,260,0,4,9,47,100,6,34,0,2,27,1,30,0
31,201,Pamplona/Iruña,2-001-A,431,0,0,431,312,0,312,1,2,27,36,29,18,154,0,3,13,1,28,0
31,201,Pamplona/Iruña,2-001-B,431,0,0,431,292,0,292,2,3,26,45,23,10,125,3,3,11,0,40,1
31,201,Pamplona/Iruña,2-002-A,437,0,0,437,336,0,336,1,4,41,35,20,24,172,4,0,4,1,30,0
31,201,Pamplona/Iruña,2-002-B,413,0,0,413,303,0,303,0,1,50,35,8,18,155,3,1,6,0,25,1
31,201,Pamplona/Iruña,2-003-U,618,0,0,618,479,0,479,4,9,66,54,20,39,218,5,5,16,1,42,0
31,201,Pamplona/Iruña,2-004-A,512,0,0,512,368,0,368,2,6,62,31,15,18,176,2,3,9,1,43,0
31,201,Pamplona/Iruña,2-004-B,487,0,0,487,366,0,366,3,4,66,27,17,29,173,3,0,9,0,35,0
31,201,Pamplona/Iruña,2-004-C,443,0,0,443,310,0,310,3,4,57,21,10,27,153,2,1,9,1,22,0
31,201,Pamplona/Iruña,2-005-A,607,0,0,607,461,0,461,2,7,70,65,18,38,201,3,4,7,0,46,0
31,201,Pamplona/Iruña,2-005-B,607,0,0,607,443,0,443,4,5,74,44,24,25,215,5,3,7,0,37,0
31,201,Pamplona/Iruña,2-006-A,504,0,0,504,347,0,347,4,3,36,65,30,15,144,3,0,19,0,27,1
31,201,Pamplona/Iruña,2-006-B,473,0,0,473,347,0,347,2,4,35,65,25,31,127,2,6,15,0,35,0
31,201,Pamplona/Iruña,2-007-U,703,0,0,703,498,0,498,4,4,85,70,31,30,214,0,3,15,1,41,0
31,201,Pamplona/Iruña,2-008-A,422,0,0,422,291,0,291,3,5,35,46,30,19,112,2,3,10,1,25,0
31,201,Pamplona/Iruña,2-008-B,434,0,0,434,314,0,314,4,6,29,51,29,20,125,2,1,14,0,32,1
31,201,Pamplona/Iruña,2-009-A,454,0,0,454,293,0,293,2,2,24,48,40,10,88,7,1,15,1,53,2
31,201,Pamplona/Iruña,2-009-B,422,0,0,422,271,0,271,1,5,13,45,30,14,89,0,0,21,1,52,0
31,201,Pamplona/Iruña,2-010-A,441,0,0,441,343,0,343,0,5,26,52,35,23,139,2,0,10,0,48,3
31,201,Pamplona/Iruña,2-010-B,473,0,0,473,345,0,345,0,5,40,52,26,18,120,7,0,20,1,55,1
31,201,Pamplona/Iruña,2-011-A,470,0,0,470,336,0,336,2,8,29,59,34,17,113,2,0,19,0,53,0
31,201,Pamplona/Iruña,2-011-B,527,0,0,527,375,0,375,3,8,35,65,34,24,108,5,1,30,0,62,0
31,201,Pamplona/Iruña,2-012-A,555,0,0,555,414,0,414,1,7,39,53,28,39,160,5,2,14,1,65,0
31,201,Pamplona/Iruña,2-012-B,526,0,0,526,370,0,370,4,7,23,59,37,31,141,7,2,14,0,44,1
31,201,Pamplona/Iruña,2-013-U,691,0,0,691,541,0,541,2,8,60,34,13,46,315,13,4,7,0,38,1
31,201,Pamplona/Iruña,2-014-A,515,0,0,515,407,0,407,2,3,62,58,22,26,189,3,0,9,0,33,0
31,201,Pamplona/Iruña,2-014-B,514,0,0,514,394,0,394,2,3,42,69,15,24,189,2,5,11,0,31,1
31,201,Pamplona/Iruña,2-015-U,711,0,0,711,517,0,517,7,11,56,55,31,36,221,10,0,18,0,72,0
31,201,Pamplona/Iruña,2-016-U,662,0,0,662,427,0,427,3,5,32,76,65,22,121,3,2,24,1,73,0
31,201,Pamplona/Iruña,2-017-U,602,0,0,602,436,0,436,3,6,65,48,17,36,184,5,4,15,0,53,0
31,201,Pamplona/Iruña,2-018-U,620,0,0,620,487,0,487,5,7,69,50,15,25,267,4,1,7,1,36,0
31,201,Pamplona/Iruña,3-001-U,668,0,0,668,412,0,412,2,3,26,76,88,15,112,1,2,21,0,66,0
31,201,Pamplona/Iruña,3-002-U,692,0,0,692,516,0,516,1,8,64,76,41,29,213,2,0,25,2,54,1
31,201,Pamplona/Iruña,3-003-A,576,0,0,576,381,0,381,5,4,12,67,63,16,113,0,1,29,1,69,1
31,201,Pamplona/Iruña,3-003-B,676,0,0,676,453,0,453,5,7,37,75,66,12,137,4,1,40,3,66,0
31,201,Pamplona/Iruña,3-004-U,625,0,0,625,374,0,374,0,4,21,73,85,11,78,3,0,22,0,77,0
31,201,Pamplona/Iruña,3-005-A,403,0,0,403,249,0,249,4,2,9,48,38,5,71,2,1,17,2,49,1
31,201,Pamplona/Iruña,3-005-B,398,0,0,398,249,0,249,0,6,10,42,21,11,87,5,0,11,1,55,0
31,201,Pamplona/Iruña,3-006-A,566,0,0,566,410,0,410,1,6,48,55,20,20,191,2,2,8,0,57,0
31,201,Pamplona/Iruña,3-006-B,571,0,0,571,407,0,407,3,10,42,42,30,19,196,3,1,14,0,47,0
31,201,Pamplona/Iruña,3-007-A,453,0,0,453,363,0,363,3,4,43,33,16,16,195,1,2,12,0,37,1
31,201,Pamplona/Iruña,3-007-B,438,0,0,438,331,0,331,0,2,34,23,21,16,183,4,3,3,0,42,0
31,201,Pamplona/Iruña,3-008-A,489,0,0,489,288,0,288,2,4,23,47,33,6,101,3,1,13,1,53,1
31,201,Pamplona/Iruña,3-008-B,475,0,0,475,296,0,296,4,4,13,46,62,4,87,1,1,27,1,46,0
31,201,Pamplona/Iruña,3-009-A,398,0,0,398,240,0,240,2,3,18,46,54,7,60,2,0,9,0,39,0
31,201,Pamplona/Iruña,3-009-B,387,0,0,387,232,0,232,4,4,14,40,43,8,56,0,0,19,1,42,1
31,201,Pamplona/Iruña,3-010-A,402,0,0,402,261,0,261,3,2,12,32,51,8,80,1,1,16,0,55,0
31,201,Pamplona/Iruña,3-010-B,441,0,0,441,284,0,284,5,4,23,42,47,9,73,3,0,19,0,59,0
31,201,Pamplona/Iruña,3-011-A,381,0,0,381,299,0,299,4,7,26,31,12,12,148,3,2,13,1,40,0
31,201,Pamplona/Iruña,3-011-B,423,0,0,423,319,0,319,6,4,36,23,16,11,167,2,3,12,0,39,0
31,201,Pamplona/Iruña,3-012-A,437,0,0,437,312,0,312,3,1,37,35,31,14,122,4,2,22,1,40,0
31,201,Pamplona/Iruña,3-012-B,413,0,0,413,293,0,293,0,4,16,42,29,11,125,2,0,16,0,48,0
31,201,Pamplona/Iruña,3-013-A,451,0,0,451,308,0,308,0,6,11,50,73,5,66,2,0,11,3,81,0
31,201,Pamplona/Iruña,3-013-B,421,0,0,421,253,0,253,2,1,15,45,47,4,63,2,2,21,1,50,0
31,201,Pamplona/Iruña,3-014-A,628,0,0,628,466,0,466,13,4,41,81,37,12,186,0,2,16,1,73,0
31,201,Pamplona/Iruña,3-014-B,653,0,0,653,459,0,459,4,3,48,45,29,31,183,2,2,19,2,91,0
31,201,Pamplona/Iruña,3-015-A,619,0,0,619,461,0,461,4,3,46,55,21,35,225,4,3,15,0,47,3
31,201,Pamplona/Iruña,3-015-B,646,0,0,646,475,0,475,3,4,52,55,24,29,242,4,2,9,3,48,0
31,201,Pamplona/Iruña,3-016-A,403,0,0,403,312,0,312,1,3,38,31,18,18,151,1,1,14,0,35,1
31,201,Pamplona/Iruña,3-016-B,435,0,0,435,323,0,323,2,9,18,20,31,20,165,0,3,14,1,40,0
31,201,Pamplona/Iruña,3-017-A,435,0,0,435,310,0,310,2,4,30,52,21,21,148,0,2,7,0,23,0
31,201,Pamplona/Iruña,3-017-B,416,0,0,416,314,0,314,0,1,38,32,23,15,157,0,0,5,0,43,0
31,201,Pamplona/Iruña,3-018-A,375,0,0,375,237,0,237,10,6,14,25,44,7,64,3,1,22,0,40,1
31,201,Pamplona/Iruña,3-018-B,444,2,0,446,280,0,280,2,4,20,47,49,2,91,1,2,13,0,48,1
31,201,Pamplona/Iruña,3-019-A,439,0,0,439,319,0,319,3,6,20,52,49,9,88,1,2,21,1,67,0
31,201,Pamplona/Iruña,3-019-B,487,0,0,487,361,0,361,2,6,20,60,55,14,104,2,2,22,0,74,0
31,201,Pamplona/Iruña,3-019-C,509,0,0,509,378,0,378,1,6,18,50,47,16,130,3,2,19,0,86,0
31,201,Pamplona/Iruña,3-020-A,537,0,0,537,365,0,365,1,4,45,41,30,21,155,2,1,13,0,52,0
31,201,Pamplona/Iruña,3-020-B,566,0,0,566,409,0,409,0,5,57,44,36,16,164,4,1,22,0,59,1
31,201,Pamplona/Iruña,3-021-A,439,0,0,439,349,0,349,0,3,20,76,48,13,106,7,0,27,0,49,0
31,201,Pamplona/Iruña,3-021-B,534,0,0,534,412,0,412,2,5,33,85,65,10,105,2,1,33,1,70,0
31,201,Pamplona/Iruña,3-022-U,531,0,0,531,344,0,344,1,4,9,59,59,10,90,0,2,24,1,84,1
31,201,Pamplona/Iruña,3-023-A,747,0,0,747,551,0,551,3,6,78,67,36,23,255,1,2,14,1,65,0
31,201,Pamplona/Iruña,3-023-B,723,0,0,723,515,0,515,5,4,77,55,18,32,233,2,4,20,0,65,0
31,201,Pamplona/Iruña,3-024-A,623,0,0,623,437,0,437,1,4,65,43,27,32,181,3,3,17,0,61,0
31,201,Pamplona/Iruña,3-024-B,665,0,0,665,471,0,471,5,6,71,50,28,20,207,4,0,12,0,68,0
31,201,Pamplona/Iruña,3-024-C,589,0,0,589,427,0,427,6,6,42,44,18,24,188,6,0,31,0,62,0
31,201,Pamplona/Iruña,3-025-A,628,0,0,628,435,0,435,4,6,37,62,54,26,154,3,1,16,2,68,2
31,201,Pamplona/Iruña,3-025-B,692,0,0,692,474,0,474,6,4,50,71,49,18,141,0,3,29,0,102,1
31,201,Pamplona/Iruña,3-025-C,660,0,0,660,455,0,455,6,3,39,65,51,17,164,3,2,21,2,82,0
31,201,Pamplona/Iruña,3-026-A,532,0,0,532,320,0,320,3,1,18,49,43,21,91,1,1,22,1,68,1
31,201,Pamplona/Iruña,3-026-B,469,0,0,469,286,0,286,2,3,16,43,46,24,63,2,3,17,1,66,0
31,201,Pamplona/Iruña,3-027-A,604,0,0,604,430,0,430,6,7,59,59,32,12,163,3,1,19,2,67,0
31,201,Pamplona/Iruña,3-027-B,643,0,0,643,387,0,387,3,2,43,56,47,24,110,2,0,32,3,63,2
31,201,Pamplona/Iruña,4-001-A,525,0,0,525,325,0,325,1,5,49,34,26,6,149,4,0,9,2,40,0
31,201,Pamplona/Iruña,4-001-B,504,0,0,504,296,0,296,2,4,32,35,19,10,147,1,0,10,0,36,0
31,201,Pamplona/Iruña,4-002-A,677,0,0,677,449,0,449,4,5,47,38,53,21,163,1,1,26,2,86,2
31,201,Pamplona/Iruña,4-002-B,716,0,0,716,463,0,463,3,7,28,53,42,14,203,2,1,18,2,90,0
31,201,Pamplona/Iruña,4-003-A,513,0,0,513,353,0,353,3,1,25,43,36,19,146,7,0,14,0,59,0
31,201,Pamplona/Iruña,4-003-B,506,0,0,506,343,0,343,3,3,32,44,15,14,149,7,1,12,0,62,1
31,201,Pamplona/Iruña,4-004-A,397,0,0,397,324,0,324,1,3,44,32,17,14,161,3,1,10,0,38,0
31,201,Pamplona/Iruña,4-004-B,428,0,0,428,325,0,325,1,3,34,34,13,23,172,3,3,12,1,26,0
31,201,Pamplona/Iruña,4-005-A,426,0,0,426,290,0,290,1,4,27,29,31,12,127,0,2,13,0,44,0
31,201,Pamplona/Iruña,4-005-B,440,0,0,440,321,0,321,3,2,29,46,22,10,136,0,1,12,0,60,0
31,201,Pamplona/Iruña,4-006-U,628,0,0,628,480,0,480,2,7,63,35,18,25,262,0,4,22,0,42,0
31,201,Pamplona/Iruña,4-007-A,641,0,0,641,514,0,514,3,6,52,83,17,19,269,3,1,8,0,53,0
31,201,Pamplona/Iruña,4-007-B,616,0,0,616,459,0,459,2,4,39,44,24,25,235,2,3,18,1,61,1
31,201,Pamplona/Iruña,4-008-A,615,0,0,615,473,0,473,0,2,45,75,39,18,202,4,0,16,1,71,0
31,201,Pamplona/Iruña,4-008-B,579,0,0,579,456,0,456,0,2,43,60,45,12,187,7,3,20,0,77,0
31,201,Pamplona/Iruña,4-009-A,393,0,0,393,260,0,260,2,2,22,37,30,9,92,3,1,18,1,43,0
31,201,Pamplona/Iruña,4-009-B,334,0,0,334,212,0,212,2,4,27,33,21,9,70,2,0,6,0,37,1
31,201,Pamplona/Iruña,4-010-A,590,0,0,590,448,0,448,5,5,42,55,52,15,193,0,0,20,0,60,1
31,201,Pamplona/Iruña,4-010-B,583,0,0,583,443,0,443,3,7,45,58,28,14,190,0,1,25,1,71,0
31,201,Pamplona/Iruña,4-011-A,474,0,0,474,301,0,301,1,10,16,40,49,5,88,3,1,16,0,72,0
31,201,Pamplona/Iruña,4-011-B,481,0,0,481,287,0,287,4,4,28,40,43,8,99,1,1,9,1,49,0
31,201,Pamplona/Iruña,4-012-A,403,0,0,403,174,0,174,3,4,15,11,34,7,27,4,0,6,0,63,0
31,201,Pamplona/Iruña,4-012-B,389,0,0,389,179,0,179,1,1,10,21,39,12,28,5,1,8,0,52,1
31,201,Pamplona/Iruña,4-013-A,531,0,0,531,266,0,266,1,5,20,26,37,11,62,4,0,13,0,87,0
31,201,Pamplona/Iruña,4-013-B,559,0,0,559,279,0,279,6,1,25,37,37,18,64,2,2,13,0,73,1
31,201,Pamplona/Iruña,4-014-A,479,0,0,479,365,0,365,2,2,23,50,40,11,156,4,2,15,1,57,2
31,201,Pamplona/Iruña,4-014-B,506,0,0,506,384,0,384,3,2,30,57,41,18,155,1,3,18,0,55,1
31,201,Pamplona/Iruña,4-015-A,451,0,0,451,325,0,325,7,1,19,48,39,12,138,2,0,13,2,43,1
31,201,Pamplona/Iruña,4-015-B,468,0,0,468,326,0,326,5,4,28,51,40,4,126,3,1,18,1,45,0
31,201,Pamplona/Iruña,4-016-U,561,0,0,561,446,0,446,9,5,53,57,40,12,193,4,1,12,1,59,0
31,201,Pamplona/Iruña,4-017-A,473,0,0,473,344,0,344,1,4,30,45,28,13,140,2,0,25,0,56,0
31,201,Pamplona/Iruña,4-017-B,444,0,0,444,332,0,332,4,6,22,50,23,11,147,6,1,11,0,50,1
31,201,Pamplona/Iruña,4-017-C,423,0,0,423,289,0,289,4,2,16,30,26,14,128,2,4,11,0,52,0
31,201,Pamplona/Iruña,4-018-A,425,0,0,425,333,0,333,6,5,37,47,17,10,139,0,0,13,0,59,0
31,201,Pamplona/Iruña,4-018-B,500,0,0,500,374,0,374,7,8,34,44,24,26,161,2,2,14,1,51,0
31,201,Pamplona/Iruña,4-018-C,423,0,0,423,313,0,313,1,4,28,33,29,12,141,1,2,22,0,40,0
31,201,Pamplona/Iruña,4-019-A,471,0,0,471,351,0,351,2,6,32,48,33,15,134,2,1,14,0,64,0
31,201,Pamplona/Iruña,4-019-B,445,0,0,445,327,0,327,2,4,32,53,26,12,137,1,1,13,0,46,0
31,201,Pamplona/Iruña,4-020-A,348,0,0,348,246,0,246,0,2,30,24,32,10,78,1,2,7,0,59,1
31,201,Pamplona/Iruña,4-020-B,374,0,0,374,276,0,276,1,5,21,33,27,14,114,2,0,8,0,50,1
31,201,Pamplona/Iruña,4-021-A,526,0,0,526,381,0,381,1,4,18,66,53,12,112,2,5,22,2,84,0
31,201,Pamplona/Iruña,4-021-B,550,0,0,550,389,0,389,1,6,24,68,63,9,99,1,1,29,2,83,3
31,201,Pamplona/Iruña,4-021-C,504,0,0,504,364,0,364,4,2,20,56,60,18,115,2,0,17,0,69,1
31,201,Pamplona/Iruña,4-022-A,362,0,0,362,271,0,271,2,2,16,48,31,14,97,0,4,17,0,39,1
31,201,Pamplona/Iruña,4-022-B,334,0,0,334,234,0,234,3,4,17,27,19,17,83,2,1,14,0,47,0
31,201,Pamplona/Iruña,4-024-A,586,0,0,586,480,0,480,2,3,40,50,30,26,257,3,5,10,2,50,2
31,201,Pamplona/Iruña,4-024-B,515,0,0,515,420,0,420,1,5,32,53,20,18,231,3,1,9,0,47,0
31,201,Pamplona/Iruña,4-025-A,497,0,0,497,362,0,362,4,3,20,62,70,16,93,1,2,26,3,61,1
31,201,Pamplona/Iruña,4-025-B,532,0,0,532,370,0,370,3,6,26,56,62,11,90,5,3,18,1,87,2
31,201,Pamplona/Iruña,4-025-C,518,0,0,518,355,0,355,4,1,32,54,51,26,84,1,3,9,1,89,0
31,201,Pamplona/Iruña,4-026-A,601,0,0,601,455,0,455,2,3,60,39,31,17,199,7,0,16,1,80,0
31,201,Pamplona/Iruña,4-026-B,664,0,0,664,435,0,435,5,5,29,76,41,26,131,5,2,28,3,83,1
31,201,Pamplona/Iruña,4-026-C,583,0,0,583,367,0,367,8,8,24,48,31,11,102,1,0,24,2,108,0
31,201,Pamplona/Iruña,5-001-U,716,0,0,716,448,0,448,3,6,102,41,27,63,136,0,3,16,1,49,1
31,201,Pamplona/Iruña,5-002-U,748,0,0,748,427,0,427,8,5,25,76,80,5,101,5,1,29,1,90,1
31,201,Pamplona/Iruña,5-003-U,617,0,0,617,376,0,376,1,7,27,53,58,28,81,4,1,37,1,78,0
31,201,Pamplona/Iruña,5-004-A,439,0,0,439,259,0,259,1,3,15,35,63,10,48,5,1,16,1,60,1
31,201,Pamplona/Iruña,5-004-B,475,0,0,475,291,0,291,2,2,15,31,71,12,59,8,2,25,1,62,1
31,201,Pamplona/Iruña,5-005-U,753,0,0,753,376,0,376,1,7,27,53,58,28,81,4,1,37,1,78,0
31,201,Pamplona/Iruña,5-006-A,498,0,0,498,270,0,270,4,3,20,33,67,13,52,4,0,16,0,57,1
31,201,Pamplona/Iruña,5-006-B,470,0,0,470,217,0,217,5,3,15,23,34,11,45,6,1,14,1,59,0
31,201,Pamplona/Iruña,5-007-A,882,0,0,882,528,0,528,4,9,26,88,110,25,120,3,1,33,2,106,1
31,201,Pamplona/Iruña,5-007-B,806,0,0,806,460,0,460,4,9,30,63,78,17,115,7,6,28,1,100,2
31,201,Pamplona/Iruña,5-008-U,460,0,0,460,296,0,296,3,2,51,15,30,16,134,3,3,9,1,28,1
31,201,Pamplona/Iruña,5-009-A,524,0,0,524,344,0,344,2,4,38,42,62,16,112,4,2,18,1,43,0
31,201,Pamplona/Iruña,5-009-B,398,0,0,398,242,0,242,4,2,24,43,35,8,65,1,4,13,1,40,2
31,201,Pamplona/Iruña,5-010-U,708,0,0,708,435,0,435,3,6,25,76,67,13,99,4,4,32,2,104,0
31,201,Pamplona/Iruña,5-011-A,559,0,0,559,334,0,334,2,2,26,47,35,11,100,0,1,24,0,86,0
31,201,Pamplona/Iruña,5-011-B,523,0,0,523,325,0,325,0,7,20,34,38,22,102,0,1,19,1,81,0
31,201,Pamplona/Iruña,5-012-A,441,0,0,441,217,0,217,1,3,12,32,45,4,44,0,0,16,0,60,0
31,201,Pamplona/Iruña,5-012-B,413,0,0,413,221,0,221,2,0,18,33,39,11,55,3,1,14,0,44,1
31,201,Pamplona/Iruña,5-013-U,1146,0,0,1146,796,0,796,8,12,58,96,76,42,313,8,7,45,3,128,0
31,201,Pamplona/Iruña,5-014-U,725,0,0,725,450,0,450,4,16,23,65,31,19,151,3,2,32,1,102,1
31,201,Pamplona/Iruña,5-015-A,856,0,0,856,655,0,655,1,10,70,85,49,25,252,6,4,41,0,110,2
31,201,Pamplona/Iruña,5-015-B,840,0,0,840,641,0,641,2,12,62,86,38,25,253,2,5,41,0,113,2
31,201,Pamplona/Iruña,5-016-U,697,0,0,697,506,0,506,3,6,47,72,39,19,176,4,5,34,2,99,0
31,201,Pamplona/Iruña,5-017-U,939,0,0,939,701,0,701,4,11,58,81,67,29,276,9,3,44,1,115,3
31,201,Pamplona/Iruña,6-001-A,564,0,0,564,335,0,335,5,3,12,47,102,16,74,6,0,19,1,50,0
31,201,Pamplona/Iruña,6-001-B,581,0,0,581,348,0,348,3,2,13,26,163,9,69,2,3,19,1,38,0
31,201,Pamplona/Iruña,6-002-A,723,0,0,723,430,0,430,3,0,23,66,111,6,56,3,3,35,1,121,2
31,201,Pamplona/Iruña,6-002-B,683,0,0,683,419,0,419,9,6,22,67,95,16,70,4,0,27,1,101,1
31,201,Pamplona/Iruña,6-003-A,468,0,0,468,297,0,297,3,1,8,45,140,6,24,0,0,21,1,46,2
31,201,Pamplona/Iruña,6-003-B,399,1,0,400,262,0,262,0,7,2,37,107,2,25,2,1,22,3,54,0
31,201,Pamplona/Iruña,6-004-A,336,0,0,336,226,0,226,2,2,8,37,87,4,22,2,2,11,2,47,0
31,201,Pamplona/Iruña,6-004-B,414,0,0,414,271,0,271,2,3,5,44,129,3,25,0,1,14,1,44,0
31,201,Pamplona/Iruña,6-005-A,368,0,0,368,228,0,228,0,3,11,44,66,6,39,0,0,14,0,44,1
31,201,Pamplona/Iruña,6-005-B,401,0,0,401,259,0,259,6,1,16,36,59,12,46,1,2,14,1,65,0
31,201,Pamplona/Iruña,6-006-A,435,0,0,435,301,0,301,5,2,14,50,127,2,43,3,1,23,2,29,0
31,201,Pamplona/Iruña,6-006-B,431,0,0,431,314,0,314,3,2,6,54,145,4,31,3,0,22,2,42,0
31,201,Pamplona/Iruña,6-007-A,750,0,0,750,553,0,553,8,7,16,94,197,11,78,4,1,48,2,87,0
31,201,Pamplona/Iruña,6-007-B,775,2,0,777,563,0,563,7,10,12,92,195,15,80,3,1,37,5,105,1
31,201,Pamplona/Iruña,6-009-U,653,0,0,653,394,0,394,0,3,13,50,152,6,52,3,1,29,1,84,0
31,201,Pamplona/Iruña,6-010-A,503,0,0,503,332,0,332,2,5,10,57,100,9,54,2,2,24,0,67,0
31,201,Pamplona/Iruña,6-010-B,426,0,0,426,302,0,302,6,6,16,43,70,14,66,1,0,12,1,67,0
31,201,Pamplona/Iruña,6-011-U,622,0,0,622,340,0,340,5,0,5,55,95,3,67,1,0,32,1,76,0
31,201,Pamplona/Iruña,6-012-A,572,0,0,572,420,0,420,4,4,13,77,123,5,67,5,0,32,4,84,2
31,201,Pamplona/Iruña,6-012-B,601,0,0,601,440,0,440,2,8,18,74,136,7,63,1,1,32,2,96,0
31,201,Pamplona/Iruña,6-013-A,413,0,0,413,243,0,243,3,2,13,27,57,9,51,1,0,11,0,68,1
31,201,Pamplona/Iruña,6-013-B,384,0,0,384,224,0,224,2,1,8,31,49,8,50,0,2,16,0,56,1
31,201,Pamplona/Iruña,6-014-U,699,0,0,699,426,0,426,3,4,13,73,131,10,63,0,3,23,1,100,2
31,201,Pamplona/Iruña,6-015-A,550,0,0,550,364,0,364,3,5,20,60,69,28,81,2,1,26,1,68,0
31,201,Pamplona/Iruña,6-015-B,509,0,0,509,341,0,341,1,7,19,37,70,12,87,1,1,14,3,88,1
31,201,Pamplona/Iruña,6-016-A,644,0,0,644,418,0,418,2,4,27,65,108,11,88,4,5,31,2,71,0
31,201,Pamplona/Iruña,6-016-B,674,0,0,674,448,0,448,8,8,20,79,93,18,83,7,1,36,3,92,0
31,201,Pamplona/Iruña,6-016-C,592,0,0,592,365,0,365,2,5,21,64,82,19,65,2,1,29,2,73,0
31,201,Pamplona/Iruña,7-001-A,478,0,0,478,251,0,251,3,3,9,42,51,9,36,3,0,25,1,69,0
31,201,Pamplona/Iruña,7-001-B,505,0,0,505,275,0,275,4,7,11,33,64,12,45,1,2,19,1,76,0
31,201,Pamplona/Iruña,7-002-A,512,0,0,512,295,0,295,3,8,7,46,69,6,49,1,2,20,0,84,0
31,201,Pamplona/Iruña,7-002-B,505,0,0,505,273,0,273,2,9,12,39,57,10,39,2,0,23,0,80,0
31,201,Pamplona/Iruña,7-002-C,547,0,0,547,278,0,278,1,1,14,48,53,10,45,5,1,28,1,71,0
31,201,Pamplona/Iruña,7-003-A,603,0,0,603,339,0,339,3,4,23,49,84,9,61,0,4,36,1,62,3
31,201,Pamplona/Iruña,7-003-B,612,0,0,612,351,0,351,2,4,10,40,99,17,43,0,1,33,1,100,1
31,201,Pamplona/Iruña,7-004-A,394,0,0,394,210,0,210,2,5,10,19,55,6,45,0,0,17,0,49,2
31,201,Pamplona/Iruña,7-004-B,407,0,0,407,235,0,235,3,4,10,24,54,8,49,0,1,14,1,65,2
31,201,Pamplona/Iruña,7-005-A,609,0,0,609,419,0,419,1,7,23,70,134,6,81,1,4,28,2,62,0
31,201,Pamplona/Iruña,7-005-B,673,0,0,673,466,0,466,4,8,27,89,126,5,80,1,6,47,3,69,1
31,201,Pamplona/Iruña,7-005-C,622,0,0,622,425,0,425,4,7,11,76,96,12,81,3,3,33,2,97,0
31,201,Pamplona/Iruña,7-006-A,569,0,0,569,330,0,330,3,1,19,43,91,14,48,3,1,27,2,78,0
31,201,Pamplona/Iruña,7-006-B,569,0,0,569,366,0,366,3,7,15,44,93,17,55,2,0,26,3,100,1
31,201,Pamplona/Iruña,7-007-A,456,0,0,456,244,0,244,4,2,9,34,75,3,22,1,0,16,1,77,0
31,201,Pamplona/Iruña,7-007-B,460,0,0,460,311,0,311,2,4,12,49,93,14,31,1,2,26,1,76,0
31,201,Pamplona/Iruña,7-008-A,582,0,0,582,361,0,361,5,5,17,58,105,2,66,1,2,25,1,74,0
31,201,Pamplona/Iruña,7-008-B,626,0,0,626,378,0,378,7,2,13,73,101,3,60,1,1,25,0,92,0
31,201,Pamplona/Iruña,7-009-A,564,0,0,564,319,0,319,4,6,24,45,52,9,79,3,2,32,1,62,0
31,201,Pamplona/Iruña,7-009-B,457,0,0,457,259,0,259,6,4,14,35,53,9,58,1,2,19,2,55,1
31,201,Pamplona/Iruña,7-010-A,785,0,0,785,414,0,414,6,14,20,52,105,15,50,3,0,51,2,95,1
31,201,Pamplona/Iruña,7-010-B,811,0,0,811,405,0,405,1,2,22,51,90,18,72,2,1,42,3,101,0
31,201,Pamplona/Iruña,7-011-A,475,0,0,475,277,0,277,4,4,24,29,49,6,48,2,0,30,2,78,1
31,201,Pamplona/Iruña,7-011-B,510,0,0,510,303,0,303,1,4,20,32,50,14,71,3,1,14,1,91,1
31,201,Pamplona/Iruña,7-011-C,527,0,0,527,318,0,318,2,2,20,41,56,10,70,1,2,16,0,98,0
31,201,Pamplona/Iruña,7-012-A,565,0,0,565,355,0,355,8,8,19,50,92,6,64,1,0,18,2,86,1
31,201,Pamplona/Iruña,7-012-B,575,0,0,575,346,0,346,4,4,18,44,75,7,70,4,1,22,1,95,1
31,201,Pamplona/Iruña,7-013-A,411,0,0,411,289,0,289,6,4,15,26,58,7,73,0,0,23,2,73,2
31,201,Pamplona/Iruña,7-013-B,381,0,0,381,242,0,242,2,1,14,30,46,6,54,1,1,22,1,63,1
31,201,Pamplona/Iruña,7-014-A,545,0,0,545,316,0,316,0,7,25,34,49,3,61,0,2,24,0,110,1
31,201,Pamplona/Iruña,7-014-B,542,0,0,542,301,0,301,3,3,26,35,54,16,57,1,1,19,2,83,1
31,201,Pamplona/Iruña,7-015-A,565,0,0,565,402,0,402,3,5,20,72,87,9,74,6,2,28,1,94,1
31,201,Pamplona/Iruña,7-015-B,629,0,0,629,403,0,403,3,6,25,70,64,12,77,3,1,38,1,103,0
31,201,Pamplona/Iruña,7-016-U,699,0,0,699,418,0,418,4,8,23,49,78,12,77,3,0,32,4,127,1
31,201,Pamplona/Iruña,7-017-U,512,0,0,512,327,0,327,3,1,23,44,60,4,66,1,0,11,0,114,0
31,201,Pamplona/Iruña,7-018-A,562,0,0,562,367,0,367,6,2,18,65,94,7,53,1,0,30,0,91,0
31,201,Pamplona/Iruña,7-018-B,508,0,0,508,316,0,316,6,2,17,53,87,3,47,4,2,25,2,68,0
31,201,Pamplona/Iruña,7-019-A,693,0,0,693,452,0,452,2,4,22,60,120,8,76,6,2,43,1,108,0
31,201,Pamplona/Iruña,7-019-B,771,0,0,771,458,0,458,3,4,15,68,112,13,90,1,0,41,1,110,0
31,201,Pamplona/Iruña,7-020-A,854,0,0,854,531,0,531,7,8,30,77,98,26,91,11,2,37,3,140,1
31,201,Pamplona/Iruña,7-020-B,901,0,0,901,562,0,562,7,10,27,68,119,21,113,5,2,34,2,154,0
31,201,Pamplona/Iruña,7-021-A,527,0,0,527,316,0,316,2,4,10,48,90,16,43,2,0,26,1,74,0
31,201,Pamplona/Iruña,7-021-B,570,0,0,570,342,0,342,3,2,10,70,85,10,56,4,3,31,3,62,3
31,201,Pamplona/Iruña,7-022-A,723,0,0,723,507,0,507,1,5,27,91,116,16,114,3,1,55,0,77,1
31,201,Pamplona/Iruña,7-022-B,710,0,0,710,481,0,481,5,10,15,88,103,15,104,3,3,43,3,89,0
31,201,Pamplona/Iruña,7-023-A,540,0,0,540,289,0,289,2,3,13,54,57,18,48,1,3,21,1,68,0
31,201,Pamplona/Iruña,7-023-B,560,0,0,560,323,0,323,3,6,14,50,55,14,62,4,2,33,0,78,2
31,201,Pamplona/Iruña,7-023-C,533,0,0,533,303,0,303,3,5,17,46,65,19,50,1,1,21,1,74,0
31,201,Pamplona/Iruña,7-024-A,489,0,0,489,306,0,306,1,5,19,51,55,25,55,3,4,24,1,63,0
31,201,Pamplona/Iruña,7-024-B,564,0,0,564,354,0,354,3,3,16,49,75,15,69,2,3,40,3,75,1
31,201,Pamplona/Iruña,7-024-C,466,0,0,466,269,0,269,1,7,18,35,51,18,58,2,1,20,1,57,0
31,201,Pamplona/Iruña,7-025-A,546,0,0,546,392,0,392,5,6,16,73,118,4,51,1,4,34,2,76,2
31,201,Pamplona/Iruña,7-025-B,512,0,0,512,378,0,378,4,6,8,95,101,6,48,1,1,26,0,80,2
31,201,Pamplona/Iruña,7-026-A,566,0,0,566,381,0,381,4,3,17,85,98,9,61,4,0,27,1,71,1
31,201,Pamplona/Iruña,7-026-B,542,0,0,542,342,0,342,7,3,15,72,95,14,53,0,2,23,1,57,0
31,201,Pamplona/Iruña,7-027-A,498,0,0,498,283,0,283,1,4,18,42,57,11,66,3,1,30,1,48,1
31,201,Pamplona/Iruña,7-027-B,561,0,0,561,308,0,308,3,1,21,43,73,23,61,4,1,18,0,60,0
31,201,Pamplona/Iruña,8-001-A,510,0,0,510,312,0,312,5,7,10,59,77,9,47,4,0,20,0,74,0
31,201,Pamplona/Iruña,8-001-B,580,0,0,580,377,0,377,6,5,11,60,81,12,67,3,0,32,3,97,0
31,201,Pamplona/Iruña,8-002-A,560,0,0,560,387,0,387,5,6,15,73,91,14,65,1,0,36,0,80,1
31,201,Pamplona/Iruña,8-002-B,501,0,0,501,347,0,347,8,4,16,66,81,20,55,3,1,33,0,60,0
31,201,Pamplona/Iruña,8-003-A,521,0,0,521,352,0,352,3,1,11,53,85,7,68,5,1,42,2,74,0
31,201,Pamplona/Iruña,8-003-B,575,0,0,575,360,0,360,0,6,24,55,72,11,65,4,1,43,0,79,0
31,201,Pamplona/Iruña,8-004-A,671,0,0,671,434,0,434,3,6,27,53,125,15,71,0,3,50,4,77,0
31,201,Pamplona/Iruña,8-004-B,612,0,0,612,417,0,417,2,7,18,71,92,11,70,6,1,43,3,93,0
31,201,Pamplona/Iruña,8-005-A,519,2,0,521,383,0,383,8,7,14,69,67,10,72,3,6,52,2,73,0
31,201,Pamplona/Iruña,8-005-B,514,0,0,514,350,0,350,4,3,7,61,60,13,64,0,6,44,1,87,0
31,201,Pamplona/Iruña,8-006-A,543,0,0,543,353,0,353,8,5,23,53,53,21,96,1,4,26,2,60,1
31,201,Pamplona/Iruña,8-006-B,562,0,0,562,328,0,328,3,6,29,46,54,19,86,2,1,25,1,54,2
31,201,Pamplona/Iruña,8-007-U,983,0,0,983,662,0,662,12,10,48,93,75,17,195,4,3,71,6,126,2
31,201,Pamplona/Iruña,8-008-A,557,0,0,557,400,0,400,15,16,21,50,68,22,104,8,1,30,2,62,1
31,201,Pamplona/Iruña,8-008-B,441,0,0,441,319,0,319,11,6,14,39,57,14,89,4,1,27,0,57,0
31,201,Pamplona/Iruña,8-009-A,529,0,0,529,377,0,377,4,9,20,61,75,15,75,2,3,30,1,81,1
31,201,Pamplona/Iruña,8-009-B,502,0,0,502,353,0,353,5,3,20,60,69,9,78,4,1,28,0,75,1
31,201,Pamplona/Iruña,8-010-A,551,0,0,551,389,0,389,6,2,11,93,93,12,54,4,1,38,2,73,0
31,201,Pamplona/Iruña,8-010-B,463,0,0,463,319,0,319,3,3,8,59,87,13,52,4,3,28,1,58,0
31,202,Peralta/Azkoien,1-001-A,372,0,0,372,241,0,241,5,9,19,13,7,9,125,0,0,7,0,44,3
31,202,Peralta/Azkoien,1-001-B,379,0,0,379,239,1,240,6,5,22,6,11,11,114,1,2,9,0,52,1
31,202,Peralta/Azkoien,1-002-A,711,0,0,711,470,0,470,11,17,25,25,40,15,161,1,1,51,0,123,0
31,202,Peralta/Azkoien,1-002-B,647,0,0,647,469,0,469,8,7,33,32,44,12,169,0,1,32,3,128,0
31,202,Peralta/Azkoien,2-001-A,429,0,0,429,325,0,325,4,5,28,26,17,23,135,1,0,15,0,70,1
31,202,Peralta/Azkoien,2-001-B,634,0,0,634,448,0,448,7,9,29,28,11,19,225,4,0,30,0,86,0
31,202,Peralta/Azkoien,2-001-C,627,0,0,627,463,0,463,9,8,34,23,10,27,212,0,2,27,1,109,1
31,202,Peralta/Azkoien,2-001-D,567,0,0,567,363,0,363,9,11,31,16,14,19,139,3,4,25,3,89,0
31,203,Petilla de Aragón,1-001-U,27,0,0,27,21,0,21,0,1,0,1,2,3,8,0,0,1,0,4,1
31,204,Piedramillera,1-001-U,39,0,0,39,35,0,35,0,2,5,3,7,1,12,0,0,2,0,3,0
31,205,Pitillas,1-001-U,424,0,0,424,314,0,314,9,7,24,18,33,9,78,2,0,17,2,113,2
31,206,Puente la Reina/Gares,1-001-A,467,0,0,467,334,0,334,8,10,13,60,85,5,88,1,1,13,1,49,0
31,206,Puente la Reina/Gares,1-001-B,505,0,0,505,337,0,337,7,12,9,53,98,6,85,3,1,11,1,51,0
31,206,Puente la Reina/Gares,1-002-A,575,0,0,575,393,0,393,8,11,14,71,92,15,116,1,1,16,1,47,0
31,206,Puente la Reina/Gares,1-002-B,576,0,0,576,401,0,401,7,8,17,56,93,13,116,6,0,21,3,61,0
31,207,Pueyo / Puiu,1-001-U,285,0,0,285,179,0,179,3,2,11,37,63,6,33,0,1,9,0,10,4
31,208,Ribaforada,1-001-A,489,0,0,489,390,0,390,1,4,73,18,6,22,47,0,0,27,0,192,0
31,208,Ribaforada,1-001-B,439,0,0,439,342,0,342,4,5,68,18,5,12,40,2,1,25,0,161,1
31,208,Ribaforada,2-001-A,522,0,0,522,397,0,397,3,4,53,30,6,11,43,0,1,25,0,221,0
31,208,Ribaforada,2-001-B,537,0,0,537,416,0,416,7,5,56,19,10,10,29,1,0,16,1,262,0
31,208,Ribaforada,2-001-C,589,0,0,589,474,0,474,9,1,69,18,8,10,63,0,0,22,0,272,2
31,209,Romanzado / Erromantzatua,1-001-U,155,0,0,155,91,0,91,2,5,4,18,27,2,14,5,0,2,4,8,0
31,210,Roncal/Erronkari,1-001-U,183,0,0,183,122,0,122,1,1,1,21,37,2,26,0,0,6,1,26,0
31,212,Sada,1-001-U,126,0,0,126,85,0,85,0,2,5,4,5,3,44,0,0,4,1,17,0
31,213,Saldías,1-001-U,102,0,0,102,69,0,69,0,4,1,17,36,0,2,1,0,1,1,6,0
31,214,Salinas de Oro/Jaitz,1-001-U,88,0,0,88,59,0,59,2,1,3,13,17,1,8,0,0,1,0,13,0
31,215,San Adrián,1-001-A,555,0,0,555,383,0,383,4,10,30,9,7,30,139,1,1,6,0,146,0
31,215,San Adrián,1-001-B,489,0,0,489,342,0,342,5,6,34,7,8,28,128,0,1,10,1,111,3
31,215,San Adrián,1-002-A,564,0,0,564,422,0,422,9,5,67,6,10,25,145,0,2,9,1,142,1
31,215,San Adrián,1-002-B,474,0,0,474,349,0,349,4,3,49,6,5,32,127,1,0,9,1,112,0
31,215,San Adrián,1-002-C,548,0,0,548,393,0,393,6,1,56,3,4,32,122,1,1,12,0,154,1
31,215,San Adrián,2-001-A,621,0,0,621,441,0,441,8,3,54,6,20,32,141,1,0,14,0,162,0
31,215,San Adrián,2-001-B,528,0,0,528,369,0,369,3,4,59,4,6,24,139,1,0,10,0,119,0
31,215,San Adrián,2-002-A,470,0,0,470,347,0,347,4,6,34,6,10,30,119,4,1,7,0,125,1
31,215,San Adrián,2-002-B,404,0,0,404,296,0,296,7,6,45,6,11,16,100,0,0,10,0,95,0
31,217,San Martín de Unx,1-001-U,314,0,0,314,215,0,215,3,3,16,30,40,9,63,0,0,9,2,39,1
31,216,Sangüesa/Zangoza,1-001-A,709,0,0,709,466,0,466,10,21,38,62,78,12,118,0,1,27,4,93,2
31,216,Sangüesa/Zangoza,1-001-B,747,0,0,747,492,0,492,11,15,30,87,64,16,149,2,1,26,0,88,3
31,216,Sangüesa/Zangoza,2-001-A,389,0,0,389,272,0,272,12,9,12,34,67,5,73,2,0,19,1,37,1
31,216,Sangüesa/Zangoza,2-001-B,388,0,0,388,295,0,295,6,5,18,48,56,8,78,1,1,27,0,46,1
31,216,Sangüesa/Zangoza,2-002-A,490,0,0,490,287,0,287,5,6,14,39,51,5,78,2,0,18,0,68,1
31,216,Sangüesa/Zangoza,2-002-B,607,0,0,607,390,0,390,11,7,22,48,69,15,105,3,1,19,0,90,0
31,216,Sangüesa/Zangoza,2-002-C,523,0,0,523,333,0,333,9,10,17,40,44,22,98,0,2,16,3,72,0
31,219,Sansol,1-001-U,76,0,0,76,63,0,63,0,2,3,3,12,5,15,0,2,2,0,19,0
31,220,Santacara,1-001-U,742,0,0,742,539,0,539,11,9,35,21,22,28,226,1,3,23,2,157,1
31,222,Sarriés/Sartze,1-001-U,55,0,0,55,31,0,31,1,2,0,7,8,0,1,1,0,1,0,10,0
31,223,Sartaguda,1-001-A,402,0,0,402,297,0,297,5,4,19,9,68,10,86,1,0,7,1,86,1
31,223,Sartaguda,1-001-B,523,0,0,523,425,0,425,9,7,22,16,112,13,89,0,1,8,0,148,0
31,224,Sesma,1-001-A,431,0,0,431,329,0,329,2,8,17,12,17,7,126,0,1,6,0,133,0
31,224,Sesma,1-001-B,429,0,0,429,343,0,343,5,11,16,17,15,11,129,0,0,14,0,125,0
31,225,Sorlada,1-001-U,29,0,0,29,20,0,20,1,1,0,3,1,0,9,0,0,1,0,4,0
31,226,Sunbilla,1-001-U,575,0,0,575,355,0,355,2,4,8,104,180,5,14,0,0,6,1,31,0
31,227,Tafalla,1-001-U,676,0,0,676,466,1,467,5,8,16,62,102,17,127,1,1,31,1,95,1
31,227,Tafalla,1-002-A,533,0,0,533,395,1,396,7,4,14,62,89,5,116,1,1,22,1,73,1
31,227,Tafalla,1-002-B,624,0,0,624,443,1,444,8,6,14,63,91,8,129,2,0,38,1,83,1
31,227,Tafalla,1-002-C,522,0,0,522,374,1,375,4,5,10,31,68,12,119,0,2,30,1,92,1
31,227,Tafalla,1-003-A,437,0,0,437,272,1,273,9,5,13,41,52,6,51,0,0,22,1,71,2
31,227,Tafalla,1-003-B,487,0,0,487,305,0,305,9,3,10,41,72,5,54,1,1,32,0,76,1
31,227,Tafalla,1-003-C,471,0,0,471,294,1,295,6,6,13,33,50,6,75,2,0,25,0,77,2
31,227,Tafalla,2-001-A,490,0,0,490,356,1,357,9,4,5,51,97,10,75,1,1,17,0,86,1
31,227,Tafalla,2-001-B,526,0,0,526,384,1,385,6,6,12,40,111,7,69,1,0,31,1,101,0
31,227,Tafalla,2-001-C,460,0,0,460,325,1,326,6,15,10,34,73,5,85,2,0,25,0,71,0
31,227,Tafalla,2-002-A,557,0,0,557,363,1,364,7,8,8,56,129,5,49,4,0,26,0,70,2
31,227,Tafalla,2-002-B,632,0,0,632,395,0,395,3,7,6,35,147,9,67,3,0,33,4,81,0
31,227,Tafalla,2-003-A,460,0,0,460,278,1,279,2,3,9,35,68,8,47,1,0,26,1,79,0
31,227,Tafalla,2-003-B,394,0,0,394,250,2,252,4,2,9,28,79,4,38,0,0,19,0,69,0
31,227,Tafalla,2-004-U,747,0,0,747,528,1,529,13,7,21,74,129,11,98,1,0,52,2,121,0
31,228,Tiebas-Muruarte de Reta,1-001-U,515,0,0,515,352,0,352,3,7,14,47,45,20,82,10,1,24,5,87,7
31,229,Tirapu,1-001-U,48,0,0,48,34,0,34,0,1,4,4,10,1,6,0,0,5,0,3,0
31,230,Torralba del Río,1-001-U,91,0,0,91,80,0,80,1,1,7,23,5,2,23,0,2,1,1,14,0
31,231,Torres del Río,1-001-U,98,0,0,98,68,0,68,2,2,4,2,4,3,31,0,0,1,0,18,1
31,232,Tudela,1-001-A,595,0,0,595,364,0,364,3,10,30,18,26,35,110,0,4,48,0,80,0
31,232,Tudela,1-001-B,690,0,0,690,419,0,419,11,5,44,19,29,29,125,0,4,49,0,102,2
31,232,Tudela,1-002-A,431,2,0,433,279,0,279,0,1,28,12,14,17,104,0,4,48,1,49,1
31,232,Tudela,1-002-B,468,0,0,468,332,0,332,5,4,30,19,34,28,117,1,2,41,0,49,2
31,232,Tudela,2-001-A,445,1,0,446,274,0,274,2,4,26,14,11,19,83,1,0,51,0,63,0
31,232,Tudela,2-001-B,450,0,0,450,290,0,290,6,5,27,9,23,21,94,0,3,30,0,71,1
31,232,Tudela,2-001-C,311,0,0,311,214,0,214,2,1,31,7,18,22,79,2,5,17,0,30,0
31,232,Tudela,2-002-A,859,0,0,859,592,0,592,7,9,66,25,32,39,230,1,2,59,0,121,1
31,232,Tudela,2-002-B,897,0,0,897,606,0,606,3,7,62,26,26,43,253,1,11,48,3,123,0
31,232,Tudela,2-003-A,410,0,0,410,297,0,297,4,4,65,12,13,18,120,0,7,13,0,41,0
31,232,Tudela,2-003-B,481,0,0,481,349,0,349,5,7,57,10,2,22,166,1,2,25,0,52,0
31,232,Tudela,2-004-A,766,0,0,766,508,0,508,12,16,54,17,25,34,184,0,4,49,0,113,0
31,232,Tudela,2-004-B,815,0,0,815,561,0,561,6,9,57,19,17,35,223,2,5,67,0,121,0
31,232,Tudela,2-004-C,817,0,0,817,563,0,563,12,14,46,14,27,37,224,2,6,69,1,111,0
31,232,Tudela,2-005-U,698,0,0,698,483,0,483,4,3,64,13,18,32,216,1,4,28,0,100,0
31,232,Tudela,2-006-A,485,0,0,485,370,0,370,4,8,30,13,8,31,144,3,9,37,3,80,0
31,232,Tudela,2-006-B,521,0,0,521,390,0,390,5,7,32,18,13,35,140,1,3,39,1,96,0
31,232,Tudela,3-001-A,550,0,0,550,388,0,388,2,5,40,12,4,38,179,1,4,27,1,75,0
31,232,Tudela,3-001-B,655,0,0,655,446,0,446,6,7,58,12,17,42,178,2,10,25,0,87,2
31,232,Tudela,3-002-A,413,0,0,413,280,0,280,4,3,31,6,5,13,111,0,5,14,0,88,0
31,232,Tudela,3-002-B,394,0,0,394,262,0,262,7,2,26,10,2,22,99,0,3,17,0,74,0
31,232,Tudela,3-003-A,502,0,0,502,373,0,373,1,2,24,5,11,15,161,0,3,90,0,61,0
31,232,Tudela,3-003-B,561,0,0,561,381,0,381,5,5,42,11,8,22,145,4,4,26,0,109,0
31,232,Tudela,3-004-A,444,0,0,444,300,0,300,4,6,40,8,6,30,128,0,4,17,0,57,0
31,232,Tudela,3-004-B,573,0,0,573,409,0,409,3,7,64,11,11,22,174,3,3,33,0,78,0
31,232,Tudela,3-004-C,450,0,0,450,309,0,309,2,6,49,5,8,26,127,0,6,17,2,61,0
31,232,Tudela,3-005-A,667,0,0,667,442,0,442,8,7,31,15,17,41,190,4,0,46,0,82,1
31,232,Tudela,3-005-B,742,0,0,742,493,0,493,10,7,49,4,16,45,197,3,2,41,0,118,1
31,232,Tudela,3-005-C,689,0,0,689,454,0,454,15,12,45,17,13,40,150,1,3,48,0,109,1
31,232,Tudela,3-006-U,697,0,0,697,440,0,440,11,7,31,12,13,30,168,1,2,29,1,132,3
31,232,Tudela,3-007-A,658,0,0,658,489,0,489,7,9,65,20,18,51,196,1,11,28,0,83,0
31,232,Tudela,3-007-B,674,0,0,674,500,0,500,10,7,66,16,11,44,199,4,14,34,0,95,0
31,232,Tudela,4-001-U,659,0,0,659,414,0,414,2,3,50,19,26,17,149,1,5,32,0,110,0
31,232,Tudela,4-002-A,570,0,0,570,313,0,313,6,4,27,10,12,20,111,1,0,36,1,85,0
31,232,Tudela,4-002-B,582,0,0,582,346,0,346,6,2,25,16,7,13,104,1,1,43,0,128,0
31,232,Tudela,4-003-A,585,0,0,585,394,0,394,5,6,40,11,21,35,121,0,7,45,2,100,1
31,232,Tudela,4-003-B,525,0,0,525,354,0,354,2,4,38,11,15,27,130,0,0,37,0,90,0
31,232,Tudela,4-004-A,597,0,0,597,393,0,393,5,12,20,20,12,36,145,2,3,38,0,98,2
31,232,Tudela,4-004-B,763,0,0,763,489,0,489,17,9,28,21,17,31,147,4,3,74,4,134,0
31,232,Tudela,4-005-A,471,0,0,471,316,0,316,0,8,46,7,6,24,130,0,4,24,0,67,0
31,232,Tudela,4-005-B,488,0,0,488,324,0,324,1,1,37,7,12,23,134,0,6,21,0,82,0
31,232,Tudela,4-006-A,788,0,0,788,536,0,536,8,19,61,22,18,44,172,1,1,65,0,124,1
31,232,Tudela,4-006-B,772,0,0,772,555,0,555,17,10,43,16,29,47,189,1,2,83,5,112,1
31,233,Tulebras,1-001-U,102,0,0,102,77,0,77,1,3,16,1,0,13,22,0,0,1,1,19,0
31,234,Ucar,1-001-U,153,0,0,153,98,0,98,0,2,5,8,9,10,44,0,1,3,0,16,0
31,123,Uharte Arakil,1-001-U,617,0,0,617,375,0,375,5,8,23,86,150,3,44,0,0,17,0,38,1
31,235,Ujué/Uxue,1-001-U,152,0,0,152,109,0,109,6,0,3,27,28,2,23,0,0,2,0,17,1
31,236,Ultzama,1-001-A,667,0,0,667,370,0,370,3,7,14,89,100,6,106,0,1,14,2,28,0
31,236,Ultzama,1-001-B,641,0,0,641,407,0,407,7,6,12,100,135,17,85,1,0,19,4,21,0
31,237,Unciti,1-001-U,194,0,0,194,144,0,144,3,2,3,22,20,3,56,0,0,7,1,27,0
31,238,Unzué/Untzue,1-001-U,125,0,0,125,102,0,102,0,1,4,12,35,2,19,0,0,8,1,20,0
31,239,Urdazubi/Urdax,1-001-U,291,0,0,291,233,0,233,2,9,21,55,56,14,41,0,1,4,1,29,0
31,240,Urdiain,1-001-U,510,0,0,510,291,0,291,4,4,4,77,161,0,19,0,0,10,1,11,0
31,241,Urraul Alto,1-001-U,127,0,0,127,104,0,104,1,2,14,15,14,3,32,0,1,7,0,15,0
31,242,Urraul Bajo,1-001-U,283,1,0,284,183,0,183,3,3,6,30,43,3,55,0,0,18,1,20,1
31,244,Urroz,1-001-U,145,0,0,145,66,0,66,0,1,2,26,13,5,12,0,0,0,1,6,0
31,243,Urroz-Villa,1-001-U,310,0,0,310,216,0,216,1,10,6,32,65,6,55,1,0,14,2,24,0
31,245,Urzainqui/Urzainki,1-001-U,70,0,0,70,50,0,50,0,3,2,10,15,0,16,0,0,0,0,4,0
31,246,Uterga,1-001-U,141,0,0,141,110,0,110,2,4,1,15,13,7,36,0,0,9,4,19,0
31,247,Uztárroz/Uztarroze,1-001-U,128,0,0,128,99,0,99,1,0,0,17,41,0,27,0,0,3,0,10,0
31,86,Valle de Egüés/Eguesibar,1-001-A,362,0,0,362,282,0,282,1,5,39,31,37,21,109,0,4,8,1,26,0
31,86,Valle de Egüés/Eguesibar,1-001-B,468,0,0,468,293,0,293,0,6,23,41,36,24,125,0,0,12,0,26,0
31,86,Valle de Egüés/Eguesibar,1-001-C,349,0,0,349,250,0,250,4,10,10,39,60,8,73,0,1,21,2,22,0
31,86,Valle de Egüés/Eguesibar,1-001-D,514,0,0,514,381,0,381,2,8,34,60,52,25,129,4,3,26,0,37,1
31,86,Valle de Egüés/Eguesibar,1-004-A,568,0,0,568,434,0,434,0,11,93,26,9,47,212,0,3,6,0,27,0
31,86,Valle de Egüés/Eguesibar,1-004-B,561,0,0,561,406,0,406,4,4,81,38,12,39,180,2,5,8,0,33,0
31,86,Valle de Egüés/Eguesibar,1-004-C,551,0,0,551,377,0,377,1,3,62,30,4,41,207,2,3,1,1,21,1
31,86,Valle de Egüés/Eguesibar,1-005-A,494,0,0,494,379,0,379,1,4,51,26,8,43,198,2,5,7,1,33,0
31,86,Valle de Egüés/Eguesibar,1-005-B,575,0,0,575,432,0,432,1,8,95,32,15,49,181,4,1,7,0,38,1
31,86,Valle de Egüés/Eguesibar,1-006-A,713,0,0,713,464,0,464,4,10,29,85,80,22,85,7,0,53,3,86,0
31,86,Valle de Egüés/Eguesibar,1-006-B,743,0,0,743,461,0,461,6,7,22,68,56,31,96,2,2,60,3,106,2
31,86,Valle de Egüés/Eguesibar,1-006-C,653,0,0,653,410,1,411,7,11,29,64,69,26,80,3,2,34,0,85,1
31,86,Valle de Egüés/Eguesibar,1-007-A,774,0,0,774,511,0,511,2,9,26,72,94,17,111,8,0,46,2,122,2
31,86,Valle de Egüés/Eguesibar,1-007-B,852,0,0,852,574,1,575,7,10,35,90,93,13,135,12,4,47,4,125,0
31,86,Valle de Egüés/Eguesibar,1-008-A,570,0,0,570,338,1,339,1,4,13,68,78,11,60,4,0,33,4,62,1
31,86,Valle de Egüés/Eguesibar,1-008-B,595,0,0,595,330,1,331,9,8,20,67,67,21,60,5,1,26,2,44,1
31,86,Valle de Egüés/Eguesibar,1-009-A,694,0,0,694,480,0,480,11,11,23,88,94,19,99,3,2,43,3,84,0
31,86,Valle de Egüés/Eguesibar,1-009-B,721,0,0,721,491,0,491,7,8,17,89,103,15,97,5,4,54,7,85,0
31,86,Valle de Egüés/Eguesibar,1-009-C,668,1,0,669,422,1,423,6,11,13,79,82,17,74,6,3,38,6,88,0
31,86,Valle de Egüés/Eguesibar,1-010-A,577,0,0,577,390,0,390,7,10,22,65,71,16,73,4,6,36,3,76,1
31,86,Valle de Egüés/Eguesibar,1-010-B,599,0,0,599,388,0,388,7,11,16,64,73,18,68,9,0,41,1,80,0
31,86,Valle de Egüés/Eguesibar,1-010-C,544,0,0,544,340,1,341,5,9,18,63,58,13,61,5,2,39,5,62,1
31,86,Valle de Egüés/Eguesibar,1-011-A,597,0,0,597,388,1,389,5,9,19,71,72,17,88,1,6,38,5,57,1
31,86,Valle de Egüés/Eguesibar,1-011-B,647,0,0,647,421,0,421,4,15,15,70,75,24,94,2,2,34,6,76,4
31,194,Valle de Ollo/Ollaran,1-001-U,377,0,0,377,252,0,252,2,12,10,41,101,5,41,1,0,10,9,20,0
31,260,Valle de Yerri/Deierri,1-001-A,474,0,0,474,302,0,302,5,5,13,37,91,10,86,0,0,12,3,40,0
31,260,Valle de Yerri/Deierri,1-001-B,396,0,0,396,252,0,252,3,10,17,32,44,3,76,2,1,9,3,50,2
31,260,Valle de Yerri/Deierri,1-001-C,297,0,0,297,286,0,286,2,9,14,36,88,5,92,0,0,15,0,25,0
31,249,Valtierra,1-001-A,568,0,0,568,452,0,452,8,17,25,12,4,8,171,0,0,19,0,188,0
31,249,Valtierra,1-001-B,462,0,0,462,359,0,359,3,15,21,5,4,9,148,0,0,18,0,136,0
31,249,Valtierra,2-001-U,727,0,0,727,590,0,590,17,4,16,15,16,19,241,0,0,15,0,247,0
31,251,Viana,1-001-A,750,0,0,750,535,0,535,8,9,40,79,36,19,183,1,1,19,0,140,0
31,251,Viana,1-001-B,613,0,0,613,440,0,440,9,13,23,64,29,17,152,0,0,17,1,115,0
31,251,Viana,1-002-A,586,0,0,586,434,0,434,9,7,25,58,42,12,120,2,1,21,0,136,1
31,251,Viana,1-002-B,616,0,0,616,465,0,465,5,10,31,67,36,11,128,0,1,20,0,156,0
31,251,Viana,2-001-U,562,0,0,562,361,0,361,12,6,24,37,37,24,84,1,2,13,0,121,0
31,252,Vidángoz/Bidankoze,1-001-U,72,0,0,72,46,0,46,1,1,1,8,22,0,6,0,0,0,1,6,0
31,254,Villafranca,1-001-A,551,0,0,551,424,1,425,9,8,64,14,20,18,134,2,5,10,1,137,3
31,254,Villafranca,1-001-B,595,0,0,595,427,0,427,4,6,52,16,21,26,116,3,3,20,0,160,0
31,254,Villafranca,2-001-A,389,0,0,389,282,0,282,5,5,30,5,11,20,74,0,0,16,0,116,0
31,254,Villafranca,2-001-B,388,0,0,388,276,0,276,3,4,28,11,11,24,56,2,1,19,0,116,1
31,255,Villamayor de Monjardín,1-001-U,102,0,0,102,75,0,75,1,3,6,8,5,1,30,0,0,4,2,15,0
31,257,Villatuerta,1-001-A,519,0,0,519,370,0,370,13,11,23,42,57,6,82,2,0,19,3,109,3
31,257,Villatuerta,1-001-B,441,0,0,441,318,0,318,11,12,15,37,49,3,71,4,1,26,0,88,1
31,258,Villava/Atarrabia,1-001-A,663,0,0,663,453,0,453,7,8,22,101,148,13,80,2,0,16,5,51,0
31,258,Villava/Atarrabia,1-001-B,640,0,0,640,423,0,423,1,9,24,99,119,10,65,2,3,22,0,68,1
31,258,Villava/Atarrabia,1-001-C,507,0,0,507,334,0,334,5,2,15,68,109,11,45,0,1,24,2,51,1
31,258,Villava/Atarrabia,2-001-A,638,0,0,638,427,0,427,5,8,15,88,152,8,63,3,1,22,5,55,2
31,258,Villava/Atarrabia,2-001-B,659,0,0,659,432,0,432,7,2,17,95,159,9,56,4,0,22,2,59,0
31,258,Villava/Atarrabia,2-002-A,573,0,0,573,398,0,398,5,2,15,77,135,7,54,0,0,28,3,71,1
31,258,Villava/Atarrabia,2-002-B,547,0,0,547,364,0,364,3,4,23,61,101,12,65,3,0,35,0,56,1
31,258,Villava/Atarrabia,2-002-C,522,0,0,522,320,0,320,4,7,19,70,105,5,40,1,3,22,2,41,1
31,258,Villava/Atarrabia,2-003-A,553,0,0,553,396,0,396,1,13,17,85,117,6,76,1,0,26,0,54,0
31,258,Villava/Atarrabia,2-003-B,612,0,0,612,413,0,413,3,7,22,82,115,9,77,1,2,30,3,62,0
31,258,Villava/Atarrabia,2-003-C,549,0,0,549,375,0,375,4,6,13,73,105,11,78,0,2,25,1,57,0
31,258,Villava/Atarrabia,2-004-A,656,0,0,656,476,0,476,4,3,27,96,143,16,65,2,4,27,1,87,1
31,258,Villava/Atarrabia,2-004-B,619,0,0,619,436,0,436,2,3,27,73,123,7,69,0,2,35,1,94,0
31,261,Yesa,1-001-U,249,0,0,249,194,0,194,10,5,25,17,15,21,44,1,0,13,5,38,0
31,262,Zabalza/Zabaltza,1-001-U,238,1,0,239,189,0,189,0,3,7,27,34,3,35,1,0,25,1,42,11
31,73,Ziordia,1-001-U,292,0,0,292,210,0,210,1,3,9,46,113,2,10,0,0,9,1,15,1
31,907,Zizur Mayor/Zizur Nagusia,1-001-A,523,0,0,523,377,0,377,1,6,28,70,47,32,144,2,1,17,1,28,0
31,907,Zizur Mayor/Zizur Nagusia,1-001-B,515,0,0,515,351,1,352,1,7,38,53,32,34,130,2,3,12,1,37,2
31,907,Zizur Mayor/Zizur Nagusia,1-002-A,442,0,0,442,315,0,315,4,4,22,57,53,10,98,3,2,13,3,46,0
31,907,Zizur Mayor/Zizur Nagusia,1-002-B,449,0,0,449,307,0,307,4,2,31,59,41,17,93,0,1,20,1,38,0
31,907,Zizur Mayor/Zizur Nagusia,1-002-C,439,0,0,439,276,0,276,1,2,28,52,30,11,89,2,0,16,1,44,0
31,907,Zizur Mayor/Zizur Nagusia,1-003-A,509,0,0,509,359,0,359,3,7,26,88,72,9,63,2,3,25,0,61,0
31,907,Zizur Mayor/Zizur Nagusia,1-003-B,484,0,0,484,314,0,314,5,2,9,63,72,10,71,3,0,15,1,63,0
31,907,Zizur Mayor/Zizur Nagusia,1-003-C,515,0,0,515,326,0,326,3,6,20,62,64,13,71,1,1,26,5,54,0
31,907,Zizur Mayor/Zizur Nagusia,1-004-A,477,0,0,477,335,0,335,3,3,25,72,71,14,82,1,1,18,1,42,2
31,907,Zizur Mayor/Zizur Nagusia,1-004-B,425,0,0,425,282,0,282,2,6,34,65,51,9,59,2,2,14,0,37,1
31,907,Zizur Mayor/Zizur Nagusia,1-004-C,448,0,0,448,324,0,324,8,2,23,73,70,15,73,0,3,23,0,33,1
31,907,Zizur Mayor/Zizur Nagusia,1-004-D,543,0,0,543,367,0,367,3,7,23,74,72,7,97,0,2,23,1,55,3
31,907,Zizur Mayor/Zizur Nagusia,1-005-A,483,0,0,483,328,0,328,12,4,20,73,57,26,77,3,2,16,1,37,0
31,907,Zizur Mayor/Zizur Nagusia,1-005-B,479,0,0,479,341,0,341,9,6,16,73,65,10,71,7,3,16,3,61,1
31,907,Zizur Mayor/Zizur Nagusia,1-005-C,438,0,0,438,332,0,332,9,4,18,75,57,12,72,0,4,18,1,62,0
31,907,Zizur Mayor/Zizur Nagusia,1-006-U,695,0,0,695,488,0,488,3,7,15,115,106,21,92,3,2,24,3,97,0
31,907,Zizur Mayor/Zizur Nagusia,1-007-A,469,0,0,469,329,0,329,1,11,21,63,56,16,94,1,2,18,2,44,0
31,907,Zizur Mayor/Zizur Nagusia,1-007-B,465,0,0,465,337,0,337,4,7,15,69,60,10,98,2,2,12,1,56,1
31,907,Zizur Mayor/Zizur Nagusia,1-007-C,405,0,0,405,302,0,302,3,8,11,71,43,13,83,0,3,20,1,45,1
31,907,Zizur Mayor/Zizur Nagusia,1-008-A,588,0,0,588,407,0,407,9,9,23,86,72,13,86,4,5,33,2,65,0
31,907,Zizur Mayor/Zizur Nagusia,1-008-B,581,0,0,581,409,0,409,13,10,31,70,67,26,95,3,1,23,5,65,0
31,907,Zizur Mayor/Zizur Nagusia,1-008-C,563,0,0,563,381,0,381,12,11,26,66,57,19,83,3,2,30,1,70,1
31,907,Zizur Mayor/Zizur Nagusia,1-008-D,393,0,0,393,270,0,270,2,9,21,42,45,11,50,2,2,22,3,60,1
31,907,Zizur Mayor/Zizur Nagusia,1-008-E,426,0,0,426,304,0,304,2,6,10,63,64,11,69,2,2,22,0,52,1
31,263,Zubieta,1-001-U,219,0,0,219,130,0,130,0,3,1,25,85,1,7,0,0,3,1,4,0
31,264,Zugarramurdi,1-001-U,186,0,0,186,117,0,117,1,4,5,30,53,2,13,0,1,0,1,7,0
31,265,Zúñiga,1-001-U,72,0,0,72,39,0,39,0,1,6,3,9,4,7,0,0,1,1,7,0
31,990,Residentes ausentes-Navarra,99-001-U,29812,0,0,29812,2369,0,2369,13,32,405,189,239,187,507,54,41,178,10,509,5
31,990,Residentes ausentes-Navarra,99-002-U,0,0,0,0,0,0,0,0,0,0,0,0,0,0,0,0,0,0,0,0
31,990,Residentes ausentes-Navarra,99-003-U,0,0,0,0,0,0,0,0,0,0,0,0,0,0,0,0,0,0,0,0
31,990,Residentes ausentes-Navarra,99-004-U,0,0,0,0,0,0,0,0,0,0,0,0,0,0,0,0,0,0,0,0
31,990,Residentes ausentes-Navarra,99-005-U,0,0,0,0,0,0,0,0,0,0,0,0,0,0,0,0,0,0,0,0
