Cód;Municipio;Distr.;Secc.;Mesa;Censo;Al. Cen.;Votantes;Blanco;Nulos;UPN;BATZARRE;PSOE;CDN;EKA;EA/EAJ-PNV;IUN/NEB;PH;ARALAR
1;Abáigar;1;1;U;76;0;56;2;0;27;1;7;4;0;5;3;0;7
2;Abárzuza;1;1;U;444;0;268;3;15;127;4;23;24;0;28;19;6;19
3;Abaurregaina/Abaurrea Alta;1;1;U;148;0;131;3;19;49;3;13;6;0;11;2;2;23
4;Abaurrepea/Abaurrea Baja;1;1;U;39;0;22;1;0;9;0;2;1;1;3;2;1;2
5;Aberin;1;1;U;293;0;226;12;8;103;0;45;5;0;7;26;4;16
6;Ablitas;1;1;A;498;0;380;9;7;202;7;105;6;11;3;27;0;3
6;Ablitas;1;1;B;482;0;385;4;8;189;5;137;3;5;2;29;1;2
6;Ablitas;2;1;A;498;0;428;11;14;228;9;90;27;3;7;33;0;6
6;Ablitas;2;1;B;467;0;389;6;5;208;4;103;15;2;4;40;0;2
7;Adiós;1;1;U;134;0;108;4;13;56;1;6;4;1;5;14;0;4
8;Aguilar de Codés;1;1;U;105;0;79;4;1;50;1;6;9;0;4;2;0;2
9;Aibar/Oibar;1;1;A;404;0;276;6;6;95;3;72;18;0;19;23;0;34
9;Aibar/Oibar;1;1;B;373;0;257;5;15;100;0;60;20;1;7;21;0;28
10;Altsasu/Alsasua;1;1;A;726;0;528;5;106;126;4;59;21;1;75;34;2;95
10;Altsasu/Alsasua;1;1;B;711;0;494;8;86;101;5;65;20;0;89;38;0;82
10;Altsasu/Alsasua;1;2;A;513;0;352;7;52;77;7;58;24;0;57;34;3;33
10;Altsasu/Alsasua;1;2;B;551;0;367;2;51;69;3;78;5;0;37;42;1;79
10;Altsasu/Alsasua;2;1;A;510;0;366;5;55;82;6;52;11;1;51;26;0;77
10;Altsasu/Alsasua;2;1;B;507;0;353;5;51;79;7;64;9;0;39;41;0;58
10;Altsasu/Alsasua;2;2;A;514;0;340;4;31;85;4;86;16;1;30;44;4;35
10;Altsasu/Alsasua;2;2;B;503;0;347;6;48;86;1;90;12;0;29;37;2;36
10;Altsasu/Alsasua;2;2;C;523;0;355;0;44;71;4;112;8;0;24;51;0;41
10;Altsasu/Alsasua;2;3;U;812;0;511;3;72;158;1;98;16;0;61;48;2;52
11;Allín;1;1;A;165;0;114;5;0;46;1;22;7;0;8;18;0;7
11;Allín;1;1;B;274;0;163;4;1;91;8;20;16;0;5;12;2;4
11;Allín;1;1;C;232;0;144;4;5;82;1;13;15;0;6;10;4;4
12;Allo;1;1;A;444;0;344;13;5;145;8;97;23;0;11;32;0;10
12;Allo;1;1;B;447;0;370;9;3;167;9;90;21;0;14;42;3;12
13;Améscoa Baja;1;1;A;368;0;224;4;2;112;11;22;24;0;6;21;0;22
13;Améscoa Baja;1;1;B;342;0;163;4;8;76;1;11;12;1;6;22;0;22
14;Ancín;1;1;U;252;0;162;4;13;93;2;18;6;0;12;8;0;6
15;Andosilla;1;1;A;379;0;289;4;10;143;2;77;32;0;1;13;0;7
15;Andosilla;1;1;B;446;0;330;7;6;152;1;97;33;4;4;8;2;16
15;Andosilla;2;1;A;607;0;461;13;8;196;4;161;31;3;18;18;0;9
15;Andosilla;2;1;B;628;0;491;14;5;202;2;205;22;1;11;14;1;14
16;Ansoáin;1;1;A;660;0;408;13;57;56;32;100;20;1;20;60;1;48
16;Ansoáin;1;1;B;774;0;480;12;57;83;43;109;29;1;27;60;3;56
16;Ansoáin;1;1;C;623;0;392;6;23;55;41;103;35;1;26;47;5;50
16;Ansoáin;1;2;A;522;0;359;9;36;56;29;81;30;0;23;57;3;35
16;Ansoáin;1;2;B;664;0;454;10;37;83;32;131;41;1;16;60;3;40
16;Ansoáin;1;2;C;596;0;422;8;31;74;42;91;24;2;31;74;3;42
16;Ansoáin;1;3;A;844;0;548;17;33;113;23;121;51;0;41;77;4;68
16;Ansoáin;1;3;B;834;0;556;17;45;107;42;124;40;1;36;69;3;72
16;Ansoáin;1;4;A;714;0;472;10;42;65;42;147;25;0;14;81;1;45
16;Ansoáin;1;4;B;712;0;470;12;41;74;33;147;26;0;18;72;4;43
17;Anue;1;1;U;340;0;167;6;19;50;0;12;21;1;13;12;0;33
18;Añorbe;1;1;U;380;0;329;11;3;160;3;51;36;9;7;29;0;20
19;Aoiz/Agoitz;1;1;U;611;0;505;19;91;190;8;52;23;0;61;27;4;30
19;Aoiz/Agoitz;2;1;A;504;0;407;15;107;115;4;51;26;0;51;9;0;29
19;Aoiz/Agoitz;2;1;B;502;0;373;8;104;117;5;36;26;0;32;19;0;26
20;Araitz;1;1;U;523;0;306;3;128;49;6;2;18;0;36;3;0;61
21;Aranarache;1;1;U;81;0;62;1;4;21;5;14;2;0;6;3;0;6
22;Arantza;1;1;U;566;0;480;5;112;44;3;12;11;0;202;9;1;81
23;Aranguren;1;1;A;892;0;697;19;23;249;26;125;66;5;36;73;7;68
23;Aranguren;1;1;B;873;0;670;32;27;237;13;123;63;0;37;66;7;65
23;Aranguren;1;2;A;318;0;247;13;31;80;13;16;22;0;21;16;1;34
23;Aranguren;1;2;B;605;0;465;20;10;193;9;40;83;0;39;37;6;28
23;Aranguren;1;2;C;637;0;491;17;19;209;9;58;54;0;38;38;5;44
24;Arano;1;1;U;133;0;71;1;23;4;0;0;4;0;19;1;0;19
25;Arakil;1;1;A;328;0;222;7;15;108;4;22;8;1;11;15;1;30
25;Arakil;1;1;B;403;0;276;6;34;76;6;28;28;4;32;12;3;47
26;Aras;1;1;U;208;0;188;4;9;73;0;53;31;1;4;7;0;6
27;Arbizu;1;1;U;760;0;587;8;234;51;7;8;30;0;150;11;0;88
28;Arce/Artzi;1;1;U;247;0;165;6;25;53;5;13;22;1;8;3;0;29
29;Arcos (Los);1;1;A;589;0;473;12;22;262;3;82;22;2;10;35;3;20
29;Arcos (Los);1;1;B;502;0;406;13;9;220;4;69;36;8;12;18;0;17
30;Arellano;1;1;U;175;0;141;0;3;36;4;21;17;3;17;15;0;25
31;Areso;1;1;U;258;0;249;4;51;19;45;6;78;0;26;3;0;17
32;Arguedas;1;1;A;636;0;494;13;9;284;10;138;13;2;2;13;2;8
32;Arguedas;1;1;B;681;0;557;15;9;312;6;164;17;2;1;19;2;10
32;Arguedas;2;1;U;576;0;462;11;5;272;9;130;11;2;5;15;0;2
33;Aria;1;1;U;58;0;35;0;5;10;0;5;8;0;3;2;0;2
34;Aribe;1;1;U;59;0;36;2;9;14;0;0;0;0;4;3;0;4
35;Armañanzas;1;1;U;81;0;58;1;1;30;0;15;3;1;3;3;0;1
36;Arróniz;1;1;A;536;0;408;0;20;159;22;112;19;0;12;48;1;15
36;Arróniz;1;1;B;437;0;329;9;25;118;19;90;11;2;10;32;0;13
37;Arruazu;1;1;U;92;0;66;1;8;13;0;0;1;0;29;3;0;11
38;Artajona;1;1;A;703;0;544;24;12;244;3;145;30;3;26;35;3;19
38;Artajona;1;1;B;708;0;574;24;11;213;4;158;47;0;37;48;3;29
39;Artazu;1;1;U;91;0;71;1;2;22;5;13;7;0;2;7;0;12
40;Atez;1;1;U;199;0;167;8;20;51;1;17;21;0;12;12;1;24
41;Ayegui;1;1;A;454;0;311;14;14;108;3;61;28;3;28;31;1;20
41;Ayegui;1;1;B;455;0;290;5;9;122;6;29;23;5;23;29;4;35
42;Azagra;1;1;A;489;0;390;8;0;217;0;133;12;1;5;12;0;2
42;Azagra;1;1;B;434;0;363;6;6;195;0;136;4;1;3;11;0;1
42;Azagra;1;1;C;433;0;352;3;6;189;1;132;6;0;5;8;0;2
42;Azagra;2;1;A;482;0;381;5;5;146;0;202;6;0;2;13;0;2
42;Azagra;2;1;B;474;0;404;5;2;143;1;235;6;1;1;9;1;0
42;Azagra;2;1;C;474;0;398;5;3;139;0;214;16;2;1;16;0;2
43;Azuelo;1;1;U;48;0;44;1;1;28;0;10;4;0;0;0;0;0
44;Bakaiku;1;1;U;300;0;235;0;87;31;1;10;17;0;50;3;0;36
45;Barásoain;1;1;U;406;0;315;19;13;108;10;54;63;0;10;31;1;6
46;Barbarin;1;1;U;87;0;67;4;2;50;1;6;2;1;0;1;0;0
47;Bargota;1;1;U;342;0;246;6;21;103;0;69;8;1;26;5;0;7
48;Barillas;1;1;U;174;0;141;0;0;113;2;13;4;0;2;5;1;1
49;Basaburua;1;1;U;590;0;431;6;140;120;5;15;25;0;46;4;0;70
50;Baztan;1;1;A;409;0;281;1;44;74;4;8;10;0;115;3;0;22
50;Baztan;1;1;B;561;0;401;1;51;169;0;11;12;0;131;7;1;18
50;Baztan;1;1;C;380;0;274;5;28;74;0;4;4;0;134;0;1;24
50;Baztan;2;1;A;584;0;439;9;36;149;1;22;18;0;161;5;0;38
50;Baztan;2;1;B;490;0;362;6;26;111;4;8;22;0;146;7;0;32
50;Baztan;2;1;C;615;0;484;9;39;194;6;18;17;0;150;10;1;40
50;Baztan;2;2;A;494;0;366;6;33;145;4;13;20;0;107;11;0;27
50;Baztan;2;2;B;598;0;444;9;41;149;7;29;25;1;151;8;1;23
50;Baztan;2;2;C;480;0;365;10;36;125;3;8;6;0;145;1;0;31
50;Baztan;3;1;U;703;0;526;8;35;163;1;25;25;0;231;9;0;29
50;Baztan;3;2;A;236;0;175;3;14;59;0;4;4;0;84;1;0;6
50;Baztan;3;2;B;263;0;198;0;17;57;0;6;4;0;94;1;0;19
50;Baztan;3;2;C;583;0;466;10;51;113;2;12;18;0;209;6;0;45
51;Beire;1;1;U;248;0;171;3;13;80;0;52;8;0;0;9;0;6
52;Belascoáin;1;1;U;85;0;73;3;1;28;5;7;8;1;3;10;3;4
53;Berbinzana;1;1;U;616;0;486;6;21;215;10;131;24;1;14;36;2;26
54;Bertizarana;1;1;U;529;0;360;15;54;87;1;13;10;0;136;17;1;26
55;Betelu;1;1;U;283;0;206;9;25;29;0;11;15;1;35;1;1;79
56;Biurrun-Olcoz;1;1;U;178;0;119;4;10;43;2;17;21;0;0;15;0;7
57;Buñuel;1;1;A;470;0;395;7;10;220;5;119;21;2;5;4;0;2
57;Buñuel;1;1;B;482;0;418;10;1;225;0;158;14;0;1;9;0;0
57;Buñuel;2;1;A;483;0;421;6;4;227;4;165;4;2;2;4;1;2
57;Buñuel;2;1;B;501;0;434;9;4;242;2;168;1;0;4;3;0;1
58;Auritz/Burguete;1;1;U;270;0;211;12;8;86;7;6;18;1;39;13;0;21
59;Burgui/Burgi;1;1;U;207;0;148;5;19;39;3;14;48;2;5;5;0;8
60;Burlada/Burlata;1;1;A;602;0;391;13;30;86;16;76;41;2;25;41;1;60
60;Burlada/Burlata;1;1;B;697;0;451;13;36;109;21;90;38;3;25;46;1;69
60;Burlada/Burlata;1;1;C;545;0;359;7;21;88;11;85;34;3;23;29;2;56
60;Burlada/Burlata;1;2;A;600;0;347;16;30;116;5;60;39;1;12;34;0;34
60;Burlada/Burlata;1;2;B;627;0;386;6;18;126;14;86;38;2;21;37;0;38
60;Burlada/Burlata;1;3;A;499;0;296;4;14;83;11;53;38;0;15;42;0;36
60;Burlada/Burlata;1;3;B;546;0;321;8;21;81;9;77;38;0;10;38;1;38
60;Burlada/Burlata;1;4;A;605;0;384;3;39;125;12;62;37;0;27;40;0;39
60;Burlada/Burlata;1;4;B;591;0;372;6;32;114;13;79;30;0;32;32;0;34
60;Burlada/Burlata;1;5;A;641;0;424;7;35;128;8;67;39;3;27;54;0;56
60;Burlada/Burlata;1;5;B;717;0;445;13;18;125;12;87;53;0;26;48;2;61
60;Burlada/Burlata;1;5;C;583;0;380;14;20;103;15;60;47;0;25;53;2;41
60;Burlada/Burlata;2;1;A;588;0;353;5;29;99;21;67;40;1;11;40;1;39
60;Burlada/Burlata;2;1;B;600;0;350;9;25;126;18;71;28;1;8;35;1;28
60;Burlada/Burlata;2;2;A;514;0;292;7;18;97;12;61;30;0;13;24;1;29
60;Burlada/Burlata;2;2;B;507;0;282;5;17;83;14;76;22;1;13;25;0;26
60;Burlada/Burlata;2;3;A;404;0;241;5;26;64;9;45;16;1;9;27;3;36
60;Burlada/Burlata;2;3;B;424;0;237;6;30;82;11;43;17;0;8;25;2;13
60;Burlada/Burlata;2;4;A;578;0;372;6;26;113;13;57;48;1;22;34;4;48
60;Burlada/Burlata;2;4;B;588;0;383;8;17;121;12;77;49;2;19;26;1;51
60;Burlada/Burlata;2;5;A;633;0;432;7;38;122;12;85;45;0;20;50;3;50
60;Burlada/Burlata;2;5;B;672;0;464;11;38;131;11;85;54;2;25;53;3;51
60;Burlada/Burlata;2;6;A;400;0;237;5;16;65;11;55;24;1;10;28;0;22
60;Burlada/Burlata;2;6;B;442;0;251;2;10;89;5;42;36;0;8;32;0;27
61;Busto (El);1;1;U;87;0;69;2;0;35;0;14;15;0;2;0;0;1
62;Cabanillas;1;1;A;576;0;493;15;4;197;9;228;9;2;2;23;2;2
62;Cabanillas;1;1;B;584;0;500;7;7;208;4;229;11;2;3;26;1;2
63;Cabredo;1;1;U;101;0;79;1;0;48;1;18;3;0;5;1;0;2
64;Cadreita;1;1;A;550;0;481;7;5;229;3;183;20;0;10;15;1;8
64;Cadreita;1;1;B;419;0;363;6;4;195;3;129;4;2;2;10;0;8
64;Cadreita;1;1;C;558;0;488;4;11;183;4;218;19;0;12;24;0;13
65;Caparroso;1;1;U;688;0;579;11;13;352;2;151;13;2;8;10;0;17
65;Caparroso;2;1;A;626;0;540;13;14;236;3;188;15;0;6;11;1;53
65;Caparroso;2;1;B;620;0;534;15;22;258;5;177;9;0;5;16;1;26
66;Cárcar;1;1;A;491;0;438;12;9;187;6;199;9;0;2;9;0;5
66;Cárcar;1;1;B;524;0;473;6;7;218;4;197;15;0;5;15;0;6
67;Carcastillo;1;1;A;454;0;351;14;11;166;2;89;18;2;9;23;1;16
67;Carcastillo;1;1;B;393;0;315;7;4;150;1;99;20;0;7;20;0;7
67;Carcastillo;1;1;C;301;0;257;4;1;118;2;93;7;0;3;26;1;2
67;Carcastillo;2;1;A;480;0;380;14;2;153;4;116;26;1;15;34;1;14
67;Carcastillo;2;1;B;463;0;369;6;8;158;1;113;29;0;12;29;1;12
68;Cascante;1;1;A;517;0;409;16;12;173;21;147;11;2;3;20;1;3
68;Cascante;1;1;B;558;0;438;19;8;178;23;169;10;1;4;17;2;7
68;Cascante;2;1;A;533;0;428;11;11;219;15;138;10;2;3;14;0;5
68;Cascante;2;1;B;444;0;359;8;5;173;10;126;14;1;1;15;2;4
68;Cascante;3;1;A;521;0;420;12;18;175;18;162;7;1;3;22;1;1
68;Cascante;3;1;B;480;0;403;15;16;158;16;164;7;2;1;20;0;4
69;Cáseda;1;1;A;481;0;394;5;26;184;3;96;27;1;8;32;0;12
69;Cáseda;1;1;B;409;0;351;4;18;170;4;86;19;0;11;27;2;10
70;Castejón;1;1;A;694;0;556;16;10;200;6;237;9;0;5;67;1;5
70;Castejón;1;1;B;688;0;559;10;7;193;2;263;6;0;3;67;5;3
70;Castejón;1;2;U;815;0;643;5;16;254;7;262;10;1;2;74;1;11
70;Castejón;2;1;U;463;0;336;8;7;142;0;140;7;0;3;25;2;2
71;Castillonuevo;1;1;U;19;0;15;0;0;5;0;6;1;0;0;2;0;1
72;Cintruénigo;1;1;A;622;0;490;7;5;275;7;159;11;0;6;16;0;4
72;Cintruénigo;1;1;B;568;0;447;14;8;249;1;153;6;0;1;13;0;2
72;Cintruénigo;2;1;A;637;0;506;6;2;254;2;211;4;2;3;19;1;2
72;Cintruénigo;2;1;B;681;0;555;6;7;296;6;213;3;0;1;15;2;6
72;Cintruénigo;2;1;C;544;0;440;7;0;248;6;150;2;1;4;16;2;4
72;Cintruénigo;2;2;A;598;0;491;5;0;274;2;176;6;1;3;22;1;1
72;Cintruénigo;2;2;B;440;0;351;14;1;205;2;109;4;0;3;13;0;0
72;Cintruénigo;2;2;C;668;0;530;9;7;292;3;186;7;1;3;18;1;3
73;Ziordia;1;1;U;328;0;204;3;99;40;0;19;5;0;15;1;0;22
74;Cirauqui;1;1;U;399;0;327;14;28;122;0;33;18;27;30;20;0;35
75;Ciriza;1;1;U;67;0;50;1;3;18;0;2;3;0;2;7;1;13
76;Cizur;1;1;A;673;0;534;20;15;293;7;45;70;1;30;27;6;20
76;Cizur;1;1;B;580;0;467;12;34;175;11;56;48;3;37;48;2;41
77;Corella;1;1;A;494;0;409;2;14;259;2;108;3;0;3;16;0;2
77;Corella;1;1;B;425;0;335;0;5;195;2;101;10;1;4;14;0;3
77;Corella;1;1;C;617;0;480;10;6;314;3;108;10;0;0;23;1;5
77;Corella;1;2;A;566;0;477;3;5;299;1;131;10;1;3;17;3;4
77;Corella;1;2;B;557;0;466;5;6;300;2;120;7;1;1;19;1;4
77;Corella;1;2;C;762;0;615;10;11;369;3;162;10;1;5;40;1;3
77;Corella;2;1;A;370;0;280;7;5;176;3;66;10;1;0;10;0;2
77;Corella;2;1;B;357;0;281;12;8;161;3;68;13;3;5;7;0;1
77;Corella;2;2;A;625;0;502;12;6;359;2;87;9;0;2;21;0;4
77;Corella;2;2;B;689;0;554;12;4;380;3;124;8;0;3;16;2;2
78;Cortes;1;1;A;514;0;372;8;13;158;8;146;6;0;7;22;0;4
78;Cortes;1;1;B;583;0;462;12;16;185;5;177;14;0;13;25;3;12
78;Cortes;2;1;A;772;0;590;12;21;260;9;248;11;0;5;19;2;3
78;Cortes;2;1;B;803;0;641;16;25;262;7;265;9;2;10;35;1;9
79;Desojo;1;1;U;112;0;95;5;0;59;0;18;3;0;1;7;0;2
80;Dicastillo;1;1;U;573;0;415;8;18;191;3;91;27;4;14;43;0;16
81;Donamaria;1;1;U;325;0;264;8;19;63;2;12;3;1;106;2;1;47
82;Etxalar;1;1;U;661;0;485;13;96;79;1;8;12;1;222;6;0;47
83;Echarri;1;1;U;54;0;42;4;5;20;0;1;1;0;1;6;0;4
84;Etxarri-Aranatz;1;1;A;501;0;342;4;109;67;3;6;18;0;84;9;2;40
84;Etxarri-Aranatz;1;1;B;409;0;259;0;91;63;2;8;8;0;44;7;0;36
84;Etxarri-Aranatz;1;1;C;34;0;29;0;20;0;0;0;0;0;5;0;0;4
84;Etxarri-Aranatz;2;1;A;480;0;309;0;127;44;4;6;13;6;56;3;1;49
84;Etxarri-Aranatz;2;1;B;481;0;317;0;143;43;2;9;10;0;56;6;0;48
85;Etxauri;1;1;U;374;0;286;11;57;60;9;19;18;1;27;22;2;60
86;Egüés;1;1;A;296;0;249;9;9;143;3;15;24;0;16;14;1;15
86;Egüés;1;1;B;278;0;204;4;11;97;6;17;16;0;16;14;1;22
86;Egüés;1;1;C;329;0;261;5;12;90;8;25;40;1;25;29;3;23
86;Egüés;1;1;D;733;0;592;19;6;391;3;38;56;2;44;14;3;16
86;Egüés;1;1;E;689;0;545;17;3;354;2;36;63;0;36;20;2;12
86;Egüés;1;1;F;542;0;380;16;35;159;6;30;55;1;19;25;4;30
87;Elgorriaga;1;1;U;172;0;130;3;22;25;0;1;8;0;44;2;1;24
88;Noáin (Valle de Elorz);1;1;A;478;0;350;14;18;144;5;18;83;1;8;34;0;25
88;Noáin (Valle de Elorz);1;1;B;570;0;375;11;16;175;4;60;28;3;8;38;2;30
88;Noáin (Valle de Elorz);1;1;C;503;0;324;9;19;137;4;65;19;1;11;33;2;24
88;Noáin (Valle de Elorz);1;2;A;515;0;352;5;20;174;11;56;17;1;16;37;2;13
88;Noáin (Valle de Elorz);1;2;B;595;0;404;9;17;164;7;66;37;3;19;45;1;36
88;Noáin (Valle de Elorz);1;2;C;555;0;393;12;13;197;7;58;23;0;20;36;1;26
89;Enériz;1;1;U;184;0;162;2;4;92;2;9;40;1;1;8;0;3
90;Eratsun;1;1;U;164;0;142;2;14;16;2;4;22;0;64;2;3;13
91;Ergoiena;1;1;U;412;0;363;6;79;42;8;20;26;9;64;8;0;101
92;Erro;1;1;A;243;0;174;5;9;70;5;16;28;0;19;6;1;15
92;Erro;1;1;B;411;0;263;6;50;82;5;13;37;0;25;13;0;32
93;Ezcároz/Ezkaroze;1;1;U;320;0;188;2;33;52;5;33;25;0;10;11;0;17
94;Eslava;1;1;U;148;0;109;3;5;58;1;18;9;0;5;2;1;7
95;Esparza de Salazar;1;1;U;100;0;76;2;11;19;2;20;3;0;5;4;1;9
96;Espronceda;1;1;U;153;0;123;2;8;70;2;20;7;0;5;5;2;2
97;Estella/Lizarra;1;1;A;394;0;268;4;24;94;4;65;8;3;30;22;1;13
97;Estella/Lizarra;1;1;B;425;0;289;8;23;114;4;65;5;2;23;29;2;14
97;Estella/Lizarra;1;2;A;621;0;393;10;26;143;8;75;20;1;39;48;2;21
97;Estella/Lizarra;1;2;B;604;0;380;6;30;125;3;99;20;6;27;50;0;14
97;Estella/Lizarra;2;1;A;369;0;198;1;29;64;5;41;10;4;21;8;0;15
97;Estella/Lizarra;2;1;B;429;0;235;8;22;84;4;45;11;0;20;30;3;8
97;Estella/Lizarra;2;2;A;527;0;354;4;29;127;10;69;20;6;31;35;0;23
97;Estella/Lizarra;2;2;B;544;0;379;4;24;150;6;68;19;3;41;40;2;22
97;Estella/Lizarra;2;3;A;451;0;318;3;29;136;2;51;20;3;33;19;2;20
97;Estella/Lizarra;2;3;B;419;0;285;2;16;114;5;47;25;2;35;25;1;13
97;Estella/Lizarra;2;4;A;503;0;342;9;27;115;5;67;32;2;29;27;2;27
97;Estella/Lizarra;2;4;B;563;0;399;11;25;140;4;91;27;4;47;32;0;18
97;Estella/Lizarra;2;4;C;501;0;352;9;23;112;2;68;30;3;49;36;1;19
97;Estella/Lizarra;2;5;A;512;0;371;6;9;167;8;63;21;0;49;35;3;10
97;Estella/Lizarra;2;5;B;506;0;360;5;18;180;12;55;18;0;34;26;0;12
97;Estella/Lizarra;2;6;A;496;0;402;6;22;207;6;63;25;0;37;24;2;10
97;Estella/Lizarra;2;6;B;488;0;397;10;14;204;4;53;25;2;47;23;2;13
97;Estella/Lizarra;2;6;C;521;0;413;7;13;218;5;49;26;2;62;23;0;8
97;Estella/Lizarra;2;7;A;371;0;286;4;25;114;8;40;12;0;36;22;1;24
97;Estella/Lizarra;2;7;B;391;0;290;2;24;106;3;54;22;0;22;33;2;22
97;Estella/Lizarra;3;1;A;441;0;312;4;25;86;8;77;19;2;33;38;0;20
97;Estella/Lizarra;3;1;B;434;0;310;5;25;122;10;43;20;1;28;34;2;20
98;Esteribar;1;1;A;471;0;322;13;36;130;8;21;33;0;27;26;0;28
98;Esteribar;1;1;B;442;0;301;22;17;131;2;29;24;1;23;22;2;28
98;Esteribar;1;1;C;335;0;231;18;22;62;5;30;10;0;47;9;0;28
99;Etayo;1;1;U;75;0;62;1;2;38;0;7;3;0;5;2;1;3
100;Eulate;1;1;U;322;0;198;3;7;121;1;22;7;0;7;17;1;12
101;Ezcabarte;1;1;A;591;0;352;4;49;138;4;40;32;0;27;26;0;32
101;Ezcabarte;1;1;B;467;0;278;9;36;88;5;16;40;0;24;17;0;43
102;Ezkurra;1;1;U;193;0;92;2;15;22;0;5;10;0;22;5;0;11
103;Ezprogui;1;1;U;54;0;44;4;2;23;0;8;5;1;0;1;0;0
104;Falces;1;1;A;500;0;385;8;6;148;3;144;24;0;10;29;4;9
104;Falces;1;1;B;490;0;376;6;15;129;4;137;21;0;7;38;5;14
104;Falces;2;1;A;609;0;415;8;28;169;7;114;24;1;17;32;2;13
104;Falces;2;1;B;522;0;402;6;21;160;2;127;21;1;11;36;3;14
105;Fitero;1;1;U;748;0;662;7;12;361;2;239;22;0;3;12;0;4
105;Fitero;2;1;A;515;0;462;8;8;231;1;196;6;0;1;11;0;0
105;Fitero;2;1;B;517;0;458;1;3;259;2;179;7;1;0;6;0;0
106;Fontellas;1;1;U;582;0;492;14;6;259;19;145;22;0;4;19;0;4
107;Funes;1;1;A;387;0;323;4;2;236;0;68;3;0;1;8;0;1
107;Funes;1;1;B;361;0;306;5;3;200;1;77;9;0;2;6;2;1
107;Funes;2;1;A;504;0;423;13;7;290;2;85;18;0;1;5;1;1
107;Funes;2;1;B;483;0;389;14;1;257;0;81;23;1;4;7;0;1
108;Fustiñana;1;1;A;520;0;448;5;5;246;5;149;9;3;0;17;3;6
108;Fustiñana;1;1;B;469;0;390;3;2;230;3;123;9;4;1;12;1;2
108;Fustiñana;2;1;A;533;0;443;6;9;219;6;172;9;0;3;11;0;8
108;Fustiñana;2;1;B;422;0;375;7;3;196;5;135;16;0;2;5;1;5
109;Galar;1;1;A;466;0;356;11;57;107;9;38;55;1;15;32;3;28
109;Galar;1;1;B;614;0;457;7;37;152;12;61;66;0;22;44;8;48
110;Gallipienzo;1;1;U;141;0;101;5;3;43;2;27;9;0;0;5;1;6
111;Gallués/Gazole;1;1;U;112;0;83;1;6;30;1;7;10;0;13;8;0;7
112;Garaioa;1;1;U;118;0;87;1;2;36;0;9;15;0;12;4;0;8
113;Garde;1;1;U;172;0;103;0;3;39;0;17;25;0;7;4;0;8
114;Garínoain;1;1;U;342;0;267;9;12;103;6;46;32;2;9;27;6;15
115;Garralda;1;1;U;191;0;131;2;12;41;3;4;16;0;15;7;0;31
116;Genevilla;1;1;U;104;0;95;5;3;56;0;8;3;0;10;6;1;3
117;Goizueta;1;1;A;342;0;240;0;106;3;1;2;9;0;71;0;0;48
117;Goizueta;1;1;B;390;0;254;4;121;7;2;5;12;0;60;0;0;43
118;Goñi;1;1;U;188;0;117;3;4;32;1;10;23;0;11;12;0;21
119;Güesa/Gorza;1;1;U;69;0;50;3;3;23;2;3;4;0;6;3;0;3
120;Guesálaz;1;1;U;434;0;255;8;24;106;9;16;28;0;16;16;1;31
121;Guirguillano;1;1;U;82;0;58;6;2;21;0;4;9;2;1;9;0;4
122;Huarte/Uharte;1;1;A;684;0;502;18;56;133;26;47;74;1;61;37;1;48
122;Huarte/Uharte;1;1;B;688;0;482;16;48;170;14;64;55;2;44;31;2;36
122;Huarte/Uharte;1;2;A;672;0;473;11;73;115;21;44;50;4;54;47;2;52
122;Huarte/Uharte;1;2;B;625;0;453;9;50;146;16;43;54;3;42;38;3;49
123;Uharte-Arakil;1;1;U;633;0;441;5;62;147;3;51;43;2;64;10;3;51
124;Ibargoiti;1;1;U;204;0;142;7;4;85;3;4;15;0;5;9;0;10
125;Igúzquiza;1;1;U;286;0;174;13;8;91;3;16;15;4;11;4;1;8
126;Imotz;1;1;U;360;0;226;7;43;62;4;23;12;1;24;3;1;46
127;Irañeta;1;1;U;140;0;98;2;15;42;2;3;11;0;8;2;0;13
128;Isaba/Izaba;1;1;U;439;0;368;14;31;121;5;20;76;0;16;38;1;46
129;Ituren;1;1;U;386;0;311;2;59;30;3;6;10;1;151;3;0;46
130;Iturmendi;1;1;U;303;0;217;6;48;96;3;10;15;0;14;5;0;20
131;Iza;1;1;A;245;0;171;2;12;58;5;11;22;0;12;17;3;29
131;Iza;1;1;B;434;0;274;6;20;125;6;30;29;0;17;11;3;27
132;Izagaondoa;1;1;U;149;0;118;0;7;50;6;12;17;0;1;2;4;19
133;Izalzu/Itzaltzu;1;1;U;43;0;36;1;9;8;0;5;3;0;8;2;0;0
134;Jaurrieta;1;1;U;225;0;171;4;17;76;1;18;20;0;6;7;1;21
135;Javier;1;1;U;78;0;57;0;0;36;0;8;8;0;3;2;0;0
136;Juslapeña;1;1;A;166;0;106;0;14;35;1;16;12;2;7;4;0;15
136;Juslapeña;1;1;B;226;0;160;8;21;35;2;8;28;2;13;18;2;23
137;Beintza-Labaien;1;1;U;234;0;128;3;4;40;3;11;17;2;30;3;1;14
138;Lakuntza;1;1;U;847;0;669;16;213;90;0;51;22;1;171;22;0;83
139;Lana;1;1;U;188;0;115;2;3;68;0;6;9;0;11;10;0;6
140;Lantz;1;1;U;117;0;103;7;3;53;1;3;10;1;16;3;1;5
141;Lapoblación;1;1;U;164;0;130;5;4;96;2;8;3;0;7;3;1;1
142;Larraga;1;1;A;585;0;386;14;35;152;4;77;51;4;8;26;1;14
142;Larraga;1;1;B;412;0;271;6;20;119;1;70;27;1;4;17;0;6
142;Larraga;1;1;C;537;0;355;11;29;114;2;96;32;6;8;46;0;11
143;Larraona;1;1;U;137;0;87;2;1;58;1;7;11;0;2;2;0;3
144;Larraun;1;1;A;290;0;230;7;54;56;3;6;10;0;54;6;1;33
144;Larraun;1;1;B;355;0;246;6;46;29;5;3;27;1;63;5;0;61
144;Larraun;1;1;C;285;0;216;3;75;62;3;3;11;1;23;4;0;31
145;Lazagurría;1;1;U;187;0;148;8;2;79;0;43;13;0;0;1;0;2
146;Leache;1;1;U;45;1;34;2;0;20;0;2;5;0;1;2;0;2
147;Legarda;1;1;U;83;0;78;5;1;42;3;5;7;0;3;10;0;2
148;Legaria;1;1;U;111;0;88;4;0;37;1;21;15;2;2;5;0;1
149;Leitza;1;1;A;605;0;481;7;162;78;7;14;13;0;107;3;0;90
149;Leitza;1;1;B;606;0;441;10;106;107;4;16;20;1;86;3;1;87
149;Leitza;1;2;A;630;0;471;3;159;75;1;14;16;2;81;5;0;115
149;Leitza;1;2;B;636;0;445;3;108;100;3;19;20;1;86;9;0;96
150;Leoz;1;1;U;244;0;190;10;19;54;12;27;21;0;7;9;0;31
151;Lerga;1;1;U;84;0;59;2;3;42;0;2;4;0;1;3;0;2
152;Lerín;1;1;A;332;0;259;3;0;124;2;52;42;0;6;21;0;9
152;Lerín;1;1;B;412;0;0;0;0;0;0;0;0;0;0;0;0;0
152;Lerín;2;1;A;423;0;339;6;2;132;0;83;59;1;4;39;0;13
152;Lerín;2;1;B;403;0;324;9;3;137;7;71;53;1;9;27;1;6
153;Lesaka;1;1;A;462;0;359;5;80;57;6;12;11;1;148;7;0;32
153;Lesaka;1;1;B;476;0;356;4;68;43;5;28;10;1;141;15;0;41
153;Lesaka;2;1;A;606;0;446;8;80;77;8;11;13;0;178;11;2;58
153;Lesaka;2;1;B;711;0;546;10;95;79;12;35;20;0;201;13;0;81
154;Lezáun;1;1;U;233;0;187;5;13;60;5;22;18;0;23;23;1;17
155;Liédena;1;1;U;289;0;220;9;4;77;4;67;37;1;0;14;1;6
156;Lizoáin;1;1;U;220;0;159;2;15;56;7;17;22;0;12;17;0;11
157;Lodosa;1;1;A;609;0;447;5;7;216;3;143;10;1;9;31;3;19
157;Lodosa;1;1;B;531;0;386;5;3;175;7;139;3;0;10;27;0;17
157;Lodosa;1;2;A;671;0;507;16;6;306;3;114;19;1;8;18;1;15
157;Lodosa;1;2;B;686;0;542;6;11;311;3;143;15;0;12;25;2;14
157;Lodosa;2;1;A;633;0;444;8;12;208;2;142;12;1;4;30;2;23
157;Lodosa;2;1;B;592;0;453;8;9;206;6;160;12;0;7;27;1;17
158;Lónguida/Longida;1;1;U;264;0;217;8;20;89;5;9;18;0;14;19;1;34
159;Lumbier;1;1;A;656;0;541;11;48;191;59;28;119;11;18;20;1;35
159;Lumbier;1;1;B;570;0;461;8;35;132;60;25;125;18;7;17;1;33
160;Luquin;1;1;U;105;0;88;2;3;41;0;13;7;3;5;6;0;8
161;Mañeru;1;1;U;322;0;224;3;17;73;5;50;6;6;18;26;0;20
162;Marañón;1;1;U;58;0;38;4;0;21;0;9;1;0;1;0;0;2
163;Marcilla;1;1;U;775;0;607;8;9;275;2;163;13;0;4;129;2;2
163;Marcilla;2;1;A;594;0;498;7;3;203;1;124;8;1;7;143;0;1
163;Marcilla;2;1;B;636;0;520;2;7;185;1;173;11;0;11;126;1;3
164;Mélida;1;1;A;373;0;339;9;4;162;1;134;7;0;2;15;0;5
164;Mélida;1;1;B;298;0;267;3;7;121;1;116;7;1;0;9;1;1
165;Mendavia;1;1;A;497;0;396;21;6;138;1;170;10;0;6;41;0;3
165;Mendavia;1;1;B;375;0;284;9;5;98;2;123;7;0;1;36;0;3
165;Mendavia;1;1;C;531;0;412;19;4;144;2;185;9;0;9;36;2;2
165;Mendavia;2;1;A;564;0;445;23;3;161;3;193;4;0;10;39;0;9
165;Mendavia;2;1;B;488;0;360;20;8;143;0;148;8;0;6;20;2;5
165;Mendavia;2;1;C;581;0;475;19;9;154;1;221;17;0;6;40;1;7
166;Mendaza;1;1;U;311;0;194;9;2;103;1;20;24;0;10;15;1;9
167;Mendigorría;1;1;U;802;0;594;13;50;280;13;83;43;7;18;48;1;38
168;Metauten;1;1;U;264;0;197;7;10;91;1;27;14;1;18;13;0;15
169;Milagro;1;1;A;417;0;339;5;2;196;0;120;3;0;0;10;0;3
169;Milagro;1;1;B;351;0;293;4;0;177;1;101;4;0;0;4;0;2
169;Milagro;2;1;A;440;0;393;4;4;172;1;186;8;0;7;11;0;0
169;Milagro;2;1;B;482;0;425;7;4;221;0;173;8;0;0;9;0;3
169;Milagro;2;1;C;414;0;354;4;1;175;0;158;9;0;3;3;0;1
170;Mirafuentes;1;1;U;54;0;43;1;2;20;0;4;9;0;2;2;0;3
171;Miranda de Arga;1;1;A;415;0;342;10;5;89;4;148;28;1;13;34;0;10
171;Miranda de Arga;1;1;B;420;0;321;2;7;97;6;133;16;1;8;36;2;13
172;Monreal;1;1;U;239;0;168;8;3;91;3;15;20;1;6;4;2;15
173;Monteagudo;1;1;A;402;0;371;4;1;195;1;145;8;0;0;14;2;1
173;Monteagudo;1;1;B;582;0;525;6;10;268;3;207;9;0;2;18;0;2
174;Morentin;1;1;U;116;0;89;9;2;47;0;16;7;0;3;2;0;3
175;Mues;1;1;U;94;0;82;1;1;41;0;12;19;0;5;1;0;2
176;Murchante;1;1;A;812;0;653;4;9;361;15;204;16;1;3;32;2;6
176;Murchante;1;1;B;822;0;644;15;8;324;17;229;18;1;3;22;2;5
176;Murchante;2;1;U;874;0;683;6;9;370;21;221;21;1;6;24;3;1
177;Murieta;1;1;U;227;0;189;7;10;93;10;24;15;0;8;13;1;8
178;Murillo el Cuende;1;1;A;58;0;45;0;0;23;0;18;1;0;2;1;0;0
178;Murillo el Cuende;1;1;B;446;0;365;17;7;195;7;101;21;0;3;10;2;2
178;Murillo el Cuende;1;1;C;57;0;45;0;1;35;0;5;0;0;0;2;1;1
179;Murillo el Fruto;1;1;U;627;0;487;16;13;238;3;156;22;0;11;21;1;6
180;Muruzábal;1;1;U;231;0;183;8;8;92;5;18;15;1;7;14;1;14
181;Navascués;1;1;U;178;0;111;0;19;41;0;11;16;0;2;5;1;16
182;Nazar;1;1;U;48;0;37;3;0;16;1;3;3;0;5;5;0;1
183;Obanos;1;1;U;643;0;558;16;34;250;8;73;48;4;44;49;0;32
184;Oco;1;1;U;70;0;56;0;4;28;0;2;5;0;8;8;0;1
185;Ochagavía;1;1;U;573;0;507;11;64;239;8;35;45;0;36;20;3;46
186;Odieta;1;1;U;287;0;187;9;22;56;1;9;19;0;26;7;0;38
187;Oitz;1;1;U;122;0;70;2;12;13;0;0;1;0;34;5;0;3
188;Olaibar;1;1;U;141;0;103;4;2;32;5;7;13;0;16;8;0;16
189;Olazti/Olazagutía;1;1;A;409;0;268;6;86;47;3;40;20;0;26;11;0;29
189;Olazti/Olazagutía;1;1;B;454;0;300;8;92;54;2;42;16;0;20;16;1;49
189;Olazti/Olazagutía;1;1;C;511;0;326;0;95;61;4;56;18;2;21;20;1;48
190;Olejua;1;1;U;49;0;43;2;3;22;1;6;8;0;0;0;0;1
191;Olite;1;1;A;808;0;598;13;21;245;3;200;23;6;27;30;4;26
191;Olite;1;1;B;756;0;567;16;8;235;5;182;28;11;30;31;2;19
191;Olite;2;1;A;506;0;390;9;9;143;4;143;8;4;20;29;1;20
191;Olite;2;1;B;526;0;408;11;6;163;1;159;7;1;18;31;0;11
192;Olóriz;1;1;U;159;0;116;4;3;42;3;13;14;3;7;19;2;6
193;Olza;1;1;A;292;0;245;13;26;79;5;27;18;0;11;20;1;45
193;Olza;1;1;B;473;0;357;6;39;143;6;30;36;1;23;33;1;39
193;Olza;1;1;C;397;0;302;5;19;145;6;32;29;0;16;21;3;26
194;Ollo;1;1;U;323;0;253;8;18;71;2;28;37;6;11;18;2;52
195;Orbaitzeta;1;1;U;209;0;152;5;37;44;0;0;11;0;19;2;0;34
196;Orbara;1;1;U;56;0;40;1;6;10;1;8;3;0;0;5;0;6
197;Orísoain;1;1;U;71;0;53;2;0;26;0;13;5;0;0;5;0;2
198;Oronz;1;1;U;41;0;31;1;7;4;1;2;6;0;0;6;0;4
199;Oroz-Betelu;1;1;U;199;0;127;4;16;45;3;18;13;0;12;4;0;12
200;Oteiza;1;1;U;778;0;484;11;82;133;17;93;35;1;35;49;6;22
201;Pamplona/Iruña;1;1;U;699;0;459;6;78;102;27;46;21;0;43;46;5;85
201;Pamplona/Iruña;1;2;U;523;0;343;8;49;98;21;26;22;1;17;37;0;64
201;Pamplona/Iruña;1;3;U;710;0;489;7;52;126;30;45;22;1;38;58;2;108
201;Pamplona/Iruña;1;4;A;393;0;268;5;29;59;11;33;17;0;28;30;3;53
201;Pamplona/Iruña;1;4;B;381;0;271;3;30;61;12;37;14;1;30;34;0;49
201;Pamplona/Iruña;1;5;A;427;0;297;4;38;59;21;29;16;0;24;36;0;70
201;Pamplona/Iruña;1;5;B;468;0;296;1;53;58;15;32;20;0;28;32;1;56
201;Pamplona/Iruña;1;6;U;655;0;450;8;51;154;15;45;41;4;59;23;2;48
201;Pamplona/Iruña;1;7;U;593;0;419;4;26;124;19;33;31;2;53;65;2;60
201;Pamplona/Iruña;1;8;U;665;0;463;9;37;177;18;30;39;0;35;49;2;67
201;Pamplona/Iruña;1;9;A;423;0;305;3;31;104;12;30;18;1;21;42;1;42
201;Pamplona/Iruña;1;9;B;354;0;249;2;25;67;10;27;17;0;27;28;2;44
201;Pamplona/Iruña;1;10;A;401;0;291;4;15;93;10;33;20;0;31;31;0;54
201;Pamplona/Iruña;1;10;B;431;0;315;1;40;99;13;32;29;0;23;30;6;42
201;Pamplona/Iruña;1;11;A;367;0;238;6;53;46;12;29;5;0;15;26;0;46
201;Pamplona/Iruña;1;11;B;366;0;232;0;49;56;9;29;8;2;12;22;1;44
201;Pamplona/Iruña;1;12;U;661;0;396;5;105;66;32;59;11;0;25;36;1;56
201;Pamplona/Iruña;1;13;A;435;0;289;0;49;63;15;44;12;1;21;27;1;56
201;Pamplona/Iruña;1;13;B;495;0;325;3;56;71;15;39;31;0;16;29;0;65
201;Pamplona/Iruña;2;1;A;496;0;368;10;12;185;3;30;27;4;37;25;1;34
201;Pamplona/Iruña;2;1;B;480;0;327;6;4;151;8;37;35;2;24;23;2;35
201;Pamplona/Iruña;2;2;A;450;0;333;7;3;221;3;20;37;1;22;8;1;10
201;Pamplona/Iruña;2;2;B;449;0;345;11;7;199;2;23;57;0;21;12;2;11
201;Pamplona/Iruña;2;3;A;308;0;229;6;3;152;2;7;16;1;24;5;1;12
201;Pamplona/Iruña;2;3;B;487;0;352;6;12;209;5;17;29;2;35;19;2;16
201;Pamplona/Iruña;2;4;A;608;0;420;7;5;298;0;21;37;2;19;16;0;15
201;Pamplona/Iruña;2;4;B;552;0;416;8;6;294;3;24;38;0;23;6;2;12
201;Pamplona/Iruña;2;4;C;525;0;379;8;5;283;4;21;25;1;13;12;2;5
201;Pamplona/Iruña;2;5;A;415;0;320;2;3;197;5;14;41;0;27;14;1;16
201;Pamplona/Iruña;2;5;B;535;0;403;9;17;223;4;30;44;0;38;12;4;22
201;Pamplona/Iruña;2;5;C;491;0;371;7;6;223;3;31;46;2;23;14;0;16
201;Pamplona/Iruña;2;6;A;572;0;428;14;17;216;3;33;31;3;53;30;0;28
201;Pamplona/Iruña;2;6;B;549;0;414;4;11;225;6;25;52;0;49;22;0;20
201;Pamplona/Iruña;2;7;A;416;0;322;11;7;191;3;15;28;0;29;18;2;18
201;Pamplona/Iruña;2;7;B;439;0;327;4;11;195;6;22;27;0;15;13;2;32
201;Pamplona/Iruña;2;8;A;505;0;358;8;11;176;2;28;31;3;33;31;2;33
201;Pamplona/Iruña;2;8;B;507;10;353;7;11;180;4;38;31;0;35;28;0;19
201;Pamplona/Iruña;2;9;A;557;0;406;6;21;160;11;60;39;0;37;39;4;29
201;Pamplona/Iruña;2;9;B;509;0;354;6;9;124;6;65;32;1;40;48;2;21
201;Pamplona/Iruña;2;10;A;524;0;367;13;11;179;3;35;37;1;33;31;2;22
201;Pamplona/Iruña;2;10;B;546;0;401;9;13;205;4;29;39;2;42;30;0;28
201;Pamplona/Iruña;2;11;A;577;0;432;9;15;183;9;49;41;0;52;41;1;32
201;Pamplona/Iruña;2;11;B;578;0;437;6;13;181;5;43;59;1;63;37;4;25
201;Pamplona/Iruña;2;12;A;629;0;448;4;13;226;7;48;38;3;34;40;0;35
201;Pamplona/Iruña;2;12;B;608;0;442;10;28;229;6;40;32;1;41;31;1;23
201;Pamplona/Iruña;2;13;A;404;0;311;12;1;211;5;15;29;0;23;6;1;8
201;Pamplona/Iruña;2;13;B;346;0;272;3;3;174;0;18;29;0;22;12;0;11
201;Pamplona/Iruña;2;14;A;637;0;477;12;15;295;11;29;31;0;39;16;2;27
201;Pamplona/Iruña;2;14;B;571;0;445;9;13;272;4;30;46;1;34;16;0;20
201;Pamplona/Iruña;2;15;A;370;0;275;10;16;133;4;32;17;1;31;12;1;18
201;Pamplona/Iruña;2;15;B;447;0;339;13;14;175;4;32;29;0;25;29;1;17
201;Pamplona/Iruña;2;16;A;388;0;285;8;13;110;8;29;21;0;16;37;1;42
201;Pamplona/Iruña;2;16;B;395;0;276;1;16;102;10;34;23;2;25;33;1;29
201;Pamplona/Iruña;2;17;A;406;0;280;8;4;181;2;18;21;0;17;13;0;16
201;Pamplona/Iruña;2;17;B;336;0;249;6;4;153;2;19;18;0;20;15;0;12
201;Pamplona/Iruña;3;1;A;393;0;261;2;19;111;7;38;21;1;19;19;3;21
201;Pamplona/Iruña;3;1;B;388;0;246;3;18;107;4;36;26;1;18;16;1;16
201;Pamplona/Iruña;3;2;A;414;0;295;4;7;180;3;22;26;0;26;12;0;15
201;Pamplona/Iruña;3;2;B;427;0;316;6;11;178;0;26;28;1;23;27;2;14
201;Pamplona/Iruña;3;3;A;465;0;330;4;24;122;14;35;36;1;30;34;3;27
201;Pamplona/Iruña;3;3;B;580;0;417;7;35;175;12;40;27;0;27;46;2;46
201;Pamplona/Iruña;3;3;C;485;0;349;3;17;143;11;52;29;2;19;48;1;24
201;Pamplona/Iruña;3;4;A;365;0;232;4;17;68;10;39;22;0;21;20;1;30
201;Pamplona/Iruña;3;4;B;352;0;227;2;12;71;5;35;19;0;17;32;0;34
201;Pamplona/Iruña;3;5;A;481;0;322;9;24;98;3;42;30;0;33;53;1;29
201;Pamplona/Iruña;3;5;B;467;0;338;7;10;163;4;44;44;2;16;22;2;24
201;Pamplona/Iruña;3;6;A;453;0;339;11;12;205;4;26;33;1;17;15;0;15
201;Pamplona/Iruña;3;6;B;476;0;364;7;9;201;4;26;39;1;29;29;1;18
201;Pamplona/Iruña;3;6;C;467;0;352;13;10;191;2;42;40;0;20;18;2;14
201;Pamplona/Iruña;3;7;A;578;0;448;9;12;272;7;24;50;1;29;19;2;23
201;Pamplona/Iruña;3;7;B;568;0;432;5;7;279;2;34;44;0;13;29;3;16
201;Pamplona/Iruña;3;8;A;374;0;256;6;20;94;4;36;30;0;21;23;1;21
201;Pamplona/Iruña;3;8;B;437;0;317;8;29;118;7;53;37;0;10;25;4;26
201;Pamplona/Iruña;3;8;C;379;0;239;3;13;86;7;43;17;1;15;27;0;27
201;Pamplona/Iruña;3;9;A;506;0;346;10;22;130;9;50;24;1;34;28;0;38
201;Pamplona/Iruña;3;9;B;474;0;293;6;14;111;7;59;21;3;22;27;0;23
201;Pamplona/Iruña;3;10;A;500;0;355;5;19;124;4;70;36;0;30;37;0;30
201;Pamplona/Iruña;3;10;B;519;0;356;3;12;155;1;56;38;3;23;37;1;27
201;Pamplona/Iruña;3;11;A;571;0;434;9;1;246;4;31;53;0;25;36;3;26
201;Pamplona/Iruña;3;11;B;531;0;408;15;8;214;3;35;47;1;23;35;3;24
201;Pamplona/Iruña;3;12;A;509;0;382;17;13;164;3;39;56;0;41;22;0;27
201;Pamplona/Iruña;3;12;B;526;0;394;6;22;172;1;45;45;1;27;34;3;38
201;Pamplona/Iruña;3;13;A;530;0;355;8;25;110;7;79;28;0;34;30;4;30
201;Pamplona/Iruña;3;13;B;520;0;351;6;16;95;8;77;25;1;31;40;1;51
201;Pamplona/Iruña;3;14;A;534;0;396;5;9;191;6;39;35;2;23;42;3;41
201;Pamplona/Iruña;3;14;B;469;0;353;5;2;181;9;25;44;6;20;38;0;23
201;Pamplona/Iruña;3;14;C;566;0;399;7;11;207;5;43;46;1;18;28;4;29
201;Pamplona/Iruña;3;15;A;481;0;364;6;8;212;5;29;37;1;32;19;2;13
201;Pamplona/Iruña;3;15;B;519;0;394;7;8;230;6;28;36;2;27;32;1;17
201;Pamplona/Iruña;3;15;C;513;0;374;8;10;223;3;26;32;2;29;19;0;22
201;Pamplona/Iruña;3;16;A;468;0;351;8;7;200;5;25;39;2;25;23;2;15
201;Pamplona/Iruña;3;16;B;482;0;357;5;3;216;6;25;22;2;37;25;0;16
201;Pamplona/Iruña;3;17;A;528;0;385;8;4;244;8;19;35;4;22;20;1;20
201;Pamplona/Iruña;3;17;B;526;0;413;11;9;257;3;31;43;0;24;13;1;21
201;Pamplona/Iruña;3;18;A;468;0;338;10;18;143;10;47;19;0;33;25;2;31
201;Pamplona/Iruña;3;18;B;541;0;389;5;16;164;12;64;42;0;39;24;0;23
201;Pamplona/Iruña;3;19;A;522;0;371;14;26;101;12;69;35;1;37;33;0;43
201;Pamplona/Iruña;3;19;B;614;0;450;10;27;121;17;84;36;0;35;56;3;61
201;Pamplona/Iruña;3;19;C;618;0;448;14;31;146;12;84;42;0;21;42;3;53
201;Pamplona/Iruña;3;20;A;718;0;512;17;18;249;5;58;65;1;31;33;0;35
201;Pamplona/Iruña;3;20;B;653;0;468;5;17;237;10;47;50;0;41;28;1;32
201;Pamplona/Iruña;3;21;A;561;0;431;15;24;130;9;40;50;0;41;49;3;70
201;Pamplona/Iruña;3;21;B;666;0;515;7;30;156;19;81;60;1;45;52;2;62
201;Pamplona/Iruña;3;22;A;365;0;250;3;16;63;8;52;18;0;13;44;1;32
201;Pamplona/Iruña;3;22;B;346;0;255;2;28;56;6;50;24;0;24;23;0;42
201;Pamplona/Iruña;3;23;A;743;0;569;22;13;307;3;45;61;0;47;31;5;35
201;Pamplona/Iruña;3;23;B;732;0;558;14;6;304;2;60;62;0;54;31;2;23
201;Pamplona/Iruña;3;24;A;732;0;545;9;13;309;3;65;51;1;39;27;3;25
201;Pamplona/Iruña;3;24;B;774;0;558;19;2;308;10;75;66;0;31;29;0;18
201;Pamplona/Iruña;3;25;A;819;0;562;7;23;262;8;54;67;0;62;41;3;35
201;Pamplona/Iruña;3;25;B;787;0;558;14;16;241;12;87;65;1;37;51;4;30
201;Pamplona/Iruña;3;26;A;635;0;394;6;24;134;9;80;32;0;26;32;1;50
201;Pamplona/Iruña;3;26;B;610;0;396;12;23;131;15;89;22;0;14;42;2;46
201;Pamplona/Iruña;3;27;A;520;0;375;6;10;178;5;45;43;2;30;28;4;24
201;Pamplona/Iruña;3;27;B;540;0;385;9;17;184;4;66;40;0;15;34;1;15
201;Pamplona/Iruña;4;1;A;648;0;406;10;10;235;6;21;64;1;21;20;1;17
201;Pamplona/Iruña;4;1;B;586;0;350;7;10;224;5;34;31;1;20;12;1;5
201;Pamplona/Iruña;4;2;A;451;0;311;9;13;137;6;46;22;0;23;36;0;19
201;Pamplona/Iruña;4;2;B;569;0;409;12;16;195;6;49;37;0;38;27;1;28
201;Pamplona/Iruña;4;2;C;452;0;336;9;12;160;4;50;35;0;23;29;0;14
201;Pamplona/Iruña;4;3;A;644;0;459;12;19;177;6;73;51;0;45;34;4;38
201;Pamplona/Iruña;4;3;B;589;0;435;14;9;202;4;63;61;0;18;35;3;26
201;Pamplona/Iruña;4;4;A;480;0;370;8;8;200;2;23;64;1;26;25;2;11
201;Pamplona/Iruña;4;4;B;517;0;394;18;12;238;4;12;60;2;24;13;0;11
201;Pamplona/Iruña;4;5;A;562;0;428;9;24;187;3;57;39;0;37;38;0;34
201;Pamplona/Iruña;4;5;B;602;0;482;8;9;219;12;75;53;0;35;39;2;30
201;Pamplona/Iruña;4;6;A;436;0;347;7;10;220;2;27;37;0;17;14;0;13
201;Pamplona/Iruña;4;6;B;360;0;276;1;3;177;5;8;35;0;15;13;0;19
201;Pamplona/Iruña;4;7;A;580;0;447;11;8;265;6;34;39;1;35;31;0;17
201;Pamplona/Iruña;4;7;B;574;0;440;10;19;219;4;47;44;1;34;27;1;34
201;Pamplona/Iruña;4;8;A;749;0;592;16;13;236;15;66;67;2;49;55;2;71
201;Pamplona/Iruña;4;8;B;726;0;566;18;29;242;13;68;54;0;37;47;1;57
201;Pamplona/Iruña;4;9;A;478;0;342;12;17;162;2;41;29;0;24;33;0;22
201;Pamplona/Iruña;4;9;B;356;0;257;8;10;103;2;44;28;0;16;21;1;24
201;Pamplona/Iruña;4;10;A;703;0;545;19;26;242;11;53;60;0;43;43;1;47
201;Pamplona/Iruña;4;10;B;740;0;574;14;15;243;10;70;62;2;56;58;1;43
201;Pamplona/Iruña;4;11;A;577;0;396;9;13;153;7;75;38;3;26;40;3;29
201;Pamplona/Iruña;4;11;B;621;0;438;6;24;161;6;87;40;0;38;41;2;33
201;Pamplona/Iruña;4;12;A;432;0;222;2;7;58;4;82;11;0;8;36;1;13
201;Pamplona/Iruña;4;12;B;476;0;263;4;9;63;1;115;8;1;8;28;1;25
201;Pamplona/Iruña;4;13;A;633;0;404;5;21;132;15;97;20;2;17;58;2;35
201;Pamplona/Iruña;4;13;B;614;0;368;4;26;117;5;98;26;0;14;40;2;36
201;Pamplona/Iruña;4;14;A;606;0;483;15;17;207;6;53;74;3;35;39;2;32
201;Pamplona/Iruña;4;14;B;650;0;493;11;22;206;14;62;48;2;36;37;1;54
201;Pamplona/Iruña;4;15;U;613;0;439;12;20;199;13;44;54;2;23;30;2;40
201;Pamplona/Iruña;4;16;A;358;0;259;5;8;140;3;26;30;0;17;13;0;17
201;Pamplona/Iruña;4;16;B;401;0;304;9;11;163;2;39;32;0;10;20;0;18
201;Pamplona/Iruña;4;17;A;565;0;419;4;11;199;4;50;56;0;32;31;1;31
201;Pamplona/Iruña;4;17;B;514;0;391;11;20;192;2;54;41;1;20;26;1;23
201;Pamplona/Iruña;4;17;C;533;0;392;16;10;205;8;42;38;0;18;28;1;26
201;Pamplona/Iruña;4;18;A;541;0;412;11;7;199;5;48;57;2;24;34;1;24
201;Pamplona/Iruña;4;18;B;606;0;473;5;6;242;5;56;56;1;33;33;2;34
201;Pamplona/Iruña;4;18;C;512;0;385;7;10;210;4;49;31;0;25;22;1;26
201;Pamplona/Iruña;4;19;A;529;0;411;15;18;153;7;64;31;0;27;51;3;42
201;Pamplona/Iruña;4;19;B;503;0;375;10;24;151;5;56;27;0;35;38;3;26
201;Pamplona/Iruña;4;20;A;430;0;328;8;9;126;7;64;30;0;23;24;1;36
201;Pamplona/Iruña;4;20;B;428;0;328;7;14;159;3;40;23;1;18;33;0;30
201;Pamplona/Iruña;4;21;A;474;0;361;7;13;106;8;62;40;0;29;64;5;27
201;Pamplona/Iruña;4;21;B;546;0;404;4;15;125;7;71;56;2;23;54;1;46
201;Pamplona/Iruña;4;21;C;492;0;382;6;19;137;9;51;50;1;25;54;0;30
201;Pamplona/Iruña;4;22;A;441;0;326;3;11;136;7;46;24;0;28;29;4;38
201;Pamplona/Iruña;4;22;B;385;0;292;5;13;127;8;39;27;0;21;35;1;16
201;Pamplona/Iruña;4;23;U;488;0;383;22;12;203;6;40;26;0;39;18;1;16
201;Pamplona/Iruña;4;24;A;742;0;583;9;15;304;7;45;79;1;54;33;2;34
201;Pamplona/Iruña;4;24;B;711;0;535;17;7;277;5;58;68;0;40;31;3;29
201;Pamplona/Iruña;4;25;A;494;0;352;4;21;124;7;49;39;0;25;43;2;38
201;Pamplona/Iruña;4;25;B;566;0;393;5;21;133;9;66;34;2;32;39;0;52
201;Pamplona/Iruña;4;25;C;502;0;357;12;21;126;5;50;41;1;18;35;2;46
201;Pamplona/Iruña;4;26;A;740;0;447;11;20;174;13;71;35;1;30;42;6;44
201;Pamplona/Iruña;4;26;B;750;0;464;14;18;179;11;84;42;0;24;50;1;41
201;Pamplona/Iruña;5;1;A;430;0;301;3;4;210;4;38;15;1;8;7;1;10
201;Pamplona/Iruña;5;1;B;444;0;289;2;2;190;1;41;12;1;7;20;1;12
201;Pamplona/Iruña;5;2;A;436;0;275;4;21;95;2;57;23;0;19;32;1;21
201;Pamplona/Iruña;5;2;B;450;0;281;8;22;83;6;48;28;0;20;32;0;34
201;Pamplona/Iruña;5;3;U;619;0;410;7;16;170;2;67;38;0;23;55;0;32
201;Pamplona/Iruña;5;4;A;483;0;356;10;26;109;9;68;36;1;18;34;2;43
201;Pamplona/Iruña;5;4;B;465;0;317;9;18;96;3;67;31;1;14;35;5;38
201;Pamplona/Iruña;5;5;A;495;0;318;4;28;115;3;71;24;0;18;28;2;25
201;Pamplona/Iruña;5;5;B;430;0;286;3;15;112;11;65;22;1;13;16;1;27
201;Pamplona/Iruña;5;6;A;522;0;336;5;30;120;7;60;23;1;19;29;2;40
201;Pamplona/Iruña;5;6;B;478;0;329;7;22;100;7;61;34;4;19;39;2;34
201;Pamplona/Iruña;5;7;A;532;0;352;1;43;101;8;87;16;2;13;35;4;42
201;Pamplona/Iruña;5;7;B;511;0;321;1;30;105;7;67;25;0;17;31;1;37
201;Pamplona/Iruña;5;8;A;396;0;264;7;6;154;3;32;16;0;22;14;0;10
201;Pamplona/Iruña;5;8;B;438;0;293;5;9;165;2;45;14;0;19;19;2;13
201;Pamplona/Iruña;5;9;A;733;0;538;12;19;267;8;57;55;1;44;38;0;37
201;Pamplona/Iruña;5;9;B;702;0;495;9;12;223;12;52;66;1;34;46;2;38
201;Pamplona/Iruña;5;10;A;526;0;369;6;19;147;5;67;33;1;25;36;2;28
201;Pamplona/Iruña;5;10;B;541;0;388;1;21;130;9;71;40;0;23;52;5;36
201;Pamplona/Iruña;5;11;A;619;0;445;5;21;162;10;75;44;0;37;49;3;39
201;Pamplona/Iruña;5;11;B;584;0;405;10;19;150;5;53;58;0;25;37;2;46
201;Pamplona/Iruña;5;12;A;377;0;247;1;24;76;4;46;24;4;11;30;1;26
201;Pamplona/Iruña;5;12;B;396;0;247;2;17;80;9;47;15;0;16;26;0;35
201;Pamplona/Iruña;6;1;A;593;0;373;4;37;112;9;68;21;1;34;35;1;51
201;Pamplona/Iruña;6;1;B;651;0;416;5;52;100;8;70;33;0;31;50;1;66
201;Pamplona/Iruña;6;2;A;503;0;286;0;27;79;7;67;30;1;17;32;3;23
201;Pamplona/Iruña;6;2;B;553;0;323;9;24;94;10;71;20;0;20;42;1;32
201;Pamplona/Iruña;6;2;C;475;0;280;7;24;82;9;62;19;2;10;45;4;16
201;Pamplona/Iruña;6;3;A;502;0;328;0;28;61;12;63;27;0;25;56;0;56
201;Pamplona/Iruña;6;3;B;462;0;277;6;29;61;17;67;18;0;15;25;0;39
201;Pamplona/Iruña;6;4;A;446;0;291;5;22;77;11;83;7;0;16;25;0;45
201;Pamplona/Iruña;6;4;B;449;0;294;6;33;79;8;82;10;1;15;29;0;31
201;Pamplona/Iruña;6;5;A;556;0;349;4;44;82;14;72;36;0;19;43;0;35
201;Pamplona/Iruña;6;5;B;589;0;369;13;44;115;10;68;21;0;18;47;2;31
201;Pamplona/Iruña;6;6;A;428;0;287;11;40;57;22;34;19;0;19;34;0;51
201;Pamplona/Iruña;6;6;B;410;0;269;0;44;43;23;41;13;0;26;31;0;48
201;Pamplona/Iruña;6;7;A;537;0;377;5;51;92;14;75;34;0;21;33;0;52
201;Pamplona/Iruña;6;7;B;583;0;417;8;57;100;17;72;27;0;20;54;4;58
201;Pamplona/Iruña;6;7;C;560;0;369;7;48;87;18;64;30;1;23;51;1;39
201;Pamplona/Iruña;6;9;A;393;0;266;3;21;86;13;40;13;2;15;37;1;35
201;Pamplona/Iruña;6;9;B;391;0;271;3;28;68;14;63;14;1;16;32;0;32
201;Pamplona/Iruña;6;10;A;655;0;433;7;51;107;17;88;34;0;25;39;1;64
201;Pamplona/Iruña;6;10;B;567;0;396;11;41;117;12;73;26;0;19;43;3;51
201;Pamplona/Iruña;6;11;A;350;0;218;4;14;74;10;47;12;0;9;15;3;30
201;Pamplona/Iruña;6;11;B;365;0;218;5;24;54;9;45;8;0;8;29;3;33
201;Pamplona/Iruña;6;12;A;517;0;343;6;31;83;11;58;33;0;21;40;3;57
201;Pamplona/Iruña;6;12;B;586;0;394;14;43;80;17;78;25;0;22;62;4;49
201;Pamplona/Iruña;6;12;C;545;0;358;4;56;78;7;63;20;1;21;51;3;54
201;Pamplona/Iruña;6;13;A;564;0;356;5;39;75;19;87;31;0;10;47;1;42
201;Pamplona/Iruña;6;13;B;564;0;361;8;29;85;16;87;24;0;23;42;3;44
201;Pamplona/Iruña;6;14;A;428;0;276;6;38;64;12;53;13;0;16;36;1;37
201;Pamplona/Iruña;6;14;B;436;0;303;6;41;69;21;68;14;1;16;33;1;33
201;Pamplona/Iruña;6;15;A;681;0;482;11;50;145;13;80;31;3;45;55;2;47
201;Pamplona/Iruña;6;15;B;669;0;454;8;44;147;17;103;29;2;19;43;5;37
201;Pamplona/Iruña;7;1;A;582;0;354;7;20;71;25;86;22;2;21;70;4;26
201;Pamplona/Iruña;7;1;B;610;0;394;5;36;107;17;85;27;0;24;56;0;37
201;Pamplona/Iruña;7;2;A;532;0;322;8;35;80;13;73;25;1;24;35;3;25
201;Pamplona/Iruña;7;2;B;550;0;310;9;26;78;13;49;33;1;17;43;1;40
201;Pamplona/Iruña;7;2;C;501;0;300;5;15;92;14;66;16;2;10;44;3;33
201;Pamplona/Iruña;7;3;A;638;0;416;10;39;130;17;87;21;1;17;45;0;49
201;Pamplona/Iruña;7;3;B;696;0;431;8;45;105;24;108;22;0;20;52;1;46
201;Pamplona/Iruña;7;4;A;517;0;312;10;17;86;10;87;17;1;8;44;2;30
201;Pamplona/Iruña;7;4;B;563;0;340;4;22;72;15;102;20;1;8;52;1;43
201;Pamplona/Iruña;7;5;A;427;0;279;9;29;70;5;59;16;0;16;37;3;35
201;Pamplona/Iruña;7;5;B;468;0;297;5;27;80;12;66;22;1;14;40;0;30
201;Pamplona/Iruña;7;6;A;525;0;358;7;35;84;14;68;33;1;21;47;0;48
201;Pamplona/Iruña;7;6;B;707;0;457;7;30;115;12;77;36;0;38;69;4;69
201;Pamplona/Iruña;7;6;C;626;0;408;19;32;103;17;72;34;1;31;49;1;49
201;Pamplona/Iruña;7;7;A;556;0;357;11;36;86;11;75;25;0;20;46;4;43
201;Pamplona/Iruña;7;7;B;613;0;372;7;41;70;15;83;33;2;27;46;2;46
201;Pamplona/Iruña;7;7;C;533;0;343;11;44;80;10;80;19;2;16;37;0;44
201;Pamplona/Iruña;7;8;A;602;0;362;6;36;88;14;81;22;1;11;59;0;44
201;Pamplona/Iruña;7;8;B;730;0;444;5;32;108;17;106;30;0;24;66;1;55
201;Pamplona/Iruña;7;8;C;634;0;393;9;30;95;8;79;31;1;32;57;2;49
201;Pamplona/Iruña;7;9;A;445;0;193;1;18;71;12;43;5;1;8;17;1;16
201;Pamplona/Iruña;7;9;B;453;0;222;5;21;72;11;60;4;0;10;20;2;17
201;Pamplona/Iruña;7;10;A;672;0;395;5;36;85;20;85;25;0;30;54;3;52
201;Pamplona/Iruña;7;10;B;827;0;479;11;24;115;30;113;34;1;23;72;1;55
201;Pamplona/Iruña;7;10;C;705;0;424;21;23;97;21;93;20;0;27;57;5;60
201;Pamplona/Iruña;7;11;A;528;0;319;2;23;91;11;78;48;0;9;35;1;21
201;Pamplona/Iruña;7;11;B;627;0;393;14;43;112;17;79;30;0;25;47;2;24
201;Pamplona/Iruña;7;11;C;577;0;365;11;34;107;16;85;25;0;19;35;2;31
201;Pamplona/Iruña;7;12;A;639;0;447;10;33;111;17;96;25;0;29;67;3;56
201;Pamplona/Iruña;7;12;B;693;0;432;16;33;99;23;106;19;2;28;68;2;36
201;Pamplona/Iruña;7;13;A;493;0;313;3;20;78;29;77;24;0;10;50;0;22
201;Pamplona/Iruña;7;13;B;511;0;339;8;25;93;25;86;19;1;14;43;3;22
201;Pamplona/Iruña;7;14;A;626;0;380;5;25;116;20;84;31;0;13;53;1;32
201;Pamplona/Iruña;7;14;B;633;0;366;4;26;132;21;83;20;1;13;45;2;19
201;Pamplona/Iruña;7;15;A;643;0;458;13;37;118;13;102;38;0;26;56;2;53
201;Pamplona/Iruña;7;15;B;682;0;448;2;23;117;17;106;39;3;24;75;0;42
201;Pamplona/Iruña;7;16;A;453;0;292;6;21;77;10;78;19;0;20;40;1;20
201;Pamplona/Iruña;7;16;B;477;0;327;8;26;86;12;104;18;0;14;39;1;19
201;Pamplona/Iruña;7;17;U;697;0;482;15;36;131;30;124;27;0;15;59;3;42
201;Pamplona/Iruña;7;18;A;633;0;405;8;48;96;21;70;24;1;23;56;3;55
201;Pamplona/Iruña;7;18;B;610;0;400;10;32;103;16;90;19;3;26;51;1;49
201;Pamplona/Iruña;7;19;A;652;0;422;6;44;95;12;81;28;0;26;67;3;60
201;Pamplona/Iruña;7;19;B;732;0;475;11;49;116;16;124;30;0;29;55;0;45
201;Pamplona/Iruña;8;1;A;496;0;322;10;15;80;9;59;26;3;35;39;1;45
201;Pamplona/Iruña;8;1;B;569;0;403;16;25;86;14;88;41;2;29;52;2;48
201;Pamplona/Iruña;8;2;A;659;0;487;12;20;128;19;76;35;1;39;67;8;82
201;Pamplona/Iruña;8;2;B;785;0;581;19;33;176;19;90;50;0;34;76;5;79
201;Pamplona/Iruña;8;2;C;663;0;487;14;19;132;14;77;47;1;33;81;4;65
201;Pamplona/Iruña;8;3;A;569;0;378;3;32;80;18;60;32;1;31;65;3;53
201;Pamplona/Iruña;8;3;B;650;0;445;9;20;95;22;90;36;1;37;66;1;68
201;Pamplona/Iruña;8;3;C;628;0;430;10;29;99;25;69;36;1;24;67;3;67
201;Pamplona/Iruña;8;4;A;556;0;389;6;34;81;24;61;27;1;22;60;3;70
201;Pamplona/Iruña;8;4;B;502;0;352;8;21;71;13;51;40;2;17;65;1;63
201;Pamplona/Iruña;8;5;A;450;0;333;9;12;78;15;59;21;0;34;62;1;42
201;Pamplona/Iruña;8;5;B;468;0;320;6;7;80;16;64;23;0;28;60;2;34
202;Peralta;1;1;A;485;0;367;10;11;183;0;70;20;0;1;54;10;8
202;Peralta;1;1;B;514;0;384;3;8;201;2;84;25;2;5;38;8;8
202;Peralta;1;2;A;676;0;543;9;8;211;4;154;20;4;4;104;15;10
202;Peralta;1;2;B;661;0;516;10;10;181;2;154;32;0;6;98;10;13
202;Peralta;2;1;A;518;0;405;6;7;227;2;73;20;0;1;63;3;3
202;Peralta;2;1;B;601;0;464;8;2;235;1;108;24;1;4;65;6;10
202;Peralta;2;1;C;491;0;366;11;6;152;0;100;32;0;5;46;7;7
203;Petilla de Aragón;1;1;U;34;0;24;0;0;9;0;10;2;1;1;0;0;1
204;Piedramillera;1;1;U;58;0;54;1;2;30;0;7;2;0;4;2;0;6
205;Pitillas;1;1;U;611;0;555;27;25;148;14;135;69;5;17;72;3;40
206;Puente la Reina/Gares;1;1;A;619;0;546;8;56;194;9;84;39;12;53;53;2;36
206;Puente la Reina/Gares;1;1;B;718;0;594;9;69;223;11;89;51;14;40;42;3;43
206;Puente la Reina/Gares;1;1;C;598;0;506;20;52;201;10;68;43;10;32;29;2;39
207;Pueyo;1;1;U;279;0;204;9;38;71;6;32;9;0;7;20;0;12
208;Ribaforada;1;1;A;346;1;299;13;2;126;2;86;4;0;3;62;0;1
208;Ribaforada;1;1;B;471;0;396;7;9;194;2;133;4;0;0;45;1;1
208;Ribaforada;2;1;A;574;2;491;11;12;166;9;194;8;0;2;85;2;2
208;Ribaforada;2;1;B;621;4;523;12;7;142;6;263;2;1;5;85;0;0
208;Ribaforada;2;1;C;607;0;530;11;9;184;4;232;6;0;4;78;0;2
209;Romanzado;1;1;U;141;0;111;6;8;56;5;12;6;0;4;5;2;7
210;Roncal/Erronkari;1;1;U;275;0;226;10;7;86;6;19;51;1;15;7;1;23
211;Orreaga/Roncesvalles;1;1;U;24;0;19;2;0;11;0;0;6;0;0;0;0;0
212;Sada;1;1;U;203;0;143;5;1;81;1;17;22;1;4;4;1;6
213;Saldías;1;1;U;118;0;87;3;17;8;3;1;19;0;27;0;0;9
214;Salinas de Oro;1;1;U;92;0;59;2;0;28;1;3;8;0;7;3;0;7
215;San Adrián;1;1;A;573;0;441;4;2;212;1;183;11;0;4;19;1;4
215;San Adrián;1;1;B;513;0;409;7;1;196;4;153;11;0;4;23;0;10
215;San Adrián;1;2;A;730;0;585;14;7;292;2;232;11;0;5;20;0;2
215;San Adrián;1;2;B;628;0;524;9;4;280;2;188;11;0;1;22;4;3
215;San Adrián;2;1;A;630;0;497;4;2;225;3;223;12;0;2;21;2;3
215;San Adrián;2;1;B;628;0;503;6;8;229;1;205;18;0;5;24;2;5
215;San Adrián;2;2;U;773;0;598;8;1;266;5;271;15;1;2;24;2;3
216;Sangüesa/Zangoza;1;1;A;49;0;36;1;3;12;0;14;0;0;2;4;0;0
216;Sangüesa/Zangoza;1;1;B;699;0;528;15;21;208;6;105;60;3;19;63;1;27
216;Sangüesa/Zangoza;1;1;C;737;0;556;16;16;207;11;119;67;2;26;62;4;26
216;Sangüesa/Zangoza;2;1;A;100;0;80;2;5;13;1;12;7;1;1;32;0;6
216;Sangüesa/Zangoza;2;1;B;347;0;285;5;12;143;1;38;27;7;11;19;0;22
216;Sangüesa/Zangoza;2;1;C;409;0;320;11;9;133;4;70;27;4;21;22;0;19
216;Sangüesa/Zangoza;2;2;A;741;0;551;11;29;214;8;94;67;9;25;70;2;22
216;Sangüesa/Zangoza;2;2;B;764;0;553;15;20;213;6;141;41;6;31;54;1;25
217;San Martín de Unx;1;1;U;412;0;353;20;12;165;2;81;20;0;14;24;0;15
219;Sansol;1;1;U;109;0;85;3;0;36;0;37;2;0;1;5;0;1
220;Santacara;1;1;A;418;0;316;11;7;155;0;93;24;0;1;9;3;13
220;Santacara;1;1;B;447;0;333;14;6;145;2;121;18;0;3;19;0;5
221;Doneztebe/Santesteban;1;1;A;544;0;435;11;34;113;3;21;23;0;169;8;1;52
221;Doneztebe/Santesteban;1;1;B;532;0;435;17;23;114;5;23;25;0;171;12;0;45
222;Sarriés/Sartze;1;1;U;73;0;48;3;7;14;0;4;4;0;6;5;0;5
223;Sartaguda;1;1;A;446;0;371;8;31;167;0;122;6;0;5;23;0;9
223;Sartaguda;1;1;B;690;0;561;12;69;196;1;218;6;0;14;30;0;15
224;Sesma;1;1;A;574;0;453;9;6;205;1;175;11;0;10;27;1;8
224;Sesma;1;1;B;557;0;456;8;7;216;1;157;15;0;9;31;2;10
225;Sorlada;1;1;U;44;0;32;0;0;17;0;7;2;0;3;3;0;0
226;Sunbilla;1;1;U;576;0;427;2;58;65;1;18;13;0;229;1;3;37
227;Tafalla;1;1;A;389;0;308;13;17;130;3;40;25;2;47;23;0;8
227;Tafalla;1;1;B;414;0;311;3;28;137;3;60;18;0;25;25;1;11
227;Tafalla;1;2;A;548;0;429;11;22;152;2;86;19;1;54;58;1;23
227;Tafalla;1;2;B;600;1;458;5;32;167;3;94;20;2;46;62;1;26
227;Tafalla;1;2;C;462;0;373;10;26;146;1;60;21;0;31;43;2;33
227;Tafalla;1;3;A;498;0;380;12;42;97;8;85;27;0;30;60;1;18
227;Tafalla;1;3;B;573;0;434;10;50;129;2;119;13;1;32;56;1;21
227;Tafalla;1;3;C;525;0;396;19;32;118;3;108;19;1;23;52;2;19
227;Tafalla;2;1;A;458;0;341;6;38;101;3;79;14;0;29;54;1;16
227;Tafalla;2;1;B;519;0;382;10;41;108;2;84;18;0;31;57;1;30
227;Tafalla;2;1;C;492;0;379;3;40;94;2;119;13;0;34;46;2;26
227;Tafalla;2;1;D;472;0;372;6;41;124;3;75;13;2;32;48;2;26
227;Tafalla;2;2;A;423;0;334;5;35;92;5;70;11;1;36;55;2;22
227;Tafalla;2;2;B;519;0;373;10;53;80;8;88;23;1;29;51;3;27
227;Tafalla;2;2;C;411;0;303;5;37;102;7;63;10;3;15;39;0;22
227;Tafalla;2;3;A;588;0;406;9;52;81;14;114;13;2;21;74;0;26
227;Tafalla;2;3;B;545;0;382;6;57;84;7;112;14;2;21;55;0;24
228;Tiebas-Muruarte de Reta;1;1;U;474;0;370;1;9;159;5;70;35;4;17;42;4;24
229;Tirapu;1;1;U;58;0;38;0;2;18;0;3;6;0;0;3;1;5
230;Torralba del Río;1;1;U;129;0;112;1;4;68;2;16;5;0;6;9;0;1
231;Torres del Río;1;1;U;156;0;149;0;0;72;0;45;16;4;3;5;0;4
232;Tudela;1;1;A;541;0;359;11;6;164;24;108;16;5;6;13;0;6
232;Tudela;1;1;B;458;0;312;9;1;176;21;66;8;0;5;23;0;3
232;Tudela;1;2;A;488;0;353;6;9;171;27;82;11;1;7;34;3;2
232;Tudela;1;2;B;496;0;382;10;5;204;34;78;8;1;4;32;1;5
232;Tudela;1;3;U;464;0;329;3;15;184;27;53;9;3;5;22;1;7
232;Tudela;2;1;A;666;0;459;7;7;230;33;97;19;1;11;45;2;7
232;Tudela;2;1;B;824;0;590;23;5;294;44;126;25;6;6;50;0;11
232;Tudela;2;1;C;625;0;442;14;9;215;40;89;18;1;2;42;1;11
232;Tudela;2;2;A;605;0;409;8;11;234;20;69;19;1;9;29;0;9
232;Tudela;2;2;B;637;0;440;9;9;243;32;82;25;2;4;26;0;8
232;Tudela;2;3;A;504;0;357;12;6;229;7;40;28;4;4;21;0;6
232;Tudela;2;3;B;631;0;460;16;5;294;10;62;30;2;9;24;2;6
232;Tudela;2;4;A;586;0;425;6;14;214;36;87;20;5;5;25;1;12
232;Tudela;2;4;B;633;0;463;15;7;216;38;110;27;2;10;27;1;10
232;Tudela;2;5;U;650;0;465;12;3;294;26;63;31;1;5;25;1;4
232;Tudela;3;1;A;693;0;478;19;7;287;20;80;27;4;5;21;2;6
232;Tudela;3;1;B;713;0;524;15;6;313;25;88;36;5;2;27;3;4
232;Tudela;3;2;A;577;0;433;13;5;214;36;93;34;4;7;21;0;6
232;Tudela;3;2;B;622;0;474;10;10;227;31;125;22;0;11;32;1;5
232;Tudela;3;2;C;623;0;485;10;8;227;29;111;32;2;11;44;2;9
232;Tudela;3;3;A;603;0;425;6;8;224;30;101;21;6;6;17;1;5
232;Tudela;3;3;B;644;0;467;21;8;213;38;121;8;3;2;43;1;9
232;Tudela;3;4;A;543;0;405;15;3;245;22;75;20;3;2;18;0;2
232;Tudela;3;4;B;670;0;504;14;7;301;33;74;23;6;10;25;3;8
232;Tudela;3;4;C;556;0;413;10;1;246;21;85;20;2;5;19;0;4
232;Tudela;3;5;A;764;0;530;14;14;235;47;149;17;0;9;33;0;12
232;Tudela;3;5;B;799;0;569;18;17;257;45;152;20;0;4;42;3;11
232;Tudela;3;6;U;805;0;560;0;0;277;50;156;21;0;4;49;2;1
232;Tudela;4;1;U;764;0;547;20;15;264;37;134;29;3;10;25;4;6
232;Tudela;4;2;A;475;0;329;9;5;136;24;99;9;0;2;39;3;3
232;Tudela;4;2;B;536;0;376;14;11;128;34;142;7;1;2;30;1;6
232;Tudela;4;2;C;448;0;334;7;6;141;33;112;0;0;0;30;3;2
232;Tudela;4;3;A;446;0;343;4;7;161;32;87;6;3;2;29;1;11
232;Tudela;4;3;B;565;0;411;3;6;202;28;124;11;1;4;26;0;6
232;Tudela;4;3;C;531;0;411;9;11;188;43;115;11;1;2;20;1;10
232;Tudela;4;4;A;583;0;388;8;9;168;35;107;16;0;4;33;1;7
232;Tudela;4;4;B;624;0;446;7;3;184;39;151;13;2;1;39;0;7
232;Tudela;4;5;U;862;0;639;22;7;335;31;148;33;1;9;42;1;10
233;Tulebras;1;1;U;99;0;83;4;2;42;2;18;3;0;6;5;0;1
234;Ucar;1;1;U;122;0;87;2;2;41;1;15;7;0;7;12;0;0
235;Ujué;1;1;U;212;0;141;2;10;59;3;32;11;0;7;14;0;3
236;Ultzama;1;1;A;667;0;463;20;41;208;6;22;44;1;52;17;1;51
236;Ultzama;1;1;B;636;0;452;17;33;190;10;14;50;2;48;14;1;73
237;Unciti;1;1;U;193;0;135;0;3;64;0;23;18;1;6;11;3;6
238;Unzué;1;1;U;119;0;106;7;16;23;2;13;22;0;6;4;2;11
239;Urdazubi/Urdax;1;1;U;323;0;233;5;6;63;1;11;37;0;72;2;2;34
240;Urdiain;1;1;U;568;0;355;3;112;59;4;18;22;0;76;5;0;56
241;Urraul Alto;1;1;U;161;0;126;3;7;74;9;8;4;0;7;5;1;8
242;Urraul Bajo;1;1;U;271;0;196;3;13;91;9;21;10;2;8;11;0;28
243;Urroz;1;1;U;305;0;199;7;13;97;5;27;6;0;14;10;0;20
244;Urrotz;1;1;U;158;0;97;5;3;32;4;3;12;5;27;0;0;6
245;Urzainqui;1;1;U;100;0;80;4;5;22;6;2;31;0;4;0;0;6
246;Uterga;1;1;U;144;0;114;4;3;43;1;19;19;1;6;10;2;6
247;Uztárroz/Uztarroze;1;1;U;223;0;165;8;16;61;3;11;28;0;2;13;1;22
248;Luzaide/Valcarlos;1;1;U;365;0;226;3;14;91;2;23;21;1;26;12;0;33
249;Valtierra;1;1;A;612;0;506;13;10;150;2;247;57;0;2;22;2;1
249;Valtierra;1;1;B;516;0;425;10;5;157;8;159;65;0;4;15;0;2
249;Valtierra;2;1;A;462;0;375;4;5;85;1;236;22;0;3;19;0;0
249;Valtierra;2;1;B;443;0;373;9;1;95;1;211;33;0;2;19;0;2
250;Bera/Vera de Bidasoa;1;1;A;438;0;275;1;44;64;4;20;16;0;77;10;1;38
250;Bera/Vera de Bidasoa;1;1;B;593;0;365;5;60;74;7;43;13;0;102;17;2;42
250;Bera/Vera de Bidasoa;1;1;C;564;0;351;4;73;81;4;24;13;0;81;25;1;45
250;Bera/Vera de Bidasoa;1;2;U;609;0;358;3;74;62;5;13;16;2;118;12;1;52
250;Bera/Vera de Bidasoa;2;1;U;703;0;386;5;78;50;12;20;17;0;121;19;1;63
251;Viana;1;1;A;789;0;624;13;25;238;3;219;38;17;37;23;1;10
251;Viana;1;1;B;655;0;549;10;14;230;5;199;30;10;22;17;2;10
251;Viana;1;2;U;955;0;792;23;23;254;1;350;34;10;50;29;0;18
251;Viana;2;1;U;561;0;408;8;19;124;3;204;8;1;18;13;0;10
252;Vidángoz/Bidankoze;1;1;U;103;0;66;3;4;21;1;2;16;0;4;1;0;14
253;Bidaurreta;1;1;U;103;0;83;4;3;18;3;10;6;0;6;8;2;23
254;Villafranca;1;1;A;607;0;500;3;12;244;2;183;17;0;6;29;1;3
254;Villafranca;1;1;B;566;0;467;7;6;192;5;210;16;0;2;22;1;6
254;Villafranca;2;1;A;384;0;312;3;9;127;1;129;12;0;2;25;1;3
254;Villafranca;2;1;B;483;0;390;3;13;116;2;190;9;0;2;45;0;10
255;Villamayor de Monjardín;1;1;U;96;0;80;7;1;38;0;5;16;0;4;7;2;0
256;Hiriberri/Villanueva de Aezkoa;1;1;U;129;0;73;0;16;13;1;1;19;1;7;4;1;10
257;Villatuerta;1;1;U;737;0;594;23;21;211;14;110;59;5;37;73;3;38
258;Villava/Atarrabia;1;1;A;713;0;481;8;72;131;17;64;41;1;50;37;2;58
258;Villava/Atarrabia;1;1;B;677;0;411;5;58;125;14;56;30;1;38;32;1;51
258;Villava/Atarrabia;2;1;A;664;0;452;6;52;127;22;38;36;2;63;36;0;70
258;Villava/Atarrabia;2;1;B;629;0;444;3;53;114;28;45;36;0;57;45;3;60
258;Villava/Atarrabia;2;2;A;608;0;436;11;63;136;13;62;29;0;28;42;6;46
258;Villava/Atarrabia;2;2;B;624;0;435;3;53;125;13;60;41;2;23;45;5;65
258;Villava/Atarrabia;2;2;C;582;0;381;11;39;96;16;51;33;1;41;47;1;45
258;Villava/Atarrabia;2;3;A;787;0;541;15;57;159;24;60;37;5;67;52;0;65
258;Villava/Atarrabia;2;3;B;766;0;541;19;64;157;18;54;45;1;59;56;5;63
258;Villava/Atarrabia;2;4;A;776;0;576;14;68;140;24;92;42;4;65;62;4;61
258;Villava/Atarrabia;2;4;B;678;0;485;8;69;144;6;81;46;0;48;46;4;33
259;Igantzi;1;1;U;505;0;391;7;43;84;8;22;30;1;136;8;0;52
260;Yerri;1;1;A;533;0;358;7;33;180;8;36;28;0;25;19;1;21
260;Yerri;1;1;B;374;0;251;5;19;120;7;37;19;4;13;14;2;11
260;Yerri;1;1;C;384;0;242;5;38;87;5;24;30;0;18;8;0;27
261;Yesa;1;1;U;246;0;212;7;3;106;2;54;18;0;8;4;3;7
262;Zabalza;1;1;U;138;0;104;1;3;44;9;5;17;0;9;10;1;5
263;Zubieta;1;1;U;256;0;146;1;57;10;2;5;6;0;40;1;0;24
264;Zugarramurdi;1;1;U;203;0;152;5;7;49;3;10;18;0;40;8;1;11
265;Zúñiga;1;1;U;98;0;91;1;4;32;0;5;23;0;8;9;2;7
901;Barañain;1;1;A;540;0;364;6;16;133;11;86;30;2;16;31;0;33
901;Barañain;1;1;B;568;0;393;12;14;173;4;75;34;4;20;29;3;25
901;Barañain;1;2;A;604;0;407;11;18;158;5;78;39;0;17;40;3;38
901;Barañain;1;2;B;532;0;333;8;8;121;6;66;32;0;24;37;0;31
901;Barañain;1;3;A;765;0;497;11;18;185;14;101;39;0;29;59;1;40
901;Barañain;1;3;B;779;0;541;13;25;200;13;112;58;2;25;53;1;39
901;Barañain;1;4;A;623;0;429;17;26;141;9;96;34;0;23;43;2;38
901;Barañain;1;4;B;629;0;439;14;23;173;10;85;31;3;23;45;1;31
901;Barañain;1;4;C;554;0;403;11;12;154;7;80;36;1;20;43;3;36
901;Barañain;1;5;A;896;0;603;10;40;191;20;118;47;1;34;72;1;69
901;Barañain;1;5;B;820;0;556;15;38;173;19;113;52;1;27;59;4;55
901;Barañain;1;6;A;762;0;491;14;26;151;21;110;27;0;18;73;6;45
901;Barañain;1;6;B;763;0;513;7;31;136;17;133;29;2;17;93;2;46
901;Barañain;1;7;A;864;0;631;20;50;171;28;98;65;3;42;80;2;72
901;Barañain;1;7;B;776;0;548;17;42;147;24;95;55;2;36;66;2;62
901;Barañain;1;8;A;833;0;558;23;13;198;16;70;67;0;46;64;1;60
901;Barañain;1;8;B;815;0;541;13;9;189;17;87;54;2;39;69;2;60
901;Barañain;1;9;U;840;0;511;9;35;132;22;114;35;0;20;80;4;60
901;Barañain;1;10;A;619;0;441;14;26;106;23;106;34;0;40;47;1;44
901;Barañain;1;10;B;621;0;412;10;32;89;30;77;21;1;38;66;0;48
901;Barañain;1;10;C;570;0;365;12;27;98;21;62;26;1;32;48;2;36
901;Barañain;1;11;A;636;0;431;8;15;173;5;49;46;0;39;45;0;51
901;Barañain;1;11;B;623;0;426;13;10;173;9;55;60;2;28;42;2;32
902;Berrioplano;1;1;A;584;0;401;17;28;129;10;49;52;0;26;34;2;54
902;Berrioplano;1;1;B;634;0;476;13;33;191;6;47;47;2;32;53;2;50
903;Berriozar;1;1;A;570;0;345;6;51;69;22;56;42;0;14;41;0;44
903;Berriozar;1;1;B;685;0;457;5;56;112;29;119;35;4;15;33;1;48
903;Berriozar;1;1;C;538;0;333;4;50;69;25;67;26;0;8;32;0;52
903;Berriozar;1;2;A;669;0;444;7;77;72;21;99;76;0;14;48;1;29
903;Berriozar;1;2;B;664;0;429;4;61;90;35;127;56;0;0;29;2;25
903;Berriozar;1;3;A;585;0;376;6;49;91;9;86;32;1;6;49;3;44
903;Berriozar;1;3;B;641;0;426;6;55;106;22;92;35;0;11;45;1;53
903;Berriozar;1;3;C;595;0;382;5;28;108;16;105;27;1;9;44;1;38
903;Berriozar;1;3;D;697;0;457;7;57;106;26;101;51;0;18;42;8;41
904;Irurtzun;1;1;A;795;0;533;12;100;180;13;77;11;0;44;34;0;62
904;Irurtzun;1;1;B;797;0;534;13;79;205;10;71;22;1;32;30;1;70
905;Beriáin;1;1;A;641;0;468;5;5;160;12;150;17;0;10;84;3;22
905;Beriáin;1;1;B;706;0;493;11;9;140;9;173;20;0;10;92;6;23
905;Beriáin;1;2;U;896;0;574;12;13;224;15;110;61;1;13;87;5;33
906;Orcoyen;1;1;A;722;0;529;27;26;112;15;99;35;1;22;139;3;50
906;Orcoyen;1;1;B;605;0;461;11;17;126;9;100;25;1;8;128;6;30
907;Zizur Mayor/Zizur Nagusia;1;1;A;514;0;399;10;17;193;6;38;55;0;20;22;0;38
907;Zizur Mayor/Zizur Nagusia;1;1;B;538;0;386;10;14;187;6;46;50;0;15;23;2;33
907;Zizur Mayor/Zizur Nagusia;1;2;A;671;0;474;12;17;153;17;61;58;1;57;54;2;42
907;Zizur Mayor/Zizur Nagusia;1;2;B;717;0;479;5;29;185;22;50;54;1;41;49;3;40
907;Zizur Mayor/Zizur Nagusia;1;3;A;569;0;390;7;31;99;19;67;40;2;28;45;1;51
907;Zizur Mayor/Zizur Nagusia;1;3;B;604;0;397;0;28;96;20;76;58;1;17;65;0;36
907;Zizur Mayor/Zizur Nagusia;1;3;C;555;0;357;9;2;97;22;72;47;1;21;43;2;41
907;Zizur Mayor/Zizur Nagusia;1;4;A;613;0;421;10;35;149;18;51;34;2;32;42;5;43
907;Zizur Mayor/Zizur Nagusia;1;4;B;674;0;462;6;24;162;18;71;40;3;27;58;3;50
907;Zizur Mayor/Zizur Nagusia;1;4;C;569;0;391;9;29;133;15;46;37;1;45;44;2;30
907;Zizur Mayor/Zizur Nagusia;1;5;A;684;0;490;22;14;152;17;78;55;0;43;55;3;51
907;Zizur Mayor/Zizur Nagusia;1;5;B;738;0;520;12;20;167;15;77;49;3;57;61;5;54
907;Zizur Mayor/Zizur Nagusia;1;5;C;657;0;468;12;18;124;11;86;56;0;52;55;2;52
907;Zizur Mayor/Zizur Nagusia;1;6;U;571;0;399;11;24;106;24;73;30;0;22;54;4;51
908;Lekunberri;1;1;U;689;0;505;11;59;121;10;24;50;0;126;39;0;65
;C. E. R. A.;;;;12.161;;1.575;7;14;728;24;425;78;20;128;60;23;68
